time,unit_id,lat,lon,zone_id,status
2025-02-04 00:00:00,1,51.047,-114.054,G11_09,staged
2025-02-04 00:00:00,2,50.939,-114.082,G05_08,staged
2025-02-04 00:00:00,3,51.119,-114.054,G15_09,staged
2025-02-04 00:00:00,4,51.065,-113.97,G12_12,staged
2025-02-04 00:00:00,5,51.137,-114.194,G16_04,staged
2025-02-04 00:00:00,6,50.903,-113.97,G03_12,staged
2025-02-04 00:00:00,7,50.993,-114.082,G08_08,staged
2025-02-04 00:00:00,8,51.137,-113.97,G16_12,staged
2025-02-04 00:00:00,9,51.011,-113.998,G09_11,staged
2025-02-04 00:00:00,10,51.047,-114.138,G11_06,staged
2025-02-04 00:05:00,1,51.047,-114.054,G11_09,staged
2025-02-04 00:05:00,2,50.939,-114.082,G05_08,staged
2025-02-04 00:05:00,3,51.119,-114.054,G15_09,staged
2025-02-04 00:05:00,4,51.065,-113.97,G12_12,staged
2025-02-04 00:05:00,5,51.137,-114.194,G16_04,staged
2025-02-04 00:05:00,6,50.903,-113.97,G03_12,staged
2025-02-04 00:05:00,7,50.993,-114.082,G08_08,staged
2025-02-04 00:05:00,8,51.137,-113.97,G16_12,staged
2025-02-04 00:05:00,9,51.011,-113.998,G09_11,staged
2025-02-04 00:05:00,10,51.047,-114.138,G11_06,staged
2025-02-04 00:10:00,1,51.047,-114.054,G11_09,staged
2025-02-04 00:10:00,2,50.939,-114.082,G05_08,staged
2025-02-04 00:10:00,3,51.119,-114.054,G15_09,staged
2025-02-04 00:10:00,4,51.065,-113.97,G12_12,staged
2025-02-04 00:10:00,5,51.137,-114.194,G16_04,staged
2025-02-04 00:10:00,6,50.903,-113.97,G03_12,staged
2025-02-04 00:10:00,7,50.993,-114.082,G08_08,staged
2025-02-04 00:10:00,8,51.137,-113.97,G16_12,staged
2025-02-04 00:10:00,9,51.011,-113.998,G09_11,staged
2025-02-04 00:10:00,10,51.047,-114.138,G11_06,staged
2025-02-04 00:15:00,1,51.047,-114.054,G11_09,staged
2025-02-04 00:15:00,2,50.939,-114.082,G05_08,staged
2025-02-04 00:15:00,3,51.119,-114.054,G15_09,staged
2025-02-04 00:15:00,4,51.065,-113.97,G12_12,staged
2025-02-04 00:15:00,5,51.137,-114.194,G16_04,staged
2025-02-04 00:15:00,6,50.903,-113.97,G03_12,staged
2025-02-04 00:15:00,7,50.993,-114.082,G08_08,staged
2025-02-04 00:15:00,8,51.137,-113.97,G16_12,staged
2025-02-04 00:15:00,9,51.011,-113.998,G09_11,staged
2025-02-04 00:15:00,10,51.047,-114.138,G11_06,staged
2025-02-04 00:20:00,1,51.047,-114.054,G11_09,staged
2025-02-04 00:20:00,2,50.939,-114.082,G05_08,staged
2025-02-04 00:20:00,3,51.119,-114.054,G15_09,staged
2025-02-04 00:20:00,4,51.065,-113.97,G12_12,staged
2025-02-04 00:20:00,5,51.137,-114.194,G16_04,staged
2025-02-04 00:20:00,6,50.903,-113.97,G03_12,staged
2025-02-04 00:20:00,7,50.993,-114.082,G08_08,staged
2025-02-04 00:20:00,8,51.137,-113.97,G16_12,staged
2025-02-04 00:20:00,9,51.011,-113.998,G09_11,staged
2025-02-04 00:20:00,10,51.047,-114.138,G11_06,staged
2025-02-04 00:25:00,1,51.047,-114.054,G11_09,staged
2025-02-04 00:25:00,2,50.939,-114.082,G05_08,staged
2025-02-04 00:25:00,3,51.119,-114.054,G15_09,staged
2025-02-04 00:25:00,4,51.065,-113.97,G12_12,staged
2025-02-04 00:25:00,5,51.137,-114.194,G16_04,staged
2025-02-04 00:25:00,6,50.903,-113.97,G03_12,staged
2025-02-04 00:25:00,7,50.993,-114.082,G08_08,staged
2025-02-04 00:25:00,8,51.13263,-113.97087,G16_12,on_scene
2025-02-04 00:25:00,9,51.011,-113.998,G09_11,staged
2025-02-04 00:25:00,10,51.047,-114.138,G11_06,staged
2025-02-04 00:30:00,1,51.047,-114.054,G11_09,staged
2025-02-04 00:30:00,2,50.939,-114.082,G05_08,staged
2025-02-04 00:30:00,3,51.119,-114.054,G15_09,staged
2025-02-04 00:30:00,4,51.065,-113.97,G12_12,staged
2025-02-04 00:30:00,5,51.137,-114.194,G16_04,staged
2025-02-04 00:30:00,6,50.903,-113.97,G03_12,staged
2025-02-04 00:30:00,7,50.993,-114.082,G08_08,staged
2025-02-04 00:30:00,8,51.13263,-113.97087,G16_12,on_scene
2025-02-04 00:30:00,9,51.011,-113.998,G09_11,staged
2025-02-04 00:30:00,10,51.047,-114.138,G11_06,staged
2025-02-04 00:35:00,1,51.047,-114.054,G11_09,staged
2025-02-04 00:35:00,2,50.939,-114.082,G05_08,staged
2025-02-04 00:35:00,3,51.119,-114.054,G15_09,staged
2025-02-04 00:35:00,4,51.065,-113.97,G12_12,staged
2025-02-04 00:35:00,5,51.137,-114.194,G16_04,staged
2025-02-04 00:35:00,6,50.903,-113.97,G03_12,staged
2025-02-04 00:35:00,7,50.993,-114.082,G08_08,staged
2025-02-04 00:35:00,8,51.13263,-113.97087,G16_12,on_scene
2025-02-04 00:35:00,9,51.011,-113.998,G09_11,staged
2025-02-04 00:35:00,10,51.047,-114.138,G11_06,staged
2025-02-04 00:40:00,1,51.047,-114.054,G11_09,staged
2025-02-04 00:40:00,2,50.939,-114.082,G05_08,staged
2025-02-04 00:40:00,3,51.119,-114.054,G15_09,staged
2025-02-04 00:40:00,4,51.065,-113.97,G12_12,staged
2025-02-04 00:40:00,5,51.137,-114.194,G16_04,staged
2025-02-04 00:40:00,6,50.903,-113.97,G03_12,staged
2025-02-04 00:40:00,7,50.993,-114.082,G08_08,staged
2025-02-04 00:40:00,8,51.13263,-113.97087,G16_12,on_scene
2025-02-04 00:40:00,9,51.011,-113.998,G09_11,staged
2025-02-04 00:40:00,10,51.047,-114.138,G11_06,staged
2025-02-04 00:45:00,1,51.047,-114.054,G11_09,staged
2025-02-04 00:45:00,2,50.939,-114.082,G05_08,staged
2025-02-04 00:45:00,3,51.119,-114.054,G15_09,staged
2025-02-04 00:45:00,4,51.065,-113.97,G12_12,staged
2025-02-04 00:45:00,5,51.137,-114.194,G16_04,staged
2025-02-04 00:45:00,6,50.903,-113.97,G03_12,staged
2025-02-04 00:45:00,7,50.993,-114.082,G08_08,staged
2025-02-04 00:45:00,8,51.13263,-113.97087,G16_12,on_scene
2025-02-04 00:45:00,9,51.011,-113.998,G09_11,staged
2025-02-04 00:45:00,10,51.047,-114.138,G11_06,staged
2025-02-04 00:50:00,1,51.047,-114.054,G11_09,staged
2025-02-04 00:50:00,2,50.939,-114.082,G05_08,staged
2025-02-04 00:50:00,3,51.119,-114.054,G15_09,staged
2025-02-04 00:50:00,4,51.065,-113.97,G12_12,staged
2025-02-04 00:50:00,5,51.137,-114.194,G16_04,staged
2025-02-04 00:50:00,6,50.903,-113.97,G03_12,staged
2025-02-04 00:50:00,7,50.993,-114.082,G08_08,staged
2025-02-04 00:50:00,8,51.13263,-113.97087,G16_12,on_scene
2025-02-04 00:50:00,9,51.011,-113.998,G09_11,staged
2025-02-04 00:50:00,10,51.047,-114.138,G11_06,staged
2025-02-04 00:55:00,1,51.047,-114.054,G11_09,staged
2025-02-04 00:55:00,2,50.939,-114.082,G05_08,staged
2025-02-04 00:55:00,3,51.119,-114.054,G15_09,staged
2025-02-04 00:55:00,4,51.065,-113.97,G12_12,staged
2025-02-04 00:55:00,5,51.137,-114.194,G16_04,staged
2025-02-04 00:55:00,6,50.903,-113.97,G03_12,staged
2025-02-04 00:55:00,7,50.993,-114.082,G08_08,staged
2025-02-04 00:55:00,8,51.137,-113.97,G16_12,staged
2025-02-04 00:55:00,9,51.011,-113.998,G09_11,staged
2025-02-04 00:55:00,10,51.047,-114.138,G11_06,staged
2025-02-04 01:00:00,1,51.047,-114.054,G11_09,staged
2025-02-04 01:00:00,2,50.939,-114.082,G05_08,staged
2025-02-04 01:00:00,3,51.119,-114.054,G15_09,staged
2025-02-04 01:00:00,4,51.065,-113.97,G12_12,staged
2025-02-04 01:00:00,5,51.137,-114.194,G16_04,staged
2025-02-04 01:00:00,6,50.903,-113.97,G03_12,staged
2025-02-04 01:00:00,7,50.993,-114.082,G08_08,staged
2025-02-04 01:00:00,8,51.137,-113.97,G16_12,staged
2025-02-04 01:00:00,9,51.011,-113.998,G09_11,staged
2025-02-04 01:00:00,10,51.047,-114.138,G11_06,staged
2025-02-04 01:05:00,1,51.047,-114.054,G11_09,staged
2025-02-04 01:05:00,2,50.939,-114.082,G05_08,staged
2025-02-04 01:05:00,3,51.119,-114.054,G15_09,staged
2025-02-04 01:05:00,4,51.065,-113.97,G12_12,staged
2025-02-04 01:05:00,5,51.137,-114.194,G16_04,staged
2025-02-04 01:05:00,6,50.903,-113.97,G03_12,staged
2025-02-04 01:05:00,7,50.993,-114.082,G08_08,staged
2025-02-04 01:05:00,8,51.137,-113.97,G16_12,staged
2025-02-04 01:05:00,9,51.011,-113.998,G09_11,staged
2025-02-04 01:05:00,10,51.047,-114.138,G11_06,staged
2025-02-04 01:10:00,1,51.047,-114.054,G11_09,staged
2025-02-04 01:10:00,2,50.939,-114.082,G05_08,staged
2025-02-04 01:10:00,3,51.119,-114.054,G15_09,staged
2025-02-04 01:10:00,4,51.065,-113.97,G12_12,staged
2025-02-04 01:10:00,5,51.137,-114.194,G16_04,staged
2025-02-04 01:10:00,6,50.903,-113.97,G03_12,staged
2025-02-04 01:10:00,7,50.993,-114.082,G08_08,staged
2025-02-04 01:10:00,8,51.137,-113.97,G16_12,staged
2025-02-04 01:10:00,9,51.011,-113.998,G09_11,staged
2025-02-04 01:10:00,10,51.047,-114.138,G11_06,staged
2025-02-04 01:15:00,1,51.047,-114.054,G11_09,staged
2025-02-04 01:15:00,2,50.939,-114.082,G05_08,staged
2025-02-04 01:15:00,3,51.119,-114.054,G15_09,staged
2025-02-04 01:15:00,4,51.065,-113.97,G12_12,staged
2025-02-04 01:15:00,5,51.137,-114.194,G16_04,staged
2025-02-04 01:15:00,6,50.903,-113.97,G03_12,staged
2025-02-04 01:15:00,7,50.993,-114.082,G08_08,staged
2025-02-04 01:15:00,8,51.137,-113.97,G16_12,staged
2025-02-04 01:15:00,9,51.011,-113.998,G09_11,staged
2025-02-04 01:15:00,10,51.047,-114.138,G11_06,staged
2025-02-04 01:20:00,1,51.047,-114.054,G11_09,staged
2025-02-04 01:20:00,2,50.939,-114.082,G05_08,staged
2025-02-04 01:20:00,3,51.119,-114.054,G15_09,staged
2025-02-04 01:20:00,4,51.065,-113.97,G12_12,staged
2025-02-04 01:20:00,5,51.137,-114.194,G16_04,staged
2025-02-04 01:20:00,6,50.903,-113.97,G03_12,staged
2025-02-04 01:20:00,7,50.993,-114.082,G08_08,staged
2025-02-04 01:20:00,8,51.137,-113.97,G16_12,staged
2025-02-04 01:20:00,9,51.011,-113.998,G09_11,staged
2025-02-04 01:20:00,10,51.047,-114.138,G11_06,staged
2025-02-04 01:25:00,1,51.047,-114.054,G11_09,staged
2025-02-04 01:25:00,2,50.939,-114.082,G05_08,staged
2025-02-04 01:25:00,3,51.119,-114.054,G15_09,staged
2025-02-04 01:25:00,4,51.065,-113.97,G12_12,staged
2025-02-04 01:25:00,5,51.137,-114.194,G16_04,staged
2025-02-04 01:25:00,6,50.903,-113.97,G03_12,staged
2025-02-04 01:25:00,7,50.993,-114.082,G08_08,staged
2025-02-04 01:25:00,8,51.137,-113.97,G16_12,staged
2025-02-04 01:25:00,9,51.011,-113.998,G09_11,staged
2025-02-04 01:25:00,10,51.047,-114.138,G11_06,staged
2025-02-04 01:30:00,1,51.047,-114.054,G11_09,staged
2025-02-04 01:30:00,2,50.939,-114.082,G05_08,staged
2025-02-04 01:30:00,3,51.119,-114.054,G15_09,staged
2025-02-04 01:30:00,4,51.065,-113.97,G12_12,staged
2025-02-04 01:30:00,5,51.137,-114.194,G16_04,staged
2025-02-04 01:30:00,6,50.903,-113.97,G03_12,staged
2025-02-04 01:30:00,7,50.993,-114.082,G08_08,staged
2025-02-04 01:30:00,8,51.137,-113.97,G16_12,staged
2025-02-04 01:30:00,9,51.011,-113.998,G09_11,staged
2025-02-04 01:30:00,10,51.047,-114.138,G11_06,staged
2025-02-04 01:35:00,1,51.047,-114.054,G11_09,staged
2025-02-04 01:35:00,2,50.939,-114.082,G05_08,staged
2025-02-04 01:35:00,3,51.119,-114.054,G15_09,staged
2025-02-04 01:35:00,4,51.065,-113.97,G12_12,staged
2025-02-04 01:35:00,5,51.137,-114.194,G16_04,staged
2025-02-04 01:35:00,6,50.903,-113.97,G03_12,staged
2025-02-04 01:35:00,7,50.993,-114.082,G08_08,staged
2025-02-04 01:35:00,8,51.137,-113.97,G16_12,staged
2025-02-04 01:35:00,9,51.011,-113.998,G09_11,staged
2025-02-04 01:35:00,10,51.047,-114.138,G11_06,staged
2025-02-04 01:40:00,1,51.047,-114.054,G11_09,staged
2025-02-04 01:40:00,2,50.939,-114.082,G05_08,staged
2025-02-04 01:40:00,3,51.119,-114.054,G15_09,staged
2025-02-04 01:40:00,4,51.065,-113.97,G12_12,staged
2025-02-04 01:40:00,5,51.137,-114.194,G16_04,staged
2025-02-04 01:40:00,6,50.903,-113.97,G03_12,staged
2025-02-04 01:40:00,7,50.993,-114.082,G08_08,staged
2025-02-04 01:40:00,8,51.137,-113.97,G16_12,staged
2025-02-04 01:40:00,9,51.011,-113.998,G09_11,staged
2025-02-04 01:40:00,10,51.047,-114.138,G11_06,staged
2025-02-04 01:45:00,1,51.047,-114.054,G11_09,staged
2025-02-04 01:45:00,2,50.939,-114.082,G05_08,staged
2025-02-04 01:45:00,3,51.119,-114.054,G15_09,staged
2025-02-04 01:45:00,4,51.065,-113.97,G12_12,staged
2025-02-04 01:45:00,5,51.137,-114.194,G16_04,staged
2025-02-04 01:45:00,6,50.903,-113.97,G03_12,staged
2025-02-04 01:45:00,7,50.993,-114.082,G08_08,staged
2025-02-04 01:45:00,8,51.137,-113.97,G16_12,staged
2025-02-04 01:45:00,9,51.011,-113.998,G09_11,staged
2025-02-04 01:45:00,10,51.047,-114.138,G11_06,staged
2025-02-04 01:50:00,1,51.047,-114.054,G11_09,staged
2025-02-04 01:50:00,2,50.939,-114.082,G05_08,staged
2025-02-04 01:50:00,3,51.119,-114.054,G15_09,staged
2025-02-04 01:50:00,4,51.065,-113.97,G12_12,staged
2025-02-04 01:50:00,5,51.137,-114.194,G16_04,staged
2025-02-04 01:50:00,6,50.903,-113.97,G03_12,staged
2025-02-04 01:50:00,7,50.993,-114.082,G08_08,staged
2025-02-04 01:50:00,8,51.137,-113.97,G16_12,staged
2025-02-04 01:50:00,9,51.011,-113.998,G09_11,staged
2025-02-04 01:50:00,10,51.047,-114.138,G11_06,staged
2025-02-04 01:55:00,1,51.047,-114.054,G11_09,staged
2025-02-04 01:55:00,2,50.939,-114.082,G05_08,staged
2025-02-04 01:55:00,3,51.119,-114.054,G15_09,staged
2025-02-04 01:55:00,4,51.065,-113.97,G12_12,staged
2025-02-04 01:55:00,5,51.137,-114.194,G16_04,staged
2025-02-04 01:55:00,6,50.903,-113.97,G03_12,staged
2025-02-04 01:55:00,7,50.993,-114.082,G08_08,staged
2025-02-04 01:55:00,8,51.137,-113.97,G16_12,staged
2025-02-04 01:55:00,9,51.011,-113.998,G09_11,staged
2025-02-04 01:55:00,10,51.047,-114.138,G11_06,staged
2025-02-04 02:00:00,1,51.047,-114.054,G11_09,staged
2025-02-04 02:00:00,2,50.939,-114.082,G05_08,staged
2025-02-04 02:00:00,3,51.119,-114.054,G15_09,staged
2025-02-04 02:00:00,4,51.065,-113.97,G12_12,staged
2025-02-04 02:00:00,5,51.137,-114.194,G16_04,staged
2025-02-04 02:00:00,6,50.903,-113.97,G03_12,staged
2025-02-04 02:00:00,7,50.993,-114.082,G08_08,staged
2025-02-04 02:00:00,8,51.137,-113.97,G16_12,staged
2025-02-04 02:00:00,9,51.011,-113.998,G09_11,staged
2025-02-04 02:00:00,10,51.047,-114.138,G11_06,staged
2025-02-04 02:05:00,1,51.047,-114.054,G11_09,staged
2025-02-04 02:05:00,2,50.939,-114.082,G05_08,staged
2025-02-04 02:05:00,3,51.119,-114.054,G15_09,staged
2025-02-04 02:05:00,4,51.065,-113.97,G12_12,staged
2025-02-04 02:05:00,5,51.137,-114.194,G16_04,staged
2025-02-04 02:05:00,6,50.903,-113.97,G03_12,staged
2025-02-04 02:05:00,7,50.993,-114.082,G08_08,staged
2025-02-04 02:05:00,8,51.137,-113.97,G16_12,staged
2025-02-04 02:05:00,9,51.011,-113.998,G09_11,staged
2025-02-04 02:05:00,10,51.047,-114.138,G11_06,staged
2025-02-04 02:10:00,1,51.047,-114.054,G11_09,staged
2025-02-04 02:10:00,2,50.939,-114.082,G05_08,staged
2025-02-04 02:10:00,3,51.119,-114.054,G15_09,staged
2025-02-04 02:10:00,4,51.065,-113.97,G12_12,staged
2025-02-04 02:10:00,5,51.137,-114.194,G16_04,staged
2025-02-04 02:10:00,6,50.903,-113.97,G03_12,staged
2025-02-04 02:10:00,7,50.993,-114.082,G08_08,staged
2025-02-04 02:10:00,8,51.137,-113.97,G16_12,staged
2025-02-04 02:10:00,9,51.011,-113.998,G09_11,staged
2025-02-04 02:10:00,10,51.047,-114.138,G11_06,staged
2025-02-04 02:15:00,1,51.047,-114.054,G11_09,staged
2025-02-04 02:15:00,2,50.939,-114.082,G05_08,staged
2025-02-04 02:15:00,3,51.119,-114.054,G15_09,staged
2025-02-04 02:15:00,4,51.065,-113.97,G12_12,staged
2025-02-04 02:15:00,5,51.137,-114.194,G16_04,staged
2025-02-04 02:15:00,6,50.903,-113.97,G03_12,staged
2025-02-04 02:15:00,7,50.993,-114.082,G08_08,staged
2025-02-04 02:15:00,8,51.137,-113.97,G16_12,staged
2025-02-04 02:15:00,9,51.011,-113.998,G09_11,staged
2025-02-04 02:15:00,10,51.047,-114.138,G11_06,staged
2025-02-04 02:20:00,1,51.047,-114.054,G11_09,staged
2025-02-04 02:20:00,2,50.939,-114.082,G05_08,staged
2025-02-04 02:20:00,3,51.119,-114.054,G15_09,staged
2025-02-04 02:20:00,4,51.065,-113.97,G12_12,staged
2025-02-04 02:20:00,5,51.137,-114.194,G16_04,staged
2025-02-04 02:20:00,6,50.903,-113.97,G03_12,staged
2025-02-04 02:20:00,7,50.993,-114.082,G08_08,staged
2025-02-04 02:20:00,8,51.137,-113.97,G16_12,staged
2025-02-04 02:20:00,9,51.011,-113.998,G09_11,staged
2025-02-04 02:20:00,10,51.047,-114.138,G11_06,staged
2025-02-04 02:25:00,1,51.047,-114.054,G11_09,staged
2025-02-04 02:25:00,2,50.939,-114.082,G05_08,staged
2025-02-04 02:25:00,3,51.119,-114.054,G15_09,staged
2025-02-04 02:25:00,4,51.065,-113.97,G12_12,staged
2025-02-04 02:25:00,5,51.137,-114.194,G16_04,staged
2025-02-04 02:25:00,6,50.903,-113.97,G03_12,staged
2025-02-04 02:25:00,7,50.993,-114.082,G08_08,staged
2025-02-04 02:25:00,8,51.137,-113.97,G16_12,staged
2025-02-04 02:25:00,9,51.011,-113.998,G09_11,staged
2025-02-04 02:25:00,10,51.047,-114.138,G11_06,staged
2025-02-04 02:30:00,1,51.047,-114.054,G11_09,staged
2025-02-04 02:30:00,2,50.939,-114.082,G05_08,staged
2025-02-04 02:30:00,3,51.119,-114.054,G15_09,staged
2025-02-04 02:30:00,4,51.065,-113.97,G12_12,staged
2025-02-04 02:30:00,5,51.137,-114.194,G16_04,staged
2025-02-04 02:30:00,6,50.903,-113.97,G03_12,staged
2025-02-04 02:30:00,7,50.993,-114.082,G08_08,staged
2025-02-04 02:30:00,8,51.137,-113.97,G16_12,staged
2025-02-04 02:30:00,9,51.011,-113.998,G09_11,staged
2025-02-04 02:30:00,10,51.047,-114.138,G11_06,staged
2025-02-04 02:35:00,1,51.047,-114.054,G11_09,staged
2025-02-04 02:35:00,2,50.939,-114.082,G05_08,staged
2025-02-04 02:35:00,3,51.119,-114.054,G15_09,staged
2025-02-04 02:35:00,4,51.065,-113.97,G12_12,staged
2025-02-04 02:35:00,5,51.137,-114.194,G16_04,staged
2025-02-04 02:35:00,6,50.903,-113.97,G03_12,staged
2025-02-04 02:35:00,7,50.993,-114.082,G08_08,staged
2025-02-04 02:35:00,8,51.137,-113.97,G16_12,staged
2025-02-04 02:35:00,9,51.011,-113.998,G09_11,staged
2025-02-04 02:35:00,10,51.047,-114.138,G11_06,staged
2025-02-04 02:40:00,1,51.047,-114.054,G11_09,staged
2025-02-04 02:40:00,2,50.939,-114.082,G05_08,staged
2025-02-04 02:40:00,3,51.119,-114.054,G15_09,staged
2025-02-04 02:40:00,4,51.065,-113.97,G12_12,staged
2025-02-04 02:40:00,5,51.137,-114.194,G16_04,staged
2025-02-04 02:40:00,6,50.903,-113.97,G03_12,staged
2025-02-04 02:40:00,7,50.993,-114.082,G08_08,staged
2025-02-04 02:40:00,8,51.137,-113.97,G16_12,staged
2025-02-04 02:40:00,9,51.011,-113.998,G09_11,staged
2025-02-04 02:40:00,10,51.047,-114.138,G11_06,staged
2025-02-04 02:45:00,1,51.047,-114.054,G11_09,staged
2025-02-04 02:45:00,2,50.939,-114.082,G05_08,staged
2025-02-04 02:45:00,3,51.119,-114.054,G15_09,staged
2025-02-04 02:45:00,4,51.065,-113.97,G12_12,staged
2025-02-04 02:45:00,5,51.137,-114.194,G16_04,staged
2025-02-04 02:45:00,6,50.903,-113.97,G03_12,staged
2025-02-04 02:45:00,7,50.993,-114.082,G08_08,staged
2025-02-04 02:45:00,8,51.137,-113.97,G16_12,staged
2025-02-04 02:45:00,9,51.011,-113.998,G09_11,staged
2025-02-04 02:45:00,10,51.047,-114.138,G11_06,staged
2025-02-04 02:50:00,1,51.047,-114.054,G11_09,staged
2025-02-04 02:50:00,2,50.939,-114.082,G05_08,staged
2025-02-04 02:50:00,3,51.119,-114.054,G15_09,staged
2025-02-04 02:50:00,4,51.065,-113.97,G12_12,staged
2025-02-04 02:50:00,5,51.137,-114.194,G16_04,staged
2025-02-04 02:50:00,6,50.903,-113.97,G03_12,staged
2025-02-04 02:50:00,7,50.993,-114.082,G08_08,staged
2025-02-04 02:50:00,8,51.137,-113.97,G16_12,staged
2025-02-04 02:50:00,9,51.011,-113.998,G09_11,staged
2025-02-04 02:50:00,10,51.047,-114.138,G11_06,staged
2025-02-04 02:55:00,1,51.047,-114.054,G11_09,staged
2025-02-04 02:55:00,2,50.939,-114.082,G05_08,staged
2025-02-04 02:55:00,3,51.119,-114.054,G15_09,staged
2025-02-04 02:55:00,4,51.065,-113.97,G12_12,staged
2025-02-04 02:55:00,5,51.137,-114.194,G16_04,staged
2025-02-04 02:55:00,6,50.903,-113.97,G03_12,staged
2025-02-04 02:55:00,7,50.993,-114.082,G08_08,staged
2025-02-04 02:55:00,8,51.137,-113.97,G16_12,staged
2025-02-04 02:55:00,9,51.011,-113.998,G09_11,staged
2025-02-04 02:55:00,10,51.047,-114.138,G11_06,staged
2025-02-04 03:00:00,1,51.047,-114.054,G11_09,staged
2025-02-04 03:00:00,2,50.939,-114.082,G05_08,staged
2025-02-04 03:00:00,3,51.119,-114.054,G15_09,staged
2025-02-04 03:00:00,4,51.065,-113.97,G12_12,staged
2025-02-04 03:00:00,5,51.137,-114.194,G16_04,staged
2025-02-04 03:00:00,6,50.903,-113.97,G03_12,staged
2025-02-04 03:00:00,7,50.993,-114.082,G08_08,staged
2025-02-04 03:00:00,8,51.137,-113.97,G16_12,staged
2025-02-04 03:00:00,9,51.011,-113.998,G09_11,staged
2025-02-04 03:00:00,10,51.047,-114.138,G11_06,staged
2025-02-04 03:05:00,1,51.047,-114.054,G11_09,staged
2025-02-04 03:05:00,2,50.939,-114.082,G05_08,staged
2025-02-04 03:05:00,3,51.119,-114.054,G15_09,staged
2025-02-04 03:05:00,4,51.065,-113.97,G12_12,staged
2025-02-04 03:05:00,5,51.137,-114.194,G16_04,staged
2025-02-04 03:05:00,6,50.903,-113.97,G03_12,staged
2025-02-04 03:05:00,7,50.993,-114.082,G08_08,staged
2025-02-04 03:05:00,8,51.137,-113.97,G16_12,staged
2025-02-04 03:05:00,9,51.011,-113.998,G09_11,staged
2025-02-04 03:05:00,10,51.047,-114.138,G11_06,staged
2025-02-04 03:10:00,1,51.047,-114.054,G11_09,staged
2025-02-04 03:10:00,2,50.939,-114.082,G05_08,staged
2025-02-04 03:10:00,3,51.119,-114.054,G15_09,staged
2025-02-04 03:10:00,4,51.065,-113.97,G12_12,staged
2025-02-04 03:10:00,5,51.137,-114.194,G16_04,staged
2025-02-04 03:10:00,6,50.903,-113.97,G03_12,staged
2025-02-04 03:10:00,7,50.993,-114.082,G08_08,staged
2025-02-04 03:10:00,8,51.137,-113.97,G16_12,staged
2025-02-04 03:10:00,9,51.011,-113.998,G09_11,staged
2025-02-04 03:10:00,10,51.047,-114.138,G11_06,staged
2025-02-04 03:15:00,1,51.047,-114.054,G11_09,staged
2025-02-04 03:15:00,2,50.939,-114.082,G05_08,staged
2025-02-04 03:15:00,3,51.119,-114.054,G15_09,staged
2025-02-04 03:15:00,4,51.065,-113.97,G12_12,staged
2025-02-04 03:15:00,5,51.137,-114.194,G16_04,staged
2025-02-04 03:15:00,6,50.903,-113.97,G03_12,staged
2025-02-04 03:15:00,7,50.993,-114.082,G08_08,staged
2025-02-04 03:15:00,8,51.137,-113.97,G16_12,staged
2025-02-04 03:15:00,9,51.011,-113.998,G09_11,staged
2025-02-04 03:15:00,10,51.047,-114.138,G11_06,staged
2025-02-04 03:20:00,1,51.047,-114.054,G11_09,staged
2025-02-04 03:20:00,2,50.939,-114.082,G05_08,staged
2025-02-04 03:20:00,3,51.119,-114.054,G15_09,staged
2025-02-04 03:20:00,4,51.065,-113.97,G12_12,staged
2025-02-04 03:20:00,5,51.137,-114.194,G16_04,staged
2025-02-04 03:20:00,6,50.903,-113.97,G03_12,staged
2025-02-04 03:20:00,7,50.993,-114.082,G08_08,staged
2025-02-04 03:20:00,8,51.137,-113.97,G16_12,staged
2025-02-04 03:20:00,9,51.011,-113.998,G09_11,staged
2025-02-04 03:20:00,10,51.047,-114.138,G11_06,staged
2025-02-04 03:25:00,1,51.047,-114.054,G11_09,staged
2025-02-04 03:25:00,2,50.939,-114.082,G05_08,staged
2025-02-04 03:25:00,3,51.119,-114.054,G15_09,staged
2025-02-04 03:25:00,4,51.065,-113.97,G12_12,staged
2025-02-04 03:25:00,5,51.137,-114.194,G16_04,staged
2025-02-04 03:25:00,6,50.903,-113.97,G03_12,staged
2025-02-04 03:25:00,7,50.993,-114.082,G08_08,staged
2025-02-04 03:25:00,8,51.137,-113.97,G16_12,staged
2025-02-04 03:25:00,9,51.011,-113.998,G09_11,staged
2025-02-04 03:25:00,10,51.047,-114.138,G11_06,staged
2025-02-04 03:30:00,1,51.047,-114.054,G11_09,staged
2025-02-04 03:30:00,2,50.939,-114.082,G05_08,staged
2025-02-04 03:30:00,3,51.119,-114.054,G15_09,staged
2025-02-04 03:30:00,4,51.065,-113.97,G12_12,staged
2025-02-04 03:30:00,5,51.137,-114.194,G16_04,staged
2025-02-04 03:30:00,6,50.903,-113.97,G03_12,staged
2025-02-04 03:30:00,7,50.993,-114.082,G08_08,staged
2025-02-04 03:30:00,8,51.137,-113.97,G16_12,staged
2025-02-04 03:30:00,9,51.011,-113.998,G09_11,staged
2025-02-04 03:30:00,10,51.047,-114.138,G11_06,staged
2025-02-04 03:35:00,1,51.047,-114.054,G11_09,staged
2025-02-04 03:35:00,2,50.939,-114.082,G05_08,staged
2025-02-04 03:35:00,3,51.119,-114.054,G15_09,staged
2025-02-04 03:35:00,4,51.065,-113.97,G12_12,staged
2025-02-04 03:35:00,5,51.137,-114.194,G16_04,staged
2025-02-04 03:35:00,6,50.903,-113.97,G03_12,staged
2025-02-04 03:35:00,7,50.993,-114.082,G08_08,staged
2025-02-04 03:35:00,8,51.137,-113.97,G16_12,staged
2025-02-04 03:35:00,9,51.011,-113.998,G09_11,staged
2025-02-04 03:35:00,10,51.047,-114.138,G11_06,staged
2025-02-04 03:40:00,1,51.047,-114.054,G11_09,staged
2025-02-04 03:40:00,2,50.939,-114.082,G05_08,staged
2025-02-04 03:40:00,3,51.119,-114.054,G15_09,staged
2025-02-04 03:40:00,4,51.065,-113.97,G12_12,staged
2025-02-04 03:40:00,5,51.137,-114.194,G16_04,staged
2025-02-04 03:40:00,6,50.903,-113.97,G03_12,staged
2025-02-04 03:40:00,7,50.993,-114.082,G08_08,staged
2025-02-04 03:40:00,8,51.137,-113.97,G16_12,staged
2025-02-04 03:40:00,9,51.011,-113.998,G09_11,staged
2025-02-04 03:40:00,10,51.047,-114.138,G11_06,staged
2025-02-04 03:45:00,1,51.047,-114.054,G11_09,staged
2025-02-04 03:45:00,2,50.939,-114.082,G05_08,staged
2025-02-04 03:45:00,3,51.119,-114.054,G15_09,staged
2025-02-04 03:45:00,4,51.065,-113.97,G12_12,staged
2025-02-04 03:45:00,5,51.137,-114.194,G16_04,staged
2025-02-04 03:45:00,6,50.903,-113.97,G03_12,staged
2025-02-04 03:45:00,7,50.993,-114.082,G08_08,staged
2025-02-04 03:45:00,8,51.137,-113.97,G16_12,staged
2025-02-04 03:45:00,9,51.011,-113.998,G09_11,staged
2025-02-04 03:45:00,10,51.047,-114.138,G11_06,staged
2025-02-04 03:50:00,1,51.047,-114.054,G11_09,staged
2025-02-04 03:50:00,2,50.939,-114.082,G05_08,staged
2025-02-04 03:50:00,3,51.119,-114.054,G15_09,staged
2025-02-04 03:50:00,4,51.065,-113.97,G12_12,staged
2025-02-04 03:50:00,5,51.137,-114.194,G16_04,staged
2025-02-04 03:50:00,6,50.903,-113.97,G03_12,staged
2025-02-04 03:50:00,7,50.993,-114.082,G08_08,staged
2025-02-04 03:50:00,8,51.137,-113.97,G16_12,staged
2025-02-04 03:50:00,9,51.011,-113.998,G09_11,staged
2025-02-04 03:50:00,10,51.047,-114.138,G11_06,staged
2025-02-04 03:55:00,1,51.047,-114.054,G11_09,staged
2025-02-04 03:55:00,2,50.939,-114.082,G05_08,staged
2025-02-04 03:55:00,3,51.119,-114.054,G15_09,staged
2025-02-04 03:55:00,4,51.065,-113.97,G12_12,staged
2025-02-04 03:55:00,5,51.137,-114.194,G16_04,staged
2025-02-04 03:55:00,6,50.903,-113.97,G03_12,staged
2025-02-04 03:55:00,7,50.993,-114.082,G08_08,staged
2025-02-04 03:55:00,8,51.137,-113.97,G16_12,staged
2025-02-04 03:55:00,9,51.011,-113.998,G09_11,staged
2025-02-04 03:55:00,10,51.047,-114.138,G11_06,staged
2025-02-04 04:00:00,1,51.047,-114.054,G11_09,staged
2025-02-04 04:00:00,2,50.939,-114.082,G05_08,staged
2025-02-04 04:00:00,3,51.119,-114.054,G15_09,staged
2025-02-04 04:00:00,4,51.065,-113.97,G12_12,staged
2025-02-04 04:00:00,5,51.137,-114.194,G16_04,staged
2025-02-04 04:00:00,6,50.903,-113.97,G03_12,staged
2025-02-04 04:00:00,7,50.993,-114.082,G08_08,staged
2025-02-04 04:00:00,8,51.137,-113.97,G16_12,staged
2025-02-04 04:00:00,9,51.011,-113.998,G09_11,staged
2025-02-04 04:00:00,10,51.047,-114.138,G11_06,staged
2025-02-04 04:05:00,1,51.047,-114.054,G11_09,staged
2025-02-04 04:05:00,2,50.939,-114.082,G05_08,staged
2025-02-04 04:05:00,3,51.119,-114.054,G15_09,staged
2025-02-04 04:05:00,4,51.065,-113.97,G12_12,staged
2025-02-04 04:05:00,5,51.137,-114.194,G16_04,staged
2025-02-04 04:05:00,6,50.903,-113.97,G03_12,staged
2025-02-04 04:05:00,7,50.993,-114.082,G08_08,staged
2025-02-04 04:05:00,8,51.137,-113.97,G16_12,staged
2025-02-04 04:05:00,9,51.011,-113.998,G09_11,staged
2025-02-04 04:05:00,10,51.047,-114.138,G11_06,staged
2025-02-04 04:10:00,1,51.047,-114.054,G11_09,staged
2025-02-04 04:10:00,2,50.939,-114.082,G05_08,staged
2025-02-04 04:10:00,3,51.119,-114.054,G15_09,staged
2025-02-04 04:10:00,4,51.065,-113.97,G12_12,staged
2025-02-04 04:10:00,5,51.137,-114.194,G16_04,staged
2025-02-04 04:10:00,6,50.903,-113.97,G03_12,staged
2025-02-04 04:10:00,7,50.993,-114.082,G08_08,staged
2025-02-04 04:10:00,8,51.137,-113.97,G16_12,staged
2025-02-04 04:10:00,9,51.011,-113.998,G09_11,staged
2025-02-04 04:10:00,10,51.047,-114.138,G11_06,staged
2025-02-04 04:15:00,1,51.047,-114.054,G11_09,staged
2025-02-04 04:15:00,2,50.939,-114.082,G05_08,staged
2025-02-04 04:15:00,3,51.119,-114.054,G15_09,staged
2025-02-04 04:15:00,4,51.065,-113.97,G12_12,staged
2025-02-04 04:15:00,5,51.137,-114.194,G16_04,staged
2025-02-04 04:15:00,6,50.903,-113.97,G03_12,staged
2025-02-04 04:15:00,7,50.993,-114.082,G08_08,staged
2025-02-04 04:15:00,8,51.137,-113.97,G16_12,staged
2025-02-04 04:15:00,9,51.011,-113.998,G09_11,staged
2025-02-04 04:15:00,10,51.047,-114.138,G11_06,staged
2025-02-04 04:20:00,1,51.047,-114.054,G11_09,staged
2025-02-04 04:20:00,2,50.939,-114.082,G05_08,staged
2025-02-04 04:20:00,3,51.119,-114.054,G15_09,staged
2025-02-04 04:20:00,4,51.065,-113.97,G12_12,staged
2025-02-04 04:20:00,5,51.137,-114.194,G16_04,staged
2025-02-04 04:20:00,6,50.903,-113.97,G03_12,staged
2025-02-04 04:20:00,7,50.993,-114.082,G08_08,staged
2025-02-04 04:20:00,8,51.137,-113.97,G16_12,staged
2025-02-04 04:20:00,9,51.011,-113.998,G09_11,staged
2025-02-04 04:20:00,10,51.047,-114.138,G11_06,staged
2025-02-04 04:25:00,1,51.047,-114.054,G11_09,staged
2025-02-04 04:25:00,2,50.939,-114.082,G05_08,staged
2025-02-04 04:25:00,3,51.119,-114.054,G15_09,staged
2025-02-04 04:25:00,4,51.065,-113.97,G12_12,staged
2025-02-04 04:25:00,5,51.137,-114.194,G16_04,staged
2025-02-04 04:25:00,6,50.903,-113.97,G03_12,staged
2025-02-04 04:25:00,7,50.993,-114.082,G08_08,staged
2025-02-04 04:25:00,8,51.137,-113.97,G16_12,staged
2025-02-04 04:25:00,9,51.011,-113.998,G09_11,staged
2025-02-04 04:25:00,10,51.047,-114.138,G11_06,staged
2025-02-04 04:30:00,1,51.047,-114.054,G11_09,staged
2025-02-04 04:30:00,2,50.939,-114.082,G05_08,staged
2025-02-04 04:30:00,3,51.119,-114.054,G15_09,staged
2025-02-04 04:30:00,4,51.065,-113.97,G12_12,staged
2025-02-04 04:30:00,5,51.137,-114.194,G16_04,staged
2025-02-04 04:30:00,6,50.903,-113.97,G03_12,staged
2025-02-04 04:30:00,7,50.993,-114.082,G08_08,staged
2025-02-04 04:30:00,8,51.137,-113.97,G16_12,staged
2025-02-04 04:30:00,9,51.011,-113.998,G09_11,staged
2025-02-04 04:30:00,10,51.047,-114.138,G11_06,staged
2025-02-04 04:35:00,1,51.047,-114.054,G11_09,staged
2025-02-04 04:35:00,2,50.939,-114.082,G05_08,staged
2025-02-04 04:35:00,3,51.119,-114.054,G15_09,staged
2025-02-04 04:35:00,4,51.065,-113.97,G12_12,staged
2025-02-04 04:35:00,5,51.137,-114.194,G16_04,staged
2025-02-04 04:35:00,6,50.903,-113.97,G03_12,staged
2025-02-04 04:35:00,7,50.993,-114.082,G08_08,staged
2025-02-04 04:35:00,8,51.137,-113.97,G16_12,staged
2025-02-04 04:35:00,9,51.011,-113.998,G09_11,staged
2025-02-04 04:35:00,10,51.047,-114.138,G11_06,staged
2025-02-04 04:40:00,1,51.047,-114.054,G11_09,staged
2025-02-04 04:40:00,2,50.939,-114.082,G05_08,staged
2025-02-04 04:40:00,3,51.119,-114.054,G15_09,staged
2025-02-04 04:40:00,4,51.065,-113.97,G12_12,staged
2025-02-04 04:40:00,5,51.137,-114.194,G16_04,staged
2025-02-04 04:40:00,6,50.903,-113.97,G03_12,staged
2025-02-04 04:40:00,7,50.993,-114.082,G08_08,staged
2025-02-04 04:40:00,8,51.137,-113.97,G16_12,staged
2025-02-04 04:40:00,9,51.011,-113.998,G09_11,staged
2025-02-04 04:40:00,10,51.047,-114.138,G11_06,staged
2025-02-04 04:45:00,1,51.047,-114.054,G11_09,staged
2025-02-04 04:45:00,2,50.939,-114.082,G05_08,staged
2025-02-04 04:45:00,3,51.119,-114.054,G15_09,staged
2025-02-04 04:45:00,4,51.065,-113.97,G12_12,staged
2025-02-04 04:45:00,5,51.137,-114.194,G16_04,staged
2025-02-04 04:45:00,6,50.903,-113.97,G03_12,staged
2025-02-04 04:45:00,7,50.993,-114.082,G08_08,staged
2025-02-04 04:45:00,8,51.137,-113.97,G16_12,staged
2025-02-04 04:45:00,9,51.011,-113.998,G09_11,staged
2025-02-04 04:45:00,10,51.047,-114.138,G11_06,staged
2025-02-04 04:50:00,1,51.047,-114.054,G11_09,staged
2025-02-04 04:50:00,2,50.939,-114.082,G05_08,staged
2025-02-04 04:50:00,3,51.119,-114.054,G15_09,staged
2025-02-04 04:50:00,4,51.065,-113.97,G12_12,staged
2025-02-04 04:50:00,5,51.137,-114.194,G16_04,staged
2025-02-04 04:50:00,6,50.903,-113.97,G03_12,staged
2025-02-04 04:50:00,7,50.993,-114.082,G08_08,staged
2025-02-04 04:50:00,8,51.137,-113.97,G16_12,staged
2025-02-04 04:50:00,9,51.011,-113.998,G09_11,staged
2025-02-04 04:50:00,10,51.047,-114.138,G11_06,staged
2025-02-04 04:55:00,1,51.047,-114.054,G11_09,staged
2025-02-04 04:55:00,2,50.939,-114.082,G05_08,staged
2025-02-04 04:55:00,3,51.119,-114.054,G15_09,staged
2025-02-04 04:55:00,4,51.065,-113.97,G12_12,staged
2025-02-04 04:55:00,5,51.137,-114.194,G16_04,staged
2025-02-04 04:55:00,6,50.903,-113.97,G03_12,staged
2025-02-04 04:55:00,7,50.993,-114.082,G08_08,staged
2025-02-04 04:55:00,8,51.137,-113.97,G16_12,staged
2025-02-04 04:55:00,9,51.011,-113.998,G09_11,staged
2025-02-04 04:55:00,10,51.047,-114.138,G11_06,staged
2025-02-04 05:00:00,1,51.047,-114.054,G11_09,staged
2025-02-04 05:00:00,2,50.939,-114.082,G05_08,staged
2025-02-04 05:00:00,3,51.119,-114.054,G15_09,staged
2025-02-04 05:00:00,4,51.065,-113.97,G12_12,staged
2025-02-04 05:00:00,5,51.137,-114.194,G16_04,staged
2025-02-04 05:00:00,6,50.903,-113.97,G03_12,staged
2025-02-04 05:00:00,7,50.993,-114.082,G08_08,staged
2025-02-04 05:00:00,8,51.137,-113.97,G16_12,staged
2025-02-04 05:00:00,9,51.011,-113.998,G09_11,staged
2025-02-04 05:00:00,10,51.047,-114.138,G11_06,staged
2025-02-04 05:05:00,1,51.047,-114.054,G11_09,staged
2025-02-04 05:05:00,2,50.939,-114.082,G05_08,staged
2025-02-04 05:05:00,3,51.119,-114.054,G15_09,staged
2025-02-04 05:05:00,4,51.065,-113.97,G12_12,staged
2025-02-04 05:05:00,5,51.137,-114.194,G16_04,staged
2025-02-04 05:05:00,6,50.903,-113.97,G03_12,staged
2025-02-04 05:05:00,7,50.993,-114.082,G08_08,staged
2025-02-04 05:05:00,8,51.137,-113.97,G16_12,staged
2025-02-04 05:05:00,9,51.011,-113.998,G09_11,staged
2025-02-04 05:05:00,10,51.047,-114.138,G11_06,staged
2025-02-04 05:10:00,1,51.047,-114.054,G11_09,staged
2025-02-04 05:10:00,2,50.939,-114.082,G05_08,staged
2025-02-04 05:10:00,3,51.119,-114.054,G15_09,staged
2025-02-04 05:10:00,4,51.065,-113.97,G12_12,staged
2025-02-04 05:10:00,5,51.137,-114.194,G16_04,staged
2025-02-04 05:10:00,6,50.903,-113.97,G03_12,staged
2025-02-04 05:10:00,7,50.993,-114.082,G08_08,staged
2025-02-04 05:10:00,8,51.137,-113.97,G16_12,staged
2025-02-04 05:10:00,9,51.011,-113.998,G09_11,staged
2025-02-04 05:10:00,10,51.047,-114.138,G11_06,staged
2025-02-04 05:15:00,1,51.047,-114.054,G11_09,staged
2025-02-04 05:15:00,2,50.939,-114.082,G05_08,staged
2025-02-04 05:15:00,3,51.119,-114.054,G15_09,staged
2025-02-04 05:15:00,4,51.065,-113.97,G12_12,staged
2025-02-04 05:15:00,5,51.137,-114.194,G16_04,staged
2025-02-04 05:15:00,6,50.903,-113.97,G03_12,staged
2025-02-04 05:15:00,7,50.993,-114.082,G08_08,staged
2025-02-04 05:15:00,8,51.137,-113.97,G16_12,staged
2025-02-04 05:15:00,9,51.011,-113.998,G09_11,staged
2025-02-04 05:15:00,10,51.047,-114.138,G11_06,staged
2025-02-04 05:20:00,1,51.047,-114.054,G11_09,staged
2025-02-04 05:20:00,2,50.939,-114.082,G05_08,staged
2025-02-04 05:20:00,3,51.119,-114.054,G15_09,staged
2025-02-04 05:20:00,4,51.065,-113.97,G12_12,staged
2025-02-04 05:20:00,5,51.137,-114.194,G16_04,staged
2025-02-04 05:20:00,6,50.903,-113.97,G03_12,staged
2025-02-04 05:20:00,7,50.993,-114.082,G08_08,staged
2025-02-04 05:20:00,8,51.137,-113.97,G16_12,staged
2025-02-04 05:20:00,9,51.011,-113.998,G09_11,staged
2025-02-04 05:20:00,10,51.047,-114.138,G11_06,staged
2025-02-04 05:25:00,1,51.047,-114.054,G11_09,staged
2025-02-04 05:25:00,2,50.939,-114.082,G05_08,staged
2025-02-04 05:25:00,3,51.119,-114.054,G15_09,staged
2025-02-04 05:25:00,4,51.065,-113.97,G12_12,staged
2025-02-04 05:25:00,5,51.137,-114.194,G16_04,staged
2025-02-04 05:25:00,6,50.903,-113.97,G03_12,staged
2025-02-04 05:25:00,7,50.993,-114.082,G08_08,staged
2025-02-04 05:25:00,8,51.137,-113.97,G16_12,staged
2025-02-04 05:25:00,9,51.011,-113.998,G09_11,staged
2025-02-04 05:25:00,10,51.047,-114.138,G11_06,staged
2025-02-04 05:30:00,1,51.047,-114.054,G11_09,staged
2025-02-04 05:30:00,2,50.939,-114.082,G05_08,staged
2025-02-04 05:30:00,3,51.119,-114.054,G15_09,staged
2025-02-04 05:30:00,4,51.065,-113.97,G12_12,staged
2025-02-04 05:30:00,5,51.137,-114.194,G16_04,staged
2025-02-04 05:30:00,6,50.903,-113.97,G03_12,staged
2025-02-04 05:30:00,7,50.993,-114.082,G08_08,staged
2025-02-04 05:30:00,8,51.137,-113.97,G16_12,staged
2025-02-04 05:30:00,9,51.011,-113.998,G09_11,staged
2025-02-04 05:30:00,10,51.047,-114.138,G11_06,staged
2025-02-04 05:35:00,1,51.047,-114.054,G11_09,staged
2025-02-04 05:35:00,2,50.939,-114.082,G05_08,staged
2025-02-04 05:35:00,3,51.119,-114.054,G15_09,staged
2025-02-04 05:35:00,4,51.065,-113.97,G12_12,staged
2025-02-04 05:35:00,5,51.137,-114.194,G16_04,staged
2025-02-04 05:35:00,6,50.903,-113.97,G03_12,staged
2025-02-04 05:35:00,7,50.993,-114.082,G08_08,staged
2025-02-04 05:35:00,8,51.137,-113.97,G16_12,staged
2025-02-04 05:35:00,9,51.011,-113.998,G09_11,staged
2025-02-04 05:35:00,10,51.047,-114.138,G11_06,staged
2025-02-04 05:40:00,1,51.047,-114.054,G11_09,staged
2025-02-04 05:40:00,2,50.939,-114.082,G05_08,staged
2025-02-04 05:40:00,3,51.119,-114.054,G15_09,staged
2025-02-04 05:40:00,4,51.065,-113.97,G12_12,staged
2025-02-04 05:40:00,5,51.137,-114.194,G16_04,staged
2025-02-04 05:40:00,6,50.903,-113.97,G03_12,staged
2025-02-04 05:40:00,7,50.993,-114.082,G08_08,staged
2025-02-04 05:40:00,8,51.137,-113.97,G16_12,staged
2025-02-04 05:40:00,9,51.011,-113.998,G09_11,staged
2025-02-04 05:40:00,10,51.047,-114.138,G11_06,staged
2025-02-04 05:45:00,1,51.047,-114.054,G11_09,staged
2025-02-04 05:45:00,2,50.939,-114.082,G05_08,staged
2025-02-04 05:45:00,3,51.119,-114.054,G15_09,staged
2025-02-04 05:45:00,4,51.065,-113.97,G12_12,staged
2025-02-04 05:45:00,5,51.137,-114.194,G16_04,staged
2025-02-04 05:45:00,6,50.903,-113.97,G03_12,staged
2025-02-04 05:45:00,7,50.993,-114.082,G08_08,staged
2025-02-04 05:45:00,8,51.137,-113.97,G16_12,staged
2025-02-04 05:45:00,9,51.011,-113.998,G09_11,staged
2025-02-04 05:45:00,10,51.047,-114.138,G11_06,staged
2025-02-04 05:50:00,1,51.047,-114.054,G11_09,staged
2025-02-04 05:50:00,2,50.939,-114.082,G05_08,staged
2025-02-04 05:50:00,3,51.119,-114.054,G15_09,staged
2025-02-04 05:50:00,4,51.065,-113.97,G12_12,staged
2025-02-04 05:50:00,5,51.137,-114.194,G16_04,staged
2025-02-04 05:50:00,6,50.903,-113.97,G03_12,staged
2025-02-04 05:50:00,7,50.993,-114.082,G08_08,staged
2025-02-04 05:50:00,8,51.137,-113.97,G16_12,staged
2025-02-04 05:50:00,9,51.011,-113.998,G09_11,staged
2025-02-04 05:50:00,10,51.047,-114.138,G11_06,staged
2025-02-04 05:55:00,1,51.047,-114.054,G11_09,staged
2025-02-04 05:55:00,2,50.939,-114.082,G05_08,staged
2025-02-04 05:55:00,3,51.119,-114.054,G15_09,staged
2025-02-04 05:55:00,4,51.065,-113.97,G12_12,staged
2025-02-04 05:55:00,5,51.137,-114.194,G16_04,staged
2025-02-04 05:55:00,6,50.903,-113.97,G03_12,staged
2025-02-04 05:55:00,7,50.993,-114.082,G08_08,staged
2025-02-04 05:55:00,8,51.137,-113.97,G16_12,staged
2025-02-04 05:55:00,9,51.011,-113.998,G09_11,staged
2025-02-04 05:55:00,10,51.047,-114.138,G11_06,staged
2025-02-04 06:00:00,1,51.047,-114.054,G11_09,staged
2025-02-04 06:00:00,2,50.939,-114.082,G05_08,staged
2025-02-04 06:00:00,3,51.119,-114.054,G15_09,staged
2025-02-04 06:00:00,4,51.065,-113.97,G12_12,staged
2025-02-04 06:00:00,5,51.137,-114.194,G16_04,staged
2025-02-04 06:00:00,6,50.903,-113.97,G03_12,staged
2025-02-04 06:00:00,7,50.993,-114.082,G08_08,staged
2025-02-04 06:00:00,8,51.137,-113.97,G16_12,staged
2025-02-04 06:00:00,9,51.011,-113.998,G09_11,staged
2025-02-04 06:00:00,10,51.047,-114.138,G11_06,staged
2025-02-04 06:05:00,1,51.047,-114.054,G11_09,staged
2025-02-04 06:05:00,2,50.939,-114.082,G05_08,staged
2025-02-04 06:05:00,3,51.119,-114.054,G15_09,staged
2025-02-04 06:05:00,4,51.065,-113.97,G12_12,staged
2025-02-04 06:05:00,5,51.137,-114.194,G16_04,staged
2025-02-04 06:05:00,6,50.903,-113.97,G03_12,staged
2025-02-04 06:05:00,7,50.993,-114.082,G08_08,staged
2025-02-04 06:05:00,8,51.137,-113.97,G16_12,staged
2025-02-04 06:05:00,9,51.011,-113.998,G09_11,staged
2025-02-04 06:05:00,10,51.047,-114.138,G11_06,staged
2025-02-04 06:10:00,1,51.047,-114.054,G11_09,staged
2025-02-04 06:10:00,2,50.939,-114.082,G05_08,staged
2025-02-04 06:10:00,3,51.119,-114.054,G15_09,staged
2025-02-04 06:10:00,4,51.065,-113.97,G12_12,staged
2025-02-04 06:10:00,5,51.137,-114.194,G16_04,staged
2025-02-04 06:10:00,6,50.903,-113.97,G03_12,staged
2025-02-04 06:10:00,7,50.993,-114.082,G08_08,staged
2025-02-04 06:10:00,8,51.137,-113.97,G16_12,staged
2025-02-04 06:10:00,9,51.011,-113.998,G09_11,staged
2025-02-04 06:10:00,10,51.047,-114.138,G11_06,staged
2025-02-04 06:15:00,1,51.047,-114.054,G11_09,staged
2025-02-04 06:15:00,2,50.939,-114.082,G05_08,staged
2025-02-04 06:15:00,3,51.119,-114.054,G15_09,staged
2025-02-04 06:15:00,4,51.065,-113.97,G12_12,staged
2025-02-04 06:15:00,5,51.137,-114.194,G16_04,staged
2025-02-04 06:15:00,6,50.903,-113.97,G03_12,staged
2025-02-04 06:15:00,7,50.993,-114.082,G08_08,staged
2025-02-04 06:15:00,8,51.137,-113.97,G16_12,staged
2025-02-04 06:15:00,9,51.011,-113.998,G09_11,staged
2025-02-04 06:15:00,10,51.047,-114.138,G11_06,staged
2025-02-04 06:20:00,1,51.047,-114.054,G11_09,staged
2025-02-04 06:20:00,2,50.939,-114.082,G05_08,staged
2025-02-04 06:20:00,3,51.119,-114.054,G15_09,staged
2025-02-04 06:20:00,4,51.065,-113.97,G12_12,staged
2025-02-04 06:20:00,5,51.137,-114.194,G16_04,staged
2025-02-04 06:20:00,6,50.903,-113.97,G03_12,staged
2025-02-04 06:20:00,7,50.993,-114.082,G08_08,staged
2025-02-04 06:20:00,8,51.137,-113.97,G16_12,staged
2025-02-04 06:20:00,9,51.011,-113.998,G09_11,staged
2025-02-04 06:20:00,10,51.047,-114.138,G11_06,staged
2025-02-04 06:25:00,1,51.047,-114.054,G11_09,staged
2025-02-04 06:25:00,2,50.939,-114.082,G05_08,staged
2025-02-04 06:25:00,3,51.119,-114.054,G15_09,staged
2025-02-04 06:25:00,4,51.065,-113.97,G12_12,staged
2025-02-04 06:25:00,5,51.137,-114.194,G16_04,staged
2025-02-04 06:25:00,6,50.903,-113.97,G03_12,staged
2025-02-04 06:25:00,7,50.993,-114.082,G08_08,staged
2025-02-04 06:25:00,8,51.137,-113.97,G16_12,staged
2025-02-04 06:25:00,9,51.011,-113.998,G09_11,staged
2025-02-04 06:25:00,10,51.047,-114.138,G11_06,staged
2025-02-04 06:30:00,1,51.047,-114.054,G11_09,staged
2025-02-04 06:30:00,2,50.939,-114.082,G05_08,staged
2025-02-04 06:30:00,3,51.119,-114.054,G15_09,staged
2025-02-04 06:30:00,4,51.065,-113.97,G12_12,staged
2025-02-04 06:30:00,5,51.137,-114.194,G16_04,staged
2025-02-04 06:30:00,6,50.903,-113.97,G03_12,staged
2025-02-04 06:30:00,7,50.993,-114.082,G08_08,staged
2025-02-04 06:30:00,8,51.137,-113.97,G16_12,staged
2025-02-04 06:30:00,9,51.011,-113.998,G09_11,staged
2025-02-04 06:30:00,10,51.047,-114.138,G11_06,staged
2025-02-04 06:35:00,1,51.047,-114.054,G11_09,staged
2025-02-04 06:35:00,2,50.939,-114.082,G05_08,staged
2025-02-04 06:35:00,3,51.119,-114.054,G15_09,staged
2025-02-04 06:35:00,4,51.065,-113.97,G12_12,staged
2025-02-04 06:35:00,5,51.137,-114.194,G16_04,staged
2025-02-04 06:35:00,6,50.903,-113.97,G03_12,staged
2025-02-04 06:35:00,7,50.993,-114.082,G08_08,staged
2025-02-04 06:35:00,8,51.137,-113.97,G16_12,staged
2025-02-04 06:35:00,9,51.00015,-113.97853,G08_12,responding
2025-02-04 06:35:00,10,51.047,-114.138,G11_06,staged
2025-02-04 06:40:00,1,51.04888,-114.04895,G11_09,responding
2025-02-04 06:40:00,2,50.939,-114.082,G05_08,staged
2025-02-04 06:40:00,3,51.119,-114.054,G15_09,staged
2025-02-04 06:40:00,4,51.0649,-113.97587,G12_12,responding
2025-02-04 06:40:00,5,51.137,-114.194,G16_04,staged
2025-02-04 06:40:00,6,50.903,-113.97,G03_12,staged
2025-02-04 06:40:00,7,50.993,-114.082,G08_08,staged
2025-02-04 06:40:00,8,51.137,-113.97,G16_12,staged
2025-02-04 06:40:00,9,50.98486,-113.9511,G08_13,responding
2025-02-04 06:40:00,10,51.047,-114.138,G11_06,staged
2025-02-04 06:45:00,1,51.0586,-114.0228,G12_10,on_scene
2025-02-04 06:45:00,2,50.939,-114.082,G05_08,staged
2025-02-04 06:45:00,3,51.119,-114.054,G15_09,staged
2025-02-04 06:45:00,4,51.06425,-114.01255,G12_10,responding
2025-02-04 06:45:00,5,51.137,-114.194,G16_04,staged
2025-02-04 06:45:00,6,50.903,-113.97,G03_12,staged
2025-02-04 06:45:00,7,50.993,-114.082,G08_08,staged
2025-02-04 06:45:00,8,51.137,-113.97,G16_12,staged
2025-02-04 06:45:00,9,50.97607,-113.93533,G07_13,on_scene
2025-02-04 06:45:00,10,51.05276,-114.13781,G11_06,responding
2025-02-04 06:50:00,1,51.0586,-114.0228,G12_10,on_scene
2025-02-04 06:50:00,2,50.939,-114.082,G05_08,staged
2025-02-04 06:50:00,3,51.119,-114.054,G15_09,staged
2025-02-04 06:50:00,4,51.06401,-114.02636,G12_10,on_scene
2025-02-04 06:50:00,5,51.137,-114.194,G16_04,staged
2025-02-04 06:50:00,6,50.903,-113.97,G03_12,staged
2025-02-04 06:50:00,7,50.993,-114.082,G08_08,staged
2025-02-04 06:50:00,8,51.137,-113.97,G16_12,staged
2025-02-04 06:50:00,9,50.97607,-113.93533,G07_13,on_scene
2025-02-04 06:50:00,10,51.07582,-114.13707,G13_06,responding
2025-02-04 06:55:00,1,51.0586,-114.0228,G12_10,on_scene
2025-02-04 06:55:00,2,50.939,-114.082,G05_08,staged
2025-02-04 06:55:00,3,51.119,-114.054,G15_09,staged
2025-02-04 06:55:00,4,51.06401,-114.02636,G12_10,on_scene
2025-02-04 06:55:00,5,51.137,-114.194,G16_04,staged
2025-02-04 06:55:00,6,50.903,-113.97,G03_12,staged
2025-02-04 06:55:00,7,50.993,-114.082,G08_08,staged
2025-02-04 06:55:00,8,51.13183,-113.9647,G16_12,responding
2025-02-04 06:55:00,9,50.97607,-113.93533,G07_13,on_scene
2025-02-04 06:55:00,10,51.09034,-114.13661,G13_06,on_scene
2025-02-04 07:00:00,1,51.0586,-114.0228,G12_10,on_scene
2025-02-04 07:00:00,2,50.939,-114.082,G05_08,staged
2025-02-04 07:00:00,3,51.119,-114.054,G15_09,staged
2025-02-04 07:00:00,4,51.06401,-114.02636,G12_10,on_scene
2025-02-04 07:00:00,5,51.137,-114.194,G16_04,staged
2025-02-04 07:00:00,6,50.903,-113.97,G03_12,staged
2025-02-04 07:00:00,7,50.993,-114.082,G08_08,staged
2025-02-04 07:00:00,8,51.11243,-113.94483,G15_13,responding
2025-02-04 07:00:00,9,50.97607,-113.93533,G07_13,on_scene
2025-02-04 07:00:00,10,51.09034,-114.13661,G13_06,on_scene
2025-02-04 07:05:00,1,51.0586,-114.0228,G12_10,on_scene
2025-02-04 07:05:00,2,50.93235,-114.11022,G05_07,responding
2025-02-04 07:05:00,3,51.119,-114.054,G15_09,staged
2025-02-04 07:05:00,4,51.06401,-114.02636,G12_10,on_scene
2025-02-04 07:05:00,5,51.137,-114.194,G16_04,staged
2025-02-04 07:05:00,6,50.903,-113.97,G03_12,staged
2025-02-04 07:05:00,7,50.993,-114.082,G08_08,staged
2025-02-04 07:05:00,8,51.09304,-113.92496,G14_14,responding
2025-02-04 07:05:00,9,50.97607,-113.93533,G07_13,on_scene
2025-02-04 07:05:00,10,51.09034,-114.13661,G13_06,on_scene
2025-02-04 07:10:00,1,51.0586,-114.0228,G12_10,on_scene
2025-02-04 07:10:00,2,50.92563,-114.13873,G04_06,on_scene
2025-02-04 07:10:00,3,51.119,-114.054,G15_09,staged
2025-02-04 07:10:00,4,51.06401,-114.02636,G12_10,on_scene
2025-02-04 07:10:00,5,51.137,-114.194,G16_04,staged
2025-02-04 07:10:00,6,50.903,-113.97,G03_12,staged
2025-02-04 07:10:00,7,50.993,-114.082,G08_08,staged
2025-02-04 07:10:00,8,51.08796,-113.91976,G13_14,on_scene
2025-02-04 07:10:00,9,50.97607,-113.93533,G07_13,on_scene
2025-02-04 07:10:00,10,51.09034,-114.13661,G13_06,on_scene
2025-02-04 07:15:00,1,51.05658,-114.02822,G12_10,returning
2025-02-04 07:15:00,2,50.92563,-114.13873,G04_06,on_scene
2025-02-04 07:15:00,3,51.119,-114.054,G15_09,staged
2025-02-04 07:15:00,4,51.06401,-114.02636,G12_10,on_scene
2025-02-04 07:15:00,5,51.137,-114.194,G16_04,staged
2025-02-04 07:15:00,6,50.903,-113.97,G03_12,staged
2025-02-04 07:15:00,7,50.993,-114.082,G08_08,staged
2025-02-04 07:15:00,8,51.08796,-113.91976,G13_14,on_scene
2025-02-04 07:15:00,9,50.98257,-113.947,G07_13,returning
2025-02-04 07:15:00,10,51.09034,-114.13661,G13_06,on_scene
2025-02-04 07:20:00,1,51.047,-114.054,G11_09,staged
2025-02-04 07:20:00,2,50.92563,-114.13873,G04_06,on_scene
2025-02-04 07:20:00,3,51.119,-114.054,G15_09,staged
2025-02-04 07:20:00,4,51.06441,-114.00349,G12_11,returning
2025-02-04 07:20:00,5,51.137,-114.194,G16_04,staged
2025-02-04 07:20:00,6,50.903,-113.97,G03_12,staged
2025-02-04 07:20:00,7,50.993,-114.082,G08_08,staged
2025-02-04 07:20:00,8,51.08796,-113.91976,G13_14,on_scene
2025-02-04 07:20:00,9,50.99786,-113.97443,G08_12,returning
2025-02-04 07:20:00,10,51.09034,-114.13661,G13_06,on_scene
2025-02-04 07:25:00,1,51.047,-114.054,G11_09,staged
2025-02-04 07:25:00,2,50.92563,-114.13873,G04_06,on_scene
2025-02-04 07:25:00,3,51.119,-114.054,G15_09,staged
2025-02-04 07:25:00,4,51.065,-113.97,G12_12,staged
2025-02-04 07:25:00,5,51.137,-114.194,G16_04,staged
2025-02-04 07:25:00,6,50.903,-113.97,G03_12,staged
2025-02-04 07:25:00,7,50.993,-114.082,G08_08,staged
2025-02-04 07:25:00,8,51.08796,-113.91976,G13_14,on_scene
2025-02-04 07:25:00,9,51.011,-113.998,G09_11,staged
2025-02-04 07:25:00,10,51.08181,-114.13688,G13_06,returning
2025-02-04 07:30:00,1,51.047,-114.054,G11_09,staged
2025-02-04 07:30:00,2,50.92563,-114.13873,G04_06,on_scene
2025-02-04 07:30:00,3,51.119,-114.054,G15_09,staged
2025-02-04 07:30:00,4,51.065,-113.97,G12_12,staged
2025-02-04 07:30:00,5,51.137,-114.194,G16_04,staged
2025-02-04 07:30:00,6,50.903,-113.97,G03_12,staged
2025-02-04 07:30:00,7,50.993,-114.082,G08_08,staged
2025-02-04 07:30:00,8,51.08796,-113.91976,G13_14,on_scene
2025-02-04 07:30:00,9,51.01179,-113.9943,G09_11,responding
2025-02-04 07:30:00,10,51.05876,-114.13762,G12_06,returning
2025-02-04 07:35:00,1,51.047,-114.054,G11_09,staged
2025-02-04 07:35:00,2,50.92563,-114.13873,G04_06,on_scene
2025-02-04 07:35:00,3,51.119,-114.054,G15_09,staged
2025-02-04 07:35:00,4,51.065,-113.97,G12_12,staged
2025-02-04 07:35:00,5,51.137,-114.194,G16_04,staged
2025-02-04 07:35:00,6,50.903,-113.97,G03_12,staged
2025-02-04 07:35:00,7,50.993,-114.082,G08_08,staged
2025-02-04 07:35:00,8,51.08796,-113.91976,G13_14,on_scene
2025-02-04 07:35:00,9,51.01541,-113.9773,G09_12,on_scene
2025-02-04 07:35:00,10,51.047,-114.138,G11_06,staged
2025-02-04 07:40:00,1,51.047,-114.054,G11_09,staged
2025-02-04 07:40:00,2,50.92699,-114.13297,G04_06,returning
2025-02-04 07:40:00,3,51.119,-114.054,G15_09,staged
2025-02-04 07:40:00,4,51.065,-113.97,G12_12,staged
2025-02-04 07:40:00,5,51.137,-114.194,G16_04,staged
2025-02-04 07:40:00,6,50.903,-113.97,G03_12,staged
2025-02-04 07:40:00,7,50.993,-114.082,G08_08,staged
2025-02-04 07:40:00,8,51.10228,-113.93443,G14_13,returning
2025-02-04 07:40:00,9,51.01541,-113.9773,G09_12,on_scene
2025-02-04 07:40:00,10,51.047,-114.138,G11_06,staged
2025-02-04 07:45:00,1,51.047,-114.054,G11_09,staged
2025-02-04 07:45:00,2,50.93506,-114.0987,G05_07,returning
2025-02-04 07:45:00,3,51.119,-114.054,G15_09,staged
2025-02-04 07:45:00,4,51.065,-113.97,G12_12,staged
2025-02-04 07:45:00,5,51.137,-114.194,G16_04,staged
2025-02-04 07:45:00,6,50.903,-113.97,G03_12,staged
2025-02-04 07:45:00,7,50.993,-114.082,G08_08,staged
2025-02-04 07:45:00,8,51.12168,-113.9543,G15_13,returning
2025-02-04 07:45:00,9,51.01541,-113.9773,G09_12,on_scene
2025-02-04 07:45:00,10,51.047,-114.138,G11_06,staged
2025-02-04 07:50:00,1,51.047,-114.054,G11_09,responding
2025-02-04 07:50:00,2,50.939,-114.082,G05_08,staged
2025-02-04 07:50:00,3,51.119,-114.054,G15_09,staged
2025-02-04 07:50:00,4,51.065,-113.97,G12_12,staged
2025-02-04 07:50:00,5,51.137,-114.194,G16_04,staged
2025-02-04 07:50:00,6,50.903,-113.97,G03_12,staged
2025-02-04 07:50:00,7,50.993,-114.082,G08_08,staged
2025-02-04 07:50:00,8,51.137,-113.97,G16_12,staged
2025-02-04 07:50:00,9,51.01541,-113.9773,G09_12,on_scene
2025-02-04 07:50:00,10,51.047,-114.138,G11_06,staged
2025-02-04 07:55:00,1,51.06445,-114.03002,G12_10,responding
2025-02-04 07:55:00,2,50.939,-114.082,G05_08,staged
2025-02-04 07:55:00,3,51.119,-114.054,G15_09,staged
2025-02-04 07:55:00,4,51.065,-113.97,G12_12,staged
2025-02-04 07:55:00,5,51.137,-114.194,G16_04,staged
2025-02-04 07:55:00,6,50.903,-113.97,G03_12,staged
2025-02-04 07:55:00,7,50.993,-114.082,G08_08,staged
2025-02-04 07:55:00,8,51.137,-113.97,G16_12,staged
2025-02-04 07:55:00,9,51.01541,-113.9773,G09_12,on_scene
2025-02-04 07:55:00,10,51.047,-114.138,G11_06,staged
2025-02-04 08:00:00,1,51.06763,-114.02566,G12_10,on_scene
2025-02-04 08:00:00,2,50.939,-114.082,G05_08,staged
2025-02-04 08:00:00,3,51.119,-114.054,G15_09,staged
2025-02-04 08:00:00,4,51.065,-113.97,G12_12,staged
2025-02-04 08:00:00,5,51.137,-114.194,G16_04,staged
2025-02-04 08:00:00,6,50.903,-113.97,G03_12,staged
2025-02-04 08:00:00,7,50.993,-114.082,G08_08,staged
2025-02-04 08:00:00,8,51.137,-113.97,G16_12,staged
2025-02-04 08:00:00,9,51.01541,-113.9773,G09_12,on_scene
2025-02-04 08:00:00,10,51.047,-114.138,G11_06,staged
2025-02-04 08:05:00,1,51.06763,-114.02566,G12_10,on_scene
2025-02-04 08:05:00,2,50.939,-114.082,G05_08,staged
2025-02-04 08:05:00,3,51.119,-114.054,G15_09,staged
2025-02-04 08:05:00,4,51.065,-113.97,G12_12,staged
2025-02-04 08:05:00,5,51.14117,-114.19817,G16_04,responding
2025-02-04 08:05:00,6,50.903,-113.97,G03_12,staged
2025-02-04 08:05:00,7,50.993,-114.082,G08_08,staged
2025-02-04 08:05:00,8,51.137,-113.97,G16_12,staged
2025-02-04 08:05:00,9,51.01163,-113.99502,G09_11,returning
2025-02-04 08:05:00,10,51.047,-114.138,G11_06,staged
2025-02-04 08:10:00,1,51.06763,-114.02566,G12_10,on_scene
2025-02-04 08:10:00,2,50.939,-114.082,G05_08,staged
2025-02-04 08:10:00,3,51.119,-114.054,G15_09,staged
2025-02-04 08:10:00,4,51.065,-113.97,G12_12,staged
2025-02-04 08:10:00,5,51.15211,-114.20913,G17_03,on_scene
2025-02-04 08:10:00,6,50.903,-113.97,G03_12,staged
2025-02-04 08:10:00,7,50.993,-114.082,G08_08,staged
2025-02-04 08:10:00,8,51.137,-113.97,G16_12,staged
2025-02-04 08:10:00,9,51.011,-113.998,G09_11,staged
2025-02-04 08:10:00,10,51.047,-114.138,G11_06,staged
2025-02-04 08:15:00,1,51.06763,-114.02566,G12_10,on_scene
2025-02-04 08:15:00,2,50.939,-114.082,G05_08,staged
2025-02-04 08:15:00,3,51.119,-114.054,G15_09,staged
2025-02-04 08:15:00,4,51.065,-113.97,G12_12,staged
2025-02-04 08:15:00,5,51.15211,-114.20913,G17_03,on_scene
2025-02-04 08:15:00,6,50.903,-113.97,G03_12,staged
2025-02-04 08:15:00,7,50.993,-114.082,G08_08,staged
2025-02-04 08:15:00,8,51.137,-113.97,G16_12,staged
2025-02-04 08:15:00,9,51.011,-113.998,G09_11,staged
2025-02-04 08:15:00,10,51.047,-114.138,G11_06,staged
2025-02-04 08:20:00,1,51.06763,-114.02566,G12_10,on_scene
2025-02-04 08:20:00,2,50.939,-114.082,G05_08,staged
2025-02-04 08:20:00,3,51.10661,-114.06677,G14_09,responding
2025-02-04 08:20:00,4,51.07165,-113.98194,G12_12,on_scene
2025-02-04 08:20:00,5,51.15211,-114.20913,G17_03,on_scene
2025-02-04 08:20:00,6,50.903,-113.97,G03_12,staged
2025-02-04 08:20:00,7,50.993,-114.082,G08_08,staged
2025-02-04 08:20:00,8,51.137,-113.97,G16_12,staged
2025-02-04 08:20:00,9,51.011,-113.998,G09_11,staged
2025-02-04 08:20:00,10,51.05425,-114.12635,G11_06,responding
2025-02-04 08:25:00,1,51.06763,-114.02566,G12_10,on_scene
2025-02-04 08:25:00,2,50.939,-114.082,G05_08,staged
2025-02-04 08:25:00,3,51.09143,-114.08241,G13_08,on_scene
2025-02-04 08:25:00,4,51.07165,-113.98194,G12_12,on_scene
2025-02-04 08:25:00,5,51.15211,-114.20913,G17_03,on_scene
2025-02-04 08:25:00,6,50.903,-113.97,G03_12,staged
2025-02-04 08:25:00,7,50.993,-114.082,G08_08,staged
2025-02-04 08:25:00,8,51.137,-113.97,G16_12,staged
2025-02-04 08:25:00,9,51.011,-113.998,G09_11,staged
2025-02-04 08:25:00,10,51.07047,-114.10027,G12_07,responding
2025-02-04 08:30:00,1,51.07582,-114.05271,G13_09,responding
2025-02-04 08:30:00,2,50.939,-114.082,G05_08,staged
2025-02-04 08:30:00,3,51.09143,-114.08241,G13_08,on_scene
2025-02-04 08:30:00,4,51.07165,-113.98194,G12_12,on_scene
2025-02-04 08:30:00,5,51.15211,-114.20913,G17_03,on_scene
2025-02-04 08:30:00,6,50.903,-113.97,G03_12,staged
2025-02-04 08:30:00,7,50.993,-114.082,G08_08,staged
2025-02-04 08:30:00,8,51.137,-113.97,G16_12,staged
2025-02-04 08:30:00,9,51.011,-113.998,G09_11,staged
2025-02-04 08:30:00,10,51.08669,-114.07419,G13_08,responding
2025-02-04 08:35:00,1,51.08584,-114.08577,G13_08,responding
2025-02-04 08:35:00,2,50.939,-114.082,G05_08,staged
2025-02-04 08:35:00,3,51.09143,-114.08241,G13_08,on_scene
2025-02-04 08:35:00,4,51.07165,-113.98194,G12_12,on_scene
2025-02-04 08:35:00,5,51.15211,-114.20913,G17_03,on_scene
2025-02-04 08:35:00,6,50.903,-113.97,G03_12,staged
2025-02-04 08:35:00,7,50.993,-114.082,G08_08,staged
2025-02-04 08:35:00,8,51.137,-113.97,G16_12,staged
2025-02-04 08:35:00,9,51.011,-113.998,G09_11,staged
2025-02-04 08:35:00,10,51.08751,-114.07288,G13_08,on_scene
2025-02-04 08:40:00,1,51.09216,-114.10665,G14_07,on_scene
2025-02-04 08:40:00,2,50.939,-114.082,G05_08,staged
2025-02-04 08:40:00,3,51.09143,-114.08241,G13_08,on_scene
2025-02-04 08:40:00,4,51.07165,-113.98194,G12_12,on_scene
2025-02-04 08:40:00,5,51.14352,-114.20053,G16_04,returning
2025-02-04 08:40:00,6,50.903,-113.97,G03_12,staged
2025-02-04 08:40:00,7,50.993,-114.082,G08_08,staged
2025-02-04 08:40:00,8,51.137,-113.97,G16_12,staged
2025-02-04 08:40:00,9,51.0067,-114.0272,G09_10,on_scene
2025-02-04 08:40:00,10,51.08751,-114.07288,G13_08,on_scene
2025-02-04 08:45:00,1,51.09216,-114.10665,G14_07,on_scene
2025-02-04 08:45:00,2,50.939,-114.082,G05_08,staged
2025-02-04 08:45:00,3,51.09143,-114.08241,G13_08,on_scene
2025-02-04 08:45:00,4,51.07165,-113.98194,G12_12,on_scene
2025-02-04 08:45:00,5,51.14402,-114.20409,G16_04,responding
2025-02-04 08:45:00,6,50.903,-113.97,G03_12,staged
2025-02-04 08:45:00,7,50.993,-114.082,G08_08,staged
2025-02-04 08:45:00,8,51.137,-113.97,G16_12,staged
2025-02-04 08:45:00,9,51.0067,-114.0272,G09_10,on_scene
2025-02-04 08:45:00,10,51.08751,-114.07288,G13_08,on_scene
2025-02-04 08:50:00,1,51.09216,-114.10665,G14_07,on_scene
2025-02-04 08:50:00,2,50.939,-114.082,G05_08,staged
2025-02-04 08:50:00,3,51.09143,-114.08241,G13_08,on_scene
2025-02-04 08:50:00,4,51.06951,-113.96248,G12_12,responding
2025-02-04 08:50:00,5,51.15014,-114.21289,G17_03,on_scene
2025-02-04 08:50:00,6,50.903,-113.97,G03_12,staged
2025-02-04 08:50:00,7,50.993,-114.082,G08_08,staged
2025-02-04 08:50:00,8,51.14477,-113.99558,G16_11,responding
2025-02-04 08:50:00,9,51.0067,-114.0272,G09_10,on_scene
2025-02-04 08:50:00,10,51.08751,-114.07288,G13_08,on_scene
2025-02-04 08:55:00,1,51.09216,-114.10665,G14_07,on_scene
2025-02-04 08:55:00,2,50.939,-114.082,G05_08,staged
2025-02-04 08:55:00,3,51.09271,-114.07474,G14_08,responding
2025-02-04 08:55:00,4,51.06709,-113.94043,G12_13,on_scene
2025-02-04 08:55:00,5,51.15014,-114.21289,G17_03,on_scene
2025-02-04 08:55:00,6,50.903,-113.97,G03_12,staged
2025-02-04 08:55:00,7,50.993,-114.082,G08_08,staged
2025-02-04 08:55:00,8,51.15461,-114.02793,G17_10,on_scene
2025-02-04 08:55:00,9,51.0067,-114.0272,G09_10,on_scene
2025-02-04 08:55:00,10,51.08751,-114.07288,G13_08,on_scene
2025-02-04 09:00:00,1,51.09216,-114.10665,G14_07,on_scene
2025-02-04 09:00:00,2,50.939,-114.082,G05_08,staged
2025-02-04 09:00:00,3,51.09867,-114.03927,G14_10,responding
2025-02-04 09:00:00,4,51.06709,-113.94043,G12_13,on_scene
2025-02-04 09:00:00,5,51.15014,-114.21289,G17_03,on_scene
2025-02-04 09:00:00,6,50.903,-113.97,G03_12,staged
2025-02-04 09:00:00,7,50.993,-114.082,G08_08,staged
2025-02-04 09:00:00,8,51.15461,-114.02793,G17_10,on_scene
2025-02-04 09:00:00,9,51.0067,-114.0272,G09_10,on_scene
2025-02-04 09:00:00,10,51.08751,-114.07288,G13_08,on_scene
2025-02-04 09:05:00,1,51.09216,-114.10665,G14_07,on_scene
2025-02-04 09:05:00,2,50.939,-114.082,G05_08,staged
2025-02-04 09:05:00,3,51.10463,-114.00379,G14_11,responding
2025-02-04 09:05:00,4,51.06709,-113.94043,G12_13,on_scene
2025-02-04 09:05:00,5,51.15014,-114.21289,G17_03,on_scene
2025-02-04 09:05:00,6,50.903,-113.97,G03_12,staged
2025-02-04 09:05:00,7,50.993,-114.082,G08_08,staged
2025-02-04 09:05:00,8,51.15461,-114.02793,G17_10,on_scene
2025-02-04 09:05:00,9,51.0067,-114.0272,G09_10,on_scene
2025-02-04 09:05:00,10,51.08601,-114.0381,G13_10,responding
2025-02-04 09:10:00,1,51.08531,-114.09866,G13_07,returning
2025-02-04 09:10:00,2,50.92327,-114.07318,G04_08,responding
2025-02-04 09:10:00,3,51.11059,-113.96832,G15_12,responding
2025-02-04 09:10:00,4,51.06709,-113.94043,G12_13,on_scene
2025-02-04 09:10:00,5,51.15014,-114.21289,G17_03,on_scene
2025-02-04 09:10:00,6,50.903,-113.97,G03_12,staged
2025-02-04 09:10:00,7,50.993,-114.082,G08_08,staged
2025-02-04 09:10:00,8,51.15461,-114.02793,G17_10,on_scene
2025-02-04 09:10:00,9,51.00745,-114.02214,G09_10,returning
2025-02-04 09:10:00,10,51.08443,-114.00148,G13_11,responding
2025-02-04 09:15:00,1,51.06671,-114.07697,G12_08,returning
2025-02-04 09:15:00,2,50.90493,-114.06289,G03_09,on_scene
2025-02-04 09:15:00,3,51.11419,-113.94685,G15_13,on_scene
2025-02-04 09:15:00,4,51.06709,-113.94043,G12_13,on_scene
2025-02-04 09:15:00,5,51.15014,-114.21289,G17_03,on_scene
2025-02-04 09:15:00,6,50.903,-113.97,G03_12,staged
2025-02-04 09:15:00,7,50.993,-114.082,G08_08,staged
2025-02-04 09:15:00,8,51.15461,-114.02793,G17_10,on_scene
2025-02-04 09:15:00,9,51.011,-113.998,G09_11,staged
2025-02-04 09:15:00,10,51.08285,-113.96486,G13_12,responding
2025-02-04 09:20:00,1,51.0481,-114.05529,G11_09,returning
2025-02-04 09:20:00,2,50.90493,-114.06289,G03_09,on_scene
2025-02-04 09:20:00,3,51.11419,-113.94685,G15_13,on_scene
2025-02-04 09:20:00,4,51.06709,-113.94043,G12_13,on_scene
2025-02-04 09:20:00,5,51.13914,-114.19708,G16_04,returning
2025-02-04 09:20:00,6,50.903,-113.97,G03_12,staged
2025-02-04 09:20:00,7,50.993,-114.082,G08_08,staged
2025-02-04 09:20:00,8,51.15461,-114.02793,G17_10,on_scene
2025-02-04 09:20:00,9,51.011,-113.998,G09_11,staged
2025-02-04 09:20:00,10,51.08158,-113.93556,G13_13,on_scene
2025-02-04 09:25:00,1,51.047,-114.054,G11_09,staged
2025-02-04 09:25:00,2,50.90493,-114.06289,G03_09,on_scene
2025-02-04 09:25:00,3,51.11419,-113.94685,G15_13,on_scene
2025-02-04 09:25:00,4,51.07601,-113.93846,G13_13,responding
2025-02-04 09:25:00,5,51.137,-114.194,G16_04,staged
2025-02-04 09:25:00,6,50.903,-113.97,G03_12,staged
2025-02-04 09:25:00,7,50.993,-114.082,G08_08,staged
2025-02-04 09:25:00,8,51.15458,-114.02712,G17_10,responding
2025-02-04 09:25:00,9,51.011,-113.998,G09_11,staged
2025-02-04 09:25:00,10,51.08158,-113.93556,G13_13,on_scene
2025-02-04 09:30:00,1,51.047,-114.054,G11_09,staged
2025-02-04 09:30:00,2,50.90493,-114.06289,G03_09,on_scene
2025-02-04 09:30:00,3,51.11419,-113.94685,G15_13,on_scene
2025-02-04 09:30:00,4,51.09885,-113.93342,G14_13,responding
2025-02-04 09:30:00,5,51.137,-114.194,G16_04,staged
2025-02-04 09:30:00,6,50.903,-113.97,G03_12,staged
2025-02-04 09:30:00,7,50.993,-114.082,G08_08,staged
2025-02-04 09:30:00,8,51.15391,-114.00655,G17_11,on_scene
2025-02-04 09:30:00,9,51.011,-113.998,G09_11,staged
2025-02-04 09:30:00,10,51.08158,-113.93556,G13_13,on_scene
2025-02-04 09:35:00,1,51.047,-114.054,G11_09,staged
2025-02-04 09:35:00,2,50.90493,-114.06289,G03_09,on_scene
2025-02-04 09:35:00,3,51.11419,-113.94685,G15_13,on_scene
2025-02-04 09:35:00,4,51.12169,-113.92837,G15_13,responding
2025-02-04 09:35:00,5,51.13708,-114.19366,G16_04,responding
2025-02-04 09:35:00,6,50.903,-113.97,G03_12,staged
2025-02-04 09:35:00,7,50.993,-114.082,G08_08,staged
2025-02-04 09:35:00,8,51.15391,-114.00655,G17_11,on_scene
2025-02-04 09:35:00,9,51.011,-113.998,G09_11,staged
2025-02-04 09:35:00,10,51.08158,-113.93556,G13_13,on_scene
2025-02-04 09:40:00,1,51.047,-114.054,G11_09,staged
2025-02-04 09:40:00,2,50.90493,-114.06289,G03_09,on_scene
2025-02-04 09:40:00,3,51.11419,-113.94685,G15_13,on_scene
2025-02-04 09:40:00,4,51.14453,-113.92333,G16_14,responding
2025-02-04 09:40:00,5,51.1455,-114.15944,G16_05,responding
2025-02-04 09:40:00,6,50.903,-113.97,G03_12,staged
2025-02-04 09:40:00,7,50.993,-114.082,G08_08,staged
2025-02-04 09:40:00,8,51.15391,-114.00655,G17_11,on_scene
2025-02-04 09:40:00,9,51.011,-113.998,G09_11,staged
2025-02-04 09:40:00,10,51.08158,-113.93556,G13_13,on_scene
2025-02-04 09:45:00,1,51.047,-114.054,G11_09,staged
2025-02-04 09:45:00,2,50.90833,-114.06479,G03_09,returning
2025-02-04 09:45:00,3,51.11484,-113.96132,G15_12,returning
2025-02-04 09:45:00,4,51.15441,-113.92115,G17_14,on_scene
2025-02-04 09:45:00,5,51.15043,-114.13943,G17_06,on_scene
2025-02-04 09:45:00,6,50.903,-113.97,G03_12,staged
2025-02-04 09:45:00,7,50.993,-114.082,G08_08,staged
2025-02-04 09:45:00,8,51.15391,-114.00655,G17_11,on_scene
2025-02-04 09:45:00,9,51.011,-113.998,G09_11,staged
2025-02-04 09:45:00,10,51.08158,-113.93556,G13_13,on_scene
2025-02-04 09:50:00,1,51.047,-114.054,G11_09,staged
2025-02-04 09:50:00,2,50.93007,-114.07699,G05_08,returning
2025-02-04 09:50:00,3,51.11649,-113.99796,G14_11,returning
2025-02-04 09:50:00,4,51.15441,-113.92115,G17_14,on_scene
2025-02-04 09:50:00,5,51.15043,-114.13943,G17_06,on_scene
2025-02-04 09:50:00,6,50.903,-113.97,G03_12,staged
2025-02-04 09:50:00,7,50.993,-114.082,G08_08,staged
2025-02-04 09:50:00,8,51.15391,-114.00655,G17_11,on_scene
2025-02-04 09:50:00,9,51.011,-113.998,G09_11,staged
2025-02-04 09:50:00,10,51.08037,-113.94264,G13_13,returning
2025-02-04 09:55:00,1,51.047,-114.054,G11_09,staged
2025-02-04 09:55:00,2,50.939,-114.082,G05_08,staged
2025-02-04 09:55:00,3,51.11813,-114.0346,G15_10,returning
2025-02-04 09:55:00,4,51.15441,-113.92115,G17_14,on_scene
2025-02-04 09:55:00,5,51.15043,-114.13943,G17_06,on_scene
2025-02-04 09:55:00,6,50.903,-113.97,G03_12,staged
2025-02-04 09:55:00,7,50.993,-114.082,G08_08,staged
2025-02-04 09:55:00,8,51.15391,-114.00655,G17_11,on_scene
2025-02-04 09:55:00,9,51.011,-113.998,G09_11,staged
2025-02-04 09:55:00,10,51.07433,-113.97805,G13_12,returning
2025-02-04 10:00:00,1,51.047,-114.054,G11_09,staged
2025-02-04 10:00:00,2,50.939,-114.082,G05_08,staged
2025-02-04 10:00:00,3,51.119,-114.054,G15_09,staged
2025-02-04 10:00:00,4,51.15441,-113.92115,G17_14,on_scene
2025-02-04 10:00:00,5,51.15043,-114.13943,G17_06,on_scene
2025-02-04 10:00:00,6,50.903,-113.97,G03_12,staged
2025-02-04 10:00:00,7,50.993,-114.082,G08_08,staged
2025-02-04 10:00:00,8,51.14789,-113.99354,G17_11,returning
2025-02-04 10:00:00,9,51.011,-113.998,G09_11,staged
2025-02-04 10:00:00,10,51.06828,-114.01345,G12_10,returning
2025-02-04 10:05:00,1,51.047,-114.054,G11_09,staged
2025-02-04 10:05:00,2,50.939,-114.082,G05_08,staged
2025-02-04 10:05:00,3,51.119,-114.054,G15_09,staged
2025-02-04 10:05:00,4,51.15441,-113.92115,G17_14,on_scene
2025-02-04 10:05:00,5,51.15043,-114.13943,G17_06,on_scene
2025-02-04 10:05:00,6,50.903,-113.97,G03_12,staged
2025-02-04 10:05:00,7,50.993,-114.082,G08_08,staged
2025-02-04 10:05:00,8,51.137,-113.97,G16_12,staged
2025-02-04 10:05:00,9,51.011,-113.998,G09_11,staged
2025-02-04 10:05:00,10,51.06223,-114.04886,G12_09,returning
2025-02-04 10:10:00,1,51.047,-114.054,G11_09,staged
2025-02-04 10:10:00,2,50.939,-114.082,G05_08,staged
2025-02-04 10:10:00,3,51.11041,-114.07833,G15_08,responding
2025-02-04 10:10:00,4,51.15441,-113.92115,G17_14,on_scene
2025-02-04 10:10:00,5,51.15043,-114.13943,G17_06,on_scene
2025-02-04 10:10:00,6,50.903,-113.97,G03_12,staged
2025-02-04 10:10:00,7,50.993,-114.082,G08_08,staged
2025-02-04 10:10:00,8,51.137,-113.97,G16_12,staged
2025-02-04 10:10:00,9,51.011,-113.998,G09_11,staged
2025-02-04 10:10:00,10,51.05618,-114.08427,G12_08,returning
2025-02-04 10:15:00,1,51.04814,-114.03688,G11_10,on_scene
2025-02-04 10:15:00,2,50.939,-114.082,G05_08,staged
2025-02-04 10:15:00,3,51.0991,-114.11033,G14_07,responding
2025-02-04 10:15:00,4,51.14203,-113.92791,G16_14,returning
2025-02-04 10:15:00,5,51.14693,-114.15364,G17_05,returning
2025-02-04 10:15:00,6,50.903,-113.97,G03_12,staged
2025-02-04 10:15:00,7,50.993,-114.082,G08_08,staged
2025-02-04 10:15:00,8,51.137,-113.97,G16_12,staged
2025-02-04 10:15:00,9,51.01603,-114.00066,G09_11,responding
2025-02-04 10:15:00,10,51.05013,-114.11968,G11_07,returning
2025-02-04 10:20:00,1,51.04814,-114.03688,G11_10,on_scene
2025-02-04 10:20:00,2,50.939,-114.082,G05_08,staged
2025-02-04 10:20:00,3,51.09684,-114.11673,G14_07,on_scene
2025-02-04 10:20:00,4,51.12022,-113.93983,G15_13,returning
2025-02-04 10:20:00,5,51.13594,-114.17138,G16_05,responding
2025-02-04 10:20:00,6,50.903,-113.97,G03_12,staged
2025-02-04 10:20:00,7,50.993,-114.082,G08_08,staged
2025-02-04 10:20:00,8,51.137,-113.97,G16_12,staged
2025-02-04 10:20:00,9,51.03792,-114.01223,G10_10,responding
2025-02-04 10:20:00,10,51.047,-114.138,G11_06,staged
2025-02-04 10:25:00,1,51.04814,-114.03688,G11_10,on_scene
2025-02-04 10:25:00,2,50.939,-114.082,G05_08,staged
2025-02-04 10:25:00,3,51.09684,-114.11673,G14_07,on_scene
2025-02-04 10:25:00,4,51.09841,-113.95175,G14_13,returning
2025-02-04 10:25:00,5,51.11844,-114.14746,G15_06,responding
2025-02-04 10:25:00,6,50.903,-113.97,G03_12,staged
2025-02-04 10:25:00,7,50.993,-114.082,G08_08,staged
2025-02-04 10:25:00,8,51.137,-113.97,G16_12,staged
2025-02-04 10:25:00,9,51.0582,-114.02295,G12_10,on_scene
2025-02-04 10:25:00,10,51.047,-114.138,G11_06,staged
2025-02-04 10:30:00,1,51.04814,-114.03688,G11_10,on_scene
2025-02-04 10:30:00,2,50.939,-114.082,G05_08,staged
2025-02-04 10:30:00,3,51.09684,-114.11673,G14_07,on_scene
2025-02-04 10:30:00,4,51.0766,-113.96366,G13_12,returning
2025-02-04 10:30:00,5,51.10121,-114.12391,G14_07,on_scene
2025-02-04 10:30:00,6,50.903,-113.97,G03_12,staged
2025-02-04 10:30:00,7,50.99303,-114.08102,G08_08,responding
2025-02-04 10:30:00,8,51.137,-113.97,G16_12,staged
2025-02-04 10:30:00,9,51.0582,-114.02295,G12_10,on_scene
2025-02-04 10:30:00,10,51.047,-114.138,G11_06,staged
2025-02-04 10:35:00,1,51.04814,-114.03688,G11_10,on_scene
2025-02-04 10:35:00,2,50.939,-114.082,G05_08,staged
2025-02-04 10:35:00,3,51.09684,-114.11673,G14_07,on_scene
2025-02-04 10:35:00,4,51.065,-113.97,G12_12,staged
2025-02-04 10:35:00,5,51.10121,-114.12391,G14_07,on_scene
2025-02-04 10:35:00,6,50.903,-113.97,G03_12,staged
2025-02-04 10:35:00,7,50.99409,-114.04443,G08_09,responding
2025-02-04 10:35:00,8,51.137,-113.97,G16_12,staged
2025-02-04 10:35:00,9,51.0582,-114.02295,G12_10,on_scene
2025-02-04 10:35:00,10,51.047,-114.138,G11_06,staged
2025-02-04 10:40:00,1,51.04814,-114.03688,G11_10,on_scene
2025-02-04 10:40:00,2,50.939,-114.082,G05_08,staged
2025-02-04 10:40:00,3,51.09684,-114.11673,G14_07,on_scene
2025-02-04 10:40:00,4,51.065,-113.97,G12_12,staged
2025-02-04 10:40:00,5,51.10121,-114.12391,G14_07,on_scene
2025-02-04 10:40:00,6,50.903,-113.97,G03_12,staged
2025-02-04 10:40:00,7,50.99422,-114.03967,G08_10,on_scene
2025-02-04 10:40:00,8,51.137,-113.97,G16_12,staged
2025-02-04 10:40:00,9,51.0582,-114.02295,G12_10,on_scene
2025-02-04 10:40:00,10,51.047,-114.138,G11_06,staged
2025-02-04 10:45:00,1,51.04704,-114.05345,G11_09,returning
2025-02-04 10:45:00,2,50.939,-114.082,G05_08,staged
2025-02-04 10:45:00,3,51.09684,-114.11673,G14_07,on_scene
2025-02-04 10:45:00,4,51.065,-113.97,G12_12,staged
2025-02-04 10:45:00,5,51.10121,-114.12391,G14_07,on_scene
2025-02-04 10:45:00,6,50.903,-113.97,G03_12,staged
2025-02-04 10:45:00,7,50.99422,-114.03967,G08_10,on_scene
2025-02-04 10:45:00,8,51.14197,-113.99163,G16_11,responding
2025-02-04 10:45:00,9,51.0582,-114.02295,G12_10,on_scene
2025-02-04 10:45:00,10,51.047,-114.138,G11_06,staged
2025-02-04 10:50:00,1,51.047,-114.054,G11_09,staged
2025-02-04 10:50:00,2,50.939,-114.082,G05_08,staged
2025-02-04 10:50:00,3,51.10051,-114.12978,G14_06,responding
2025-02-04 10:50:00,4,51.065,-113.97,G12_12,staged
2025-02-04 10:50:00,5,51.10121,-114.12391,G14_07,on_scene
2025-02-04 10:50:00,6,50.903,-113.97,G03_12,staged
2025-02-04 10:50:00,7,50.99422,-114.03967,G08_10,on_scene
2025-02-04 10:50:00,8,51.1499,-114.02615,G17_10,responding
2025-02-04 10:50:00,9,51.0582,-114.02295,G12_10,on_scene
2025-02-04 10:50:00,10,51.047,-114.138,G11_06,staged
2025-02-04 10:55:00,1,51.047,-114.054,G11_09,staged
2025-02-04 10:55:00,2,50.939,-114.082,G05_08,staged
2025-02-04 10:55:00,3,51.10229,-114.1664,G14_05,responding
2025-02-04 10:55:00,4,51.065,-113.97,G12_12,staged
2025-02-04 10:55:00,5,51.10121,-114.12391,G14_07,on_scene
2025-02-04 10:55:00,6,50.903,-113.97,G03_12,staged
2025-02-04 10:55:00,7,50.99422,-114.03967,G08_10,on_scene
2025-02-04 10:55:00,8,51.15783,-114.06066,G17_09,responding
2025-02-04 10:55:00,9,51.0566,-114.02211,G12_10,returning
2025-02-04 10:55:00,10,51.047,-114.138,G11_06,staged
2025-02-04 11:00:00,1,51.047,-114.054,G11_09,staged
2025-02-04 11:00:00,2,50.939,-114.082,G05_08,staged
2025-02-04 11:00:00,3,51.10406,-114.20301,G14_03,responding
2025-02-04 11:00:00,4,51.065,-113.97,G12_12,staged
2025-02-04 11:00:00,5,51.10157,-114.12388,G14_07,responding
2025-02-04 11:00:00,6,50.903,-113.97,G03_12,staged
2025-02-04 11:00:00,7,50.99422,-114.03967,G08_10,on_scene
2025-02-04 11:00:00,8,51.16021,-114.07099,G17_08,on_scene
2025-02-04 11:00:00,9,51.04238,-114.01415,G11_10,responding
2025-02-04 11:00:00,10,51.04151,-114.13547,G11_06,on_scene
2025-02-04 11:05:00,1,51.047,-114.054,G11_09,staged
2025-02-04 11:05:00,2,50.939,-114.082,G05_08,staged
2025-02-04 11:05:00,3,51.10474,-114.21711,G14_03,on_scene
2025-02-04 11:05:00,4,51.065,-113.97,G12_12,staged
2025-02-04 11:05:00,5,51.12459,-114.12184,G15_06,responding
2025-02-04 11:05:00,6,50.903,-113.97,G03_12,staged
2025-02-04 11:05:00,7,50.99422,-114.03967,G08_10,on_scene
2025-02-04 11:05:00,8,51.16021,-114.07099,G17_08,on_scene
2025-02-04 11:05:00,9,51.04915,-114.01695,G11_10,on_scene
2025-02-04 11:05:00,10,51.04151,-114.13547,G11_06,on_scene
2025-02-04 11:10:00,1,51.047,-114.054,G11_09,staged
2025-02-04 11:10:00,2,50.95289,-114.07341,G06_08,responding
2025-02-04 11:10:00,3,51.10474,-114.21711,G14_03,on_scene
2025-02-04 11:10:00,4,51.065,-113.97,G12_12,staged
2025-02-04 11:10:00,5,51.14761,-114.11981,G17_07,responding
2025-02-04 11:10:00,6,50.903,-113.97,G03_12,staged
2025-02-04 11:10:00,7,50.98552,-114.01224,G08_10,responding
2025-02-04 11:10:00,8,51.16021,-114.07099,G17_08,on_scene
2025-02-04 11:10:00,9,51.04915,-114.01695,G11_10,on_scene
2025-02-04 11:10:00,10,51.04151,-114.13547,G11_06,on_scene
2025-02-04 11:15:00,1,51.0493,-114.06064,G11_09,responding
2025-02-04 11:15:00,2,50.95553,-114.07178,G06_08,on_scene
2025-02-04 11:15:00,3,51.10474,-114.21711,G14_03,on_scene
2025-02-04 11:15:00,4,51.065,-113.97,G12_12,staged
2025-02-04 11:15:00,5,51.16803,-114.118,G18_07,on_scene
2025-02-04 11:15:00,6,50.903,-113.97,G03_12,staged
2025-02-04 11:15:00,7,50.97534,-113.97937,G07_12,responding
2025-02-04 11:15:00,8,51.16021,-114.07099,G17_08,on_scene
2025-02-04 11:15:00,9,51.04915,-114.01695,G11_10,on_scene
2025-02-04 11:15:00,10,51.04151,-114.13547,G11_06,on_scene
2025-02-04 11:20:00,1,51.06045,-114.09276,G12_08,responding
2025-02-04 11:20:00,2,50.95553,-114.07178,G06_08,on_scene
2025-02-04 11:20:00,3,51.10474,-114.21711,G14_03,on_scene
2025-02-04 11:20:00,4,51.065,-113.97,G12_12,staged
2025-02-04 11:20:00,5,51.16803,-114.118,G18_07,on_scene
2025-02-04 11:20:00,6,50.903,-113.97,G03_12,staged
2025-02-04 11:20:00,7,50.96879,-113.95822,G07_12,on_scene
2025-02-04 11:20:00,8,51.16021,-114.07099,G17_08,on_scene
2025-02-04 11:20:00,9,51.04915,-114.01695,G11_10,on_scene
2025-02-04 11:20:00,10,51.04151,-114.13547,G11_06,on_scene
2025-02-04 11:25:00,1,51.06114,-114.09477,G12_08,on_scene
2025-02-04 11:25:00,2,50.95553,-114.07178,G06_08,on_scene
2025-02-04 11:25:00,3,51.10474,-114.21711,G14_03,on_scene
2025-02-04 11:25:00,4,51.065,-113.97,G12_12,staged
2025-02-04 11:25:00,5,51.16803,-114.118,G18_07,on_scene
2025-02-04 11:25:00,6,50.903,-113.97,G03_12,staged
2025-02-04 11:25:00,7,50.96879,-113.95822,G07_12,on_scene
2025-02-04 11:25:00,8,51.16021,-114.07099,G17_08,on_scene
2025-02-04 11:25:00,9,51.04915,-114.01695,G11_10,on_scene
2025-02-04 11:25:00,10,51.04151,-114.13547,G11_06,on_scene
2025-02-04 11:30:00,1,51.06114,-114.09477,G12_08,on_scene
2025-02-04 11:30:00,2,50.95553,-114.07178,G06_08,on_scene
2025-02-04 11:30:00,3,51.10474,-114.21711,G14_03,on_scene
2025-02-04 11:30:00,4,51.065,-113.97,G12_12,staged
2025-02-04 11:30:00,5,51.16803,-114.118,G18_07,on_scene
2025-02-04 11:30:00,6,50.903,-113.97,G03_12,staged
2025-02-04 11:30:00,7,50.96879,-113.95822,G07_12,on_scene
2025-02-04 11:30:00,8,51.17636,-114.07003,G18_08,responding
2025-02-04 11:30:00,9,51.04915,-114.01695,G11_10,on_scene
2025-02-04 11:30:00,10,51.02801,-114.13606,G10_06,responding
2025-02-04 11:35:00,1,51.06114,-114.09477,G12_08,on_scene
2025-02-04 11:35:00,2,50.95553,-114.07178,G06_08,on_scene
2025-02-04 11:35:00,3,51.1067,-114.19473,G15_04,returning
2025-02-04 11:35:00,4,51.065,-113.97,G12_12,staged
2025-02-04 11:35:00,5,51.16803,-114.118,G18_07,on_scene
2025-02-04 11:35:00,6,50.903,-113.97,G03_12,staged
2025-02-04 11:35:00,7,50.96879,-113.95822,G07_12,on_scene
2025-02-04 11:35:00,8,51.18347,-114.06961,G19_08,on_scene
2025-02-04 11:35:00,9,51.03382,-114.00933,G10_11,returning
2025-02-04 11:35:00,10,51.01351,-114.13668,G09_06,on_scene
2025-02-04 11:40:00,1,51.06114,-114.09477,G12_08,on_scene
2025-02-04 11:40:00,2,50.95553,-114.07178,G06_08,on_scene
2025-02-04 11:40:00,3,51.10988,-114.15835,G14_05,returning
2025-02-04 11:40:00,4,51.065,-113.97,G12_12,staged
2025-02-04 11:40:00,5,51.16803,-114.118,G18_07,on_scene
2025-02-04 11:40:00,6,50.903,-113.97,G03_12,staged
2025-02-04 11:40:00,7,50.96879,-113.95822,G07_12,on_scene
2025-02-04 11:40:00,8,51.18347,-114.06961,G19_08,on_scene
2025-02-04 11:40:00,9,51.01181,-113.9984,G09_11,returning
2025-02-04 11:40:00,10,51.01351,-114.13668,G09_06,on_scene
2025-02-04 11:45:00,1,51.06114,-114.09477,G12_08,on_scene
2025-02-04 11:45:00,2,50.97566,-114.0686,G07_08,responding
2025-02-04 11:45:00,3,51.11306,-114.12197,G15_06,returning
2025-02-04 11:45:00,4,51.065,-113.97,G12_12,staged
2025-02-04 11:45:00,5,51.1666,-114.1215,G18_07,returning
2025-02-04 11:45:00,6,50.903,-113.97,G03_12,staged
2025-02-04 11:45:00,7,50.96879,-113.95822,G07_12,on_scene
2025-02-04 11:45:00,8,51.18347,-114.06961,G19_08,on_scene
2025-02-04 11:45:00,9,51.011,-113.998,G09_11,staged
2025-02-04 11:45:00,10,51.01351,-114.13668,G09_06,on_scene
2025-02-04 11:50:00,1,51.06114,-114.09477,G12_08,on_scene
2025-02-04 11:50:00,2,50.97591,-114.06856,G07_08,on_scene
2025-02-04 11:50:00,3,51.11624,-114.08559,G15_08,returning
2025-02-04 11:50:00,4,51.065,-113.97,G12_12,staged
2025-02-04 11:50:00,5,51.15402,-114.15231,G17_05,returning
2025-02-04 11:50:00,6,50.903,-113.97,G03_12,staged
2025-02-04 11:50:00,7,50.97122,-113.97069,G07_12,returning
2025-02-04 11:50:00,8,51.18347,-114.06961,G19_08,on_scene
2025-02-04 11:50:00,9,51.011,-113.998,G09_11,staged
2025-02-04 11:50:00,10,51.01351,-114.13668,G09_06,on_scene
2025-02-04 11:55:00,1,51.0507,-114.06466,G11_09,returning
2025-02-04 11:55:00,2,50.97591,-114.06856,G07_08,on_scene
2025-02-04 11:55:00,3,51.119,-114.054,G15_09,staged
2025-02-04 11:55:00,4,51.065,-113.97,G12_12,staged
2025-02-04 11:55:00,5,51.14144,-114.18312,G16_04,returning
2025-02-04 11:55:00,6,50.903,-113.97,G03_12,staged
2025-02-04 11:55:00,7,50.97329,-114.00656,G07_11,responding
2025-02-04 11:55:00,8,51.18347,-114.06961,G19_08,on_scene
2025-02-04 11:55:00,9,51.011,-113.998,G09_11,staged
2025-02-04 11:55:00,10,51.01351,-114.13668,G09_06,on_scene
2025-02-04 12:00:00,1,51.047,-114.054,G11_09,staged
2025-02-04 12:00:00,2,50.97591,-114.06856,G07_08,on_scene
2025-02-04 12:00:00,3,51.119,-114.054,G15_09,staged
2025-02-04 12:00:00,4,51.065,-113.97,G12_12,staged
2025-02-04 12:00:00,5,51.137,-114.194,G16_04,staged
2025-02-04 12:00:00,6,50.903,-113.97,G03_12,staged
2025-02-04 12:00:00,7,50.97291,-114.01586,G07_10,on_scene
2025-02-04 12:00:00,8,51.18347,-114.06961,G19_08,on_scene
2025-02-04 12:00:00,9,51.011,-113.998,G09_11,staged
2025-02-04 12:00:00,10,51.01351,-114.13668,G09_06,on_scene
2025-02-04 12:05:00,1,51.047,-114.054,G11_09,staged
2025-02-04 12:05:00,2,50.97591,-114.06856,G07_08,on_scene
2025-02-04 12:05:00,3,51.119,-114.054,G15_09,staged
2025-02-04 12:05:00,4,51.065,-113.97,G12_12,staged
2025-02-04 12:05:00,5,51.137,-114.194,G16_04,staged
2025-02-04 12:05:00,6,50.903,-113.97,G03_12,staged
2025-02-04 12:05:00,7,50.97291,-114.01586,G07_10,on_scene
2025-02-04 12:05:00,8,51.17395,-114.04921,G18_09,returning
2025-02-04 12:05:00,9,51.011,-113.998,G09_11,staged
2025-02-04 12:05:00,10,51.02206,-114.13702,G10_06,returning
2025-02-04 12:10:00,1,51.047,-114.054,G11_09,staged
2025-02-04 12:10:00,2,50.97591,-114.06856,G07_08,on_scene
2025-02-04 12:10:00,3,51.119,-114.054,G15_09,staged
2025-02-04 12:10:00,4,51.065,-113.97,G12_12,staged
2025-02-04 12:10:00,5,51.137,-114.194,G16_04,staged
2025-02-04 12:10:00,6,50.903,-113.97,G03_12,staged
2025-02-04 12:10:00,7,50.97291,-114.01586,G07_10,on_scene
2025-02-04 12:10:00,8,51.16019,-114.01971,G17_10,returning
2025-02-04 12:10:00,9,51.008,-114.01199,G09_11,responding
2025-02-04 12:10:00,10,51.04511,-114.13793,G11_06,returning
2025-02-04 12:15:00,1,51.047,-114.054,G11_09,staged
2025-02-04 12:15:00,2,50.97591,-114.06856,G07_08,on_scene
2025-02-04 12:15:00,3,51.119,-114.054,G15_09,staged
2025-02-04 12:15:00,4,51.065,-113.97,G12_12,staged
2025-02-04 12:15:00,5,51.137,-114.194,G16_04,staged
2025-02-04 12:15:00,6,50.903,-113.97,G03_12,staged
2025-02-04 12:15:00,7,50.97291,-114.01586,G07_10,on_scene
2025-02-04 12:15:00,8,51.14643,-113.99021,G17_11,returning
2025-02-04 12:15:00,9,51.00058,-114.04668,G08_09,responding
2025-02-04 12:15:00,10,51.047,-114.138,G11_06,staged
2025-02-04 12:20:00,1,51.047,-114.054,G11_09,staged
2025-02-04 12:20:00,2,50.95368,-114.07665,G06_08,returning
2025-02-04 12:20:00,3,51.119,-114.054,G15_09,staged
2025-02-04 12:20:00,4,51.065,-113.97,G12_12,staged
2025-02-04 12:20:00,5,51.137,-114.194,G16_04,staged
2025-02-04 12:20:00,6,50.903,-113.97,G03_12,staged
2025-02-04 12:20:00,7,50.97291,-114.01586,G07_10,on_scene
2025-02-04 12:20:00,8,51.137,-113.97,G16_12,staged
2025-02-04 12:20:00,9,50.99774,-114.05995,G08_09,on_scene
2025-02-04 12:20:00,10,51.047,-114.138,G11_06,staged
2025-02-04 12:25:00,1,51.047,-114.054,G11_09,staged
2025-02-04 12:25:00,2,50.939,-114.082,G05_08,staged
2025-02-04 12:25:00,3,51.119,-114.054,G15_09,staged
2025-02-04 12:25:00,4,51.065,-113.97,G12_12,staged
2025-02-04 12:25:00,5,51.137,-114.194,G16_04,staged
2025-02-04 12:25:00,6,50.903,-113.97,G03_12,staged
2025-02-04 12:25:00,7,50.97291,-114.01586,G07_10,on_scene
2025-02-04 12:25:00,8,51.137,-113.97,G16_12,staged
2025-02-04 12:25:00,9,50.99774,-114.05995,G08_09,on_scene
2025-02-04 12:25:00,10,51.047,-114.138,G11_06,staged
2025-02-04 12:30:00,1,51.047,-114.054,G11_09,staged
2025-02-04 12:30:00,2,50.939,-114.082,G05_08,staged
2025-02-04 12:30:00,3,51.119,-114.054,G15_09,staged
2025-02-04 12:30:00,4,51.065,-113.97,G12_12,staged
2025-02-04 12:30:00,5,51.137,-114.194,G16_04,staged
2025-02-04 12:30:00,6,50.903,-113.97,G03_12,staged
2025-02-04 12:30:00,7,50.98038,-114.04046,G07_09,returning
2025-02-04 12:30:00,8,51.137,-113.97,G16_12,staged
2025-02-04 12:30:00,9,50.99774,-114.05995,G08_09,on_scene
2025-02-04 12:30:00,10,51.047,-114.138,G11_06,staged
2025-02-04 12:35:00,1,51.047,-114.054,G11_09,staged
2025-02-04 12:35:00,2,50.939,-114.082,G05_08,staged
2025-02-04 12:35:00,3,51.119,-114.054,G15_09,staged
2025-02-04 12:35:00,4,51.065,-113.97,G12_12,staged
2025-02-04 12:35:00,5,51.137,-114.194,G16_04,staged
2025-02-04 12:35:00,6,50.903,-113.97,G03_12,staged
2025-02-04 12:35:00,7,50.9904,-114.07345,G08_08,returning
2025-02-04 12:35:00,8,51.137,-113.97,G16_12,staged
2025-02-04 12:35:00,9,50.99774,-114.05995,G08_09,on_scene
2025-02-04 12:35:00,10,51.047,-114.138,G11_06,staged
2025-02-04 12:40:00,1,51.047,-114.054,G11_09,staged
2025-02-04 12:40:00,2,50.939,-114.082,G05_08,staged
2025-02-04 12:40:00,3,51.119,-114.054,G15_09,staged
2025-02-04 12:40:00,4,51.065,-113.97,G12_12,staged
2025-02-04 12:40:00,5,51.137,-114.194,G16_04,staged
2025-02-04 12:40:00,6,50.903,-113.97,G03_12,staged
2025-02-04 12:40:00,7,50.993,-114.082,G08_08,staged
2025-02-04 12:40:00,8,51.137,-113.97,G16_12,staged
2025-02-04 12:40:00,9,50.99774,-114.05995,G08_09,on_scene
2025-02-04 12:40:00,10,51.047,-114.138,G11_06,staged
2025-02-04 12:45:00,1,51.047,-114.054,G11_09,staged
2025-02-04 12:45:00,2,50.939,-114.082,G05_08,staged
2025-02-04 12:45:00,3,51.119,-114.054,G15_09,staged
2025-02-04 12:45:00,4,51.065,-113.97,G12_12,staged
2025-02-04 12:45:00,5,51.137,-114.194,G16_04,staged
2025-02-04 12:45:00,6,50.903,-113.97,G03_12,staged
2025-02-04 12:45:00,7,50.993,-114.082,G08_08,staged
2025-02-04 12:45:00,8,51.137,-113.97,G16_12,staged
2025-02-04 12:45:00,9,50.99774,-114.05995,G08_09,on_scene
2025-02-04 12:45:00,10,51.047,-114.138,G11_06,staged
2025-02-04 12:50:00,1,51.047,-114.054,G11_09,staged
2025-02-04 12:50:00,2,50.939,-114.082,G05_08,staged
2025-02-04 12:50:00,3,51.119,-114.054,G15_09,staged
2025-02-04 12:50:00,4,51.065,-113.97,G12_12,staged
2025-02-04 12:50:00,5,51.137,-114.194,G16_04,staged
2025-02-04 12:50:00,6,50.903,-113.97,G03_12,staged
2025-02-04 12:50:00,7,50.993,-114.082,G08_08,staged
2025-02-04 12:50:00,8,51.137,-113.97,G16_12,staged
2025-02-04 12:50:00,9,51.00232,-114.03852,G09_10,returning
2025-02-04 12:50:00,10,51.047,-114.138,G11_06,staged
2025-02-04 12:55:00,1,51.047,-114.054,G11_09,staged
2025-02-04 12:55:00,2,50.939,-114.082,G05_08,staged
2025-02-04 12:55:00,3,51.119,-114.054,G15_09,staged
2025-02-04 12:55:00,4,51.065,-113.97,G12_12,staged
2025-02-04 12:55:00,5,51.137,-114.194,G16_04,staged
2025-02-04 12:55:00,6,50.903,-113.97,G03_12,staged
2025-02-04 12:55:00,7,50.993,-114.082,G08_08,staged
2025-02-04 12:55:00,8,51.137,-113.97,G16_12,staged
2025-02-04 12:55:00,9,51.00975,-114.00383,G09_11,returning
2025-02-04 12:55:00,10,51.047,-114.138,G11_06,staged
2025-02-04 13:00:00,1,51.047,-114.054,G11_09,staged
2025-02-04 13:00:00,2,50.939,-114.082,G05_08,staged
2025-02-04 13:00:00,3,51.119,-114.054,G15_09,staged
2025-02-04 13:00:00,4,51.065,-113.97,G12_12,staged
2025-02-04 13:00:00,5,51.137,-114.194,G16_04,staged
2025-02-04 13:00:00,6,50.903,-113.97,G03_12,staged
2025-02-04 13:00:00,7,50.993,-114.082,G08_08,staged
2025-02-04 13:00:00,8,51.137,-113.97,G16_12,staged
2025-02-04 13:00:00,9,51.01525,-114.0031,G09_11,on_scene
2025-02-04 13:00:00,10,51.047,-114.138,G11_06,staged
2025-02-04 13:05:00,1,51.047,-114.054,G11_09,staged
2025-02-04 13:05:00,2,50.939,-114.082,G05_08,staged
2025-02-04 13:05:00,3,51.119,-114.054,G15_09,staged
2025-02-04 13:05:00,4,51.065,-113.97,G12_12,staged
2025-02-04 13:05:00,5,51.137,-114.194,G16_04,staged
2025-02-04 13:05:00,6,50.903,-113.97,G03_12,staged
2025-02-04 13:05:00,7,50.993,-114.082,G08_08,staged
2025-02-04 13:05:00,8,51.137,-113.97,G16_12,staged
2025-02-04 13:05:00,9,51.01525,-114.0031,G09_11,on_scene
2025-02-04 13:05:00,10,51.047,-114.138,G11_06,staged
2025-02-04 13:10:00,1,51.047,-114.054,G11_09,staged
2025-02-04 13:10:00,2,50.939,-114.082,G05_08,staged
2025-02-04 13:10:00,3,51.119,-114.054,G15_09,staged
2025-02-04 13:10:00,4,51.065,-113.97,G12_12,staged
2025-02-04 13:10:00,5,51.137,-114.194,G16_04,staged
2025-02-04 13:10:00,6,50.903,-113.97,G03_12,staged
2025-02-04 13:10:00,7,50.993,-114.082,G08_08,staged
2025-02-04 13:10:00,8,51.137,-113.97,G16_12,staged
2025-02-04 13:10:00,9,51.01525,-114.0031,G09_11,on_scene
2025-02-04 13:10:00,10,51.047,-114.138,G11_06,staged
2025-02-04 13:15:00,1,51.047,-114.054,G11_09,staged
2025-02-04 13:15:00,2,50.939,-114.082,G05_08,staged
2025-02-04 13:15:00,3,51.119,-114.054,G15_09,staged
2025-02-04 13:15:00,4,51.065,-113.97,G12_12,staged
2025-02-04 13:15:00,5,51.137,-114.194,G16_04,staged
2025-02-04 13:15:00,6,50.903,-113.97,G03_12,staged
2025-02-04 13:15:00,7,50.993,-114.082,G08_08,staged
2025-02-04 13:15:00,8,51.137,-113.97,G16_12,staged
2025-02-04 13:15:00,9,51.01525,-114.0031,G09_11,on_scene
2025-02-04 13:15:00,10,51.047,-114.138,G11_06,staged
2025-02-04 13:20:00,1,51.04793,-114.07372,G11_08,on_scene
2025-02-04 13:20:00,2,50.939,-114.082,G05_08,staged
2025-02-04 13:20:00,3,51.119,-114.054,G15_09,staged
2025-02-04 13:20:00,4,51.065,-113.97,G12_12,staged
2025-02-04 13:20:00,5,51.137,-114.194,G16_04,staged
2025-02-04 13:20:00,6,50.90773,-113.9691,G03_12,responding
2025-02-04 13:20:00,7,50.993,-114.082,G08_08,staged
2025-02-04 13:20:00,8,51.137,-113.97,G16_12,staged
2025-02-04 13:20:00,9,51.01525,-114.0031,G09_11,on_scene
2025-02-04 13:20:00,10,51.047,-114.138,G11_06,staged
2025-02-04 13:25:00,1,51.04793,-114.07372,G11_08,on_scene
2025-02-04 13:25:00,2,50.939,-114.082,G05_08,staged
2025-02-04 13:25:00,3,51.119,-114.054,G15_09,staged
2025-02-04 13:25:00,4,51.065,-113.97,G12_12,staged
2025-02-04 13:25:00,5,51.137,-114.194,G16_04,staged
2025-02-04 13:25:00,6,50.93063,-113.96476,G05_12,responding
2025-02-04 13:25:00,7,50.993,-114.082,G08_08,staged
2025-02-04 13:25:00,8,51.137,-113.97,G16_12,staged
2025-02-04 13:25:00,9,51.01525,-114.0031,G09_11,on_scene
2025-02-04 13:25:00,10,51.047,-114.138,G11_06,staged
2025-02-04 13:30:00,1,51.04793,-114.07372,G11_08,on_scene
2025-02-04 13:30:00,2,50.939,-114.082,G05_08,staged
2025-02-04 13:30:00,3,51.119,-114.054,G15_09,staged
2025-02-04 13:30:00,4,51.065,-113.97,G12_12,staged
2025-02-04 13:30:00,5,51.137,-114.194,G16_04,staged
2025-02-04 13:30:00,6,50.95353,-113.96042,G06_12,responding
2025-02-04 13:30:00,7,50.993,-114.082,G08_08,staged
2025-02-04 13:30:00,8,51.137,-113.97,G16_12,staged
2025-02-04 13:30:00,9,51.011,-113.998,G09_11,staged
2025-02-04 13:30:00,10,51.047,-114.138,G11_06,staged
2025-02-04 13:35:00,1,51.04793,-114.07372,G11_08,on_scene
2025-02-04 13:35:00,2,50.939,-114.082,G05_08,staged
2025-02-04 13:35:00,3,51.119,-114.054,G15_09,staged
2025-02-04 13:35:00,4,51.065,-113.97,G12_12,staged
2025-02-04 13:35:00,5,51.137,-114.194,G16_04,staged
2025-02-04 13:35:00,6,50.95778,-113.95961,G06_12,on_scene
2025-02-04 13:35:00,7,50.993,-114.082,G08_08,staged
2025-02-04 13:35:00,8,51.137,-113.97,G16_12,staged
2025-02-04 13:35:00,9,51.011,-113.998,G09_11,staged
2025-02-04 13:35:00,10,51.047,-114.138,G11_06,staged
2025-02-04 13:40:00,1,51.04793,-114.07372,G11_08,on_scene
2025-02-04 13:40:00,2,50.939,-114.082,G05_08,staged
2025-02-04 13:40:00,3,51.119,-114.054,G15_09,staged
2025-02-04 13:40:00,4,51.065,-113.97,G12_12,staged
2025-02-04 13:40:00,5,51.137,-114.194,G16_04,staged
2025-02-04 13:40:00,6,50.95778,-113.95961,G06_12,on_scene
2025-02-04 13:40:00,7,50.993,-114.082,G08_08,staged
2025-02-04 13:40:00,8,51.137,-113.97,G16_12,staged
2025-02-04 13:40:00,9,51.011,-113.998,G09_11,staged
2025-02-04 13:40:00,10,51.047,-114.138,G11_06,staged
2025-02-04 13:45:00,1,51.04793,-114.07372,G11_08,on_scene
2025-02-04 13:45:00,2,50.939,-114.082,G05_08,staged
2025-02-04 13:45:00,3,51.119,-114.054,G15_09,staged
2025-02-04 13:45:00,4,51.065,-113.97,G12_12,staged
2025-02-04 13:45:00,5,51.137,-114.194,G16_04,staged
2025-02-04 13:45:00,6,50.95778,-113.95961,G06_12,on_scene
2025-02-04 13:45:00,7,50.993,-114.082,G08_08,staged
2025-02-04 13:45:00,8,51.137,-113.97,G16_12,staged
2025-02-04 13:45:00,9,51.011,-113.998,G09_11,staged
2025-02-04 13:45:00,10,51.047,-114.138,G11_06,staged
2025-02-04 13:50:00,1,51.04744,-114.06333,G11_09,returning
2025-02-04 13:50:00,2,50.939,-114.082,G05_08,staged
2025-02-04 13:50:00,3,51.119,-114.054,G15_09,staged
2025-02-04 13:50:00,4,51.065,-113.97,G12_12,staged
2025-02-04 13:50:00,5,51.137,-114.194,G16_04,staged
2025-02-04 13:50:00,6,50.95778,-113.95961,G06_12,on_scene
2025-02-04 13:50:00,7,50.99667,-114.10103,G08_07,responding
2025-02-04 13:50:00,8,51.137,-113.97,G16_12,staged
2025-02-04 13:50:00,9,51.011,-113.998,G09_11,staged
2025-02-04 13:50:00,10,51.03553,-114.12998,G10_06,responding
2025-02-04 13:55:00,1,51.047,-114.054,G11_09,staged
2025-02-04 13:55:00,2,50.939,-114.082,G05_08,staged
2025-02-04 13:55:00,3,51.119,-114.054,G15_09,staged
2025-02-04 13:55:00,4,51.065,-113.97,G12_12,staged
2025-02-04 13:55:00,5,51.137,-114.194,G16_04,staged
2025-02-04 13:55:00,6,50.95778,-113.95961,G06_12,on_scene
2025-02-04 13:55:00,7,50.99737,-114.10467,G08_07,on_scene
2025-02-04 13:55:00,8,51.137,-113.97,G16_12,staged
2025-02-04 13:55:00,9,51.011,-113.998,G09_11,staged
2025-02-04 13:55:00,10,51.01442,-114.11523,G09_07,responding
2025-02-04 14:00:00,1,51.047,-114.054,G11_09,staged
2025-02-04 14:00:00,2,50.939,-114.082,G05_08,staged
2025-02-04 14:00:00,3,51.119,-114.054,G15_09,staged
2025-02-04 14:00:00,4,51.065,-113.97,G12_12,staged
2025-02-04 14:00:00,5,51.137,-114.194,G16_04,staged
2025-02-04 14:00:00,6,50.95778,-113.95961,G06_12,on_scene
2025-02-04 14:00:00,7,50.99737,-114.10467,G08_07,on_scene
2025-02-04 14:00:00,8,51.137,-113.97,G16_12,staged
2025-02-04 14:00:00,9,51.011,-113.998,G09_11,staged
2025-02-04 14:00:00,10,50.99667,-114.10282,G08_07,on_scene
2025-02-04 14:05:00,1,51.047,-114.054,G11_09,staged
2025-02-04 14:05:00,2,50.939,-114.082,G05_08,staged
2025-02-04 14:05:00,3,51.119,-114.054,G15_09,staged
2025-02-04 14:05:00,4,51.065,-113.97,G12_12,staged
2025-02-04 14:05:00,5,51.137,-114.194,G16_04,staged
2025-02-04 14:05:00,6,50.93913,-113.96315,G05_12,returning
2025-02-04 14:05:00,7,50.99737,-114.10467,G08_07,on_scene
2025-02-04 14:05:00,8,51.137,-113.97,G16_12,staged
2025-02-04 14:05:00,9,51.011,-113.998,G09_11,staged
2025-02-04 14:05:00,10,50.99667,-114.10282,G08_07,on_scene
2025-02-04 14:10:00,1,51.047,-114.054,G11_09,staged
2025-02-04 14:10:00,2,50.939,-114.082,G05_08,staged
2025-02-04 14:10:00,3,51.119,-114.054,G15_09,staged
2025-02-04 14:10:00,4,51.065,-113.97,G12_12,staged
2025-02-04 14:10:00,5,51.137,-114.194,G16_04,staged
2025-02-04 14:10:00,6,50.91623,-113.96749,G04_12,returning
2025-02-04 14:10:00,7,50.99737,-114.10467,G08_07,on_scene
2025-02-04 14:10:00,8,51.137,-113.97,G16_12,staged
2025-02-04 14:10:00,9,51.011,-113.998,G09_11,staged
2025-02-04 14:10:00,10,50.99667,-114.10282,G08_07,on_scene
2025-02-04 14:15:00,1,51.047,-114.054,G11_09,staged
2025-02-04 14:15:00,2,50.939,-114.082,G05_08,staged
2025-02-04 14:15:00,3,51.119,-114.054,G15_09,staged
2025-02-04 14:15:00,4,51.065,-113.97,G12_12,staged
2025-02-04 14:15:00,5,51.137,-114.194,G16_04,staged
2025-02-04 14:15:00,6,50.903,-113.97,G03_12,staged
2025-02-04 14:15:00,7,50.99737,-114.10467,G08_07,on_scene
2025-02-04 14:15:00,8,51.137,-113.97,G16_12,staged
2025-02-04 14:15:00,9,51.011,-113.998,G09_11,staged
2025-02-04 14:15:00,10,50.99667,-114.10282,G08_07,on_scene
2025-02-04 14:20:00,1,51.047,-114.054,G11_09,staged
2025-02-04 14:20:00,2,50.939,-114.082,G05_08,staged
2025-02-04 14:20:00,3,51.119,-114.054,G15_09,staged
2025-02-04 14:20:00,4,51.065,-113.97,G12_12,staged
2025-02-04 14:20:00,5,51.137,-114.194,G16_04,staged
2025-02-04 14:20:00,6,50.903,-113.97,G03_12,staged
2025-02-04 14:20:00,7,50.99737,-114.10467,G08_07,on_scene
2025-02-04 14:20:00,8,51.137,-113.97,G16_12,staged
2025-02-04 14:20:00,9,51.011,-113.998,G09_11,staged
2025-02-04 14:20:00,10,50.99667,-114.10282,G08_07,on_scene
2025-02-04 14:25:00,1,51.047,-114.054,G11_09,staged
2025-02-04 14:25:00,2,50.939,-114.082,G05_08,staged
2025-02-04 14:25:00,3,51.119,-114.054,G15_09,staged
2025-02-04 14:25:00,4,51.065,-113.97,G12_12,staged
2025-02-04 14:25:00,5,51.137,-114.194,G16_04,staged
2025-02-04 14:25:00,6,50.903,-113.97,G03_12,staged
2025-02-04 14:25:00,7,50.993,-114.082,G08_08,staged
2025-02-04 14:25:00,8,51.137,-113.97,G16_12,staged
2025-02-04 14:25:00,9,51.011,-113.998,G09_11,staged
2025-02-04 14:25:00,10,50.99667,-114.10282,G08_07,on_scene
2025-02-04 14:30:00,1,51.05265,-114.07027,G11_08,responding
2025-02-04 14:30:00,2,50.939,-114.082,G05_08,staged
2025-02-04 14:30:00,3,51.11393,-114.06185,G15_09,responding
2025-02-04 14:30:00,4,51.065,-113.97,G12_12,staged
2025-02-04 14:30:00,5,51.137,-114.194,G16_04,staged
2025-02-04 14:30:00,6,50.903,-113.97,G03_12,staged
2025-02-04 14:30:00,7,50.993,-114.082,G08_08,staged
2025-02-04 14:30:00,8,51.137,-113.97,G16_12,staged
2025-02-04 14:30:00,9,51.011,-113.998,G09_11,staged
2025-02-04 14:30:00,10,51.00003,-114.10517,G08_07,returning
2025-02-04 14:35:00,1,51.06381,-114.10238,G12_07,responding
2025-02-04 14:35:00,2,50.939,-114.082,G05_08,staged
2025-02-04 14:35:00,3,51.09739,-114.08744,G14_08,responding
2025-02-04 14:35:00,4,51.065,-113.97,G12_12,staged
2025-02-04 14:35:00,5,51.137,-114.194,G16_04,staged
2025-02-04 14:35:00,6,50.903,-113.97,G03_12,staged
2025-02-04 14:35:00,7,50.993,-114.082,G08_08,staged
2025-02-04 14:35:00,8,51.14243,-113.98827,G16_11,responding
2025-02-04 14:35:00,9,51.011,-113.998,G09_11,staged
2025-02-04 14:35:00,10,51.02114,-114.11992,G10_07,returning
2025-02-04 14:40:00,1,51.07217,-114.12645,G12_06,on_scene
2025-02-04 14:40:00,2,50.939,-114.082,G05_08,staged
2025-02-04 14:40:00,3,51.08085,-114.11302,G13_07,responding
2025-02-04 14:40:00,4,51.065,-113.97,G12_12,staged
2025-02-04 14:40:00,5,51.137,-114.194,G16_04,staged
2025-02-04 14:40:00,6,50.903,-113.97,G03_12,staged
2025-02-04 14:40:00,7,50.993,-114.082,G08_08,staged
2025-02-04 14:40:00,8,51.15229,-114.0215,G17_10,responding
2025-02-04 14:40:00,9,51.011,-113.998,G09_11,staged
2025-02-04 14:40:00,10,51.04225,-114.13468,G11_06,returning
2025-02-04 14:45:00,1,51.07217,-114.12645,G12_06,on_scene
2025-02-04 14:45:00,2,50.939,-114.082,G05_08,staged
2025-02-04 14:45:00,3,51.07217,-114.12645,G12_06,on_scene
2025-02-04 14:45:00,4,51.065,-113.97,G12_12,staged
2025-02-04 14:45:00,5,51.137,-114.194,G16_04,staged
2025-02-04 14:45:00,6,50.903,-113.97,G03_12,staged
2025-02-04 14:45:00,7,50.993,-114.082,G08_08,staged
2025-02-04 14:45:00,8,51.15438,-114.02852,G17_10,on_scene
2025-02-04 14:45:00,9,51.011,-113.998,G09_11,staged
2025-02-04 14:45:00,10,51.047,-114.138,G11_06,staged
2025-02-04 14:50:00,1,51.07217,-114.12645,G12_06,on_scene
2025-02-04 14:50:00,2,50.939,-114.082,G05_08,staged
2025-02-04 14:50:00,3,51.07217,-114.12645,G12_06,on_scene
2025-02-04 14:50:00,4,51.065,-113.97,G12_12,staged
2025-02-04 14:50:00,5,51.137,-114.194,G16_04,staged
2025-02-04 14:50:00,6,50.903,-113.97,G03_12,staged
2025-02-04 14:50:00,7,50.993,-114.082,G08_08,staged
2025-02-04 14:50:00,8,51.15438,-114.02852,G17_10,on_scene
2025-02-04 14:50:00,9,51.011,-113.998,G09_11,staged
2025-02-04 14:50:00,10,51.047,-114.138,G11_06,staged
2025-02-04 14:55:00,1,51.07217,-114.12645,G12_06,on_scene
2025-02-04 14:55:00,2,50.939,-114.082,G05_08,staged
2025-02-04 14:55:00,3,51.07217,-114.12645,G12_06,on_scene
2025-02-04 14:55:00,4,51.05326,-113.95582,G11_13,on_scene
2025-02-04 14:55:00,5,51.137,-114.194,G16_04,staged
2025-02-04 14:55:00,6,50.903,-113.97,G03_12,staged
2025-02-04 14:55:00,7,50.993,-114.082,G08_08,staged
2025-02-04 14:55:00,8,51.15438,-114.02852,G17_10,on_scene
2025-02-04 14:55:00,9,51.011,-113.998,G09_11,staged
2025-02-04 14:55:00,10,51.047,-114.138,G11_06,staged
2025-02-04 15:00:00,1,51.07217,-114.12645,G12_06,on_scene
2025-02-04 15:00:00,2,50.939,-114.082,G05_08,staged
2025-02-04 15:00:00,3,51.07217,-114.12645,G12_06,on_scene
2025-02-04 15:00:00,4,51.05326,-113.95582,G11_13,on_scene
2025-02-04 15:00:00,5,51.137,-114.194,G16_04,staged
2025-02-04 15:00:00,6,50.903,-113.97,G03_12,staged
2025-02-04 15:00:00,7,50.993,-114.082,G08_08,staged
2025-02-04 15:00:00,8,51.15438,-114.02852,G17_10,on_scene
2025-02-04 15:00:00,9,51.011,-113.998,G09_11,staged
2025-02-04 15:00:00,10,51.047,-114.138,G11_06,staged
2025-02-04 15:05:00,1,51.07217,-114.12645,G12_06,on_scene
2025-02-04 15:05:00,2,50.939,-114.082,G05_08,staged
2025-02-04 15:05:00,3,51.07217,-114.12645,G12_06,on_scene
2025-02-04 15:05:00,4,51.05326,-113.95582,G11_13,on_scene
2025-02-04 15:05:00,5,51.137,-114.194,G16_04,staged
2025-02-04 15:05:00,6,50.903,-113.97,G03_12,staged
2025-02-04 15:05:00,7,50.993,-114.082,G08_08,staged
2025-02-04 15:05:00,8,51.15438,-114.02852,G17_10,on_scene
2025-02-04 15:05:00,9,51.011,-113.998,G09_11,staged
2025-02-04 15:05:00,10,51.047,-114.138,G11_06,staged
2025-02-04 15:10:00,1,51.06938,-114.11842,G12_07,returning
2025-02-04 15:10:00,2,50.939,-114.082,G05_08,staged
2025-02-04 15:10:00,3,51.07217,-114.12645,G12_06,on_scene
2025-02-04 15:10:00,4,51.05326,-113.95582,G11_13,on_scene
2025-02-04 15:10:00,5,51.137,-114.194,G16_04,staged
2025-02-04 15:10:00,6,50.903,-113.97,G03_12,staged
2025-02-04 15:10:00,7,50.993,-114.082,G08_08,staged
2025-02-04 15:10:00,8,51.15438,-114.02852,G17_10,on_scene
2025-02-04 15:10:00,9,51.011,-113.998,G09_11,staged
2025-02-04 15:10:00,10,51.047,-114.138,G11_06,staged
2025-02-04 15:15:00,1,51.05823,-114.08631,G12_08,returning
2025-02-04 15:15:00,2,50.939,-114.082,G05_08,staged
2025-02-04 15:15:00,3,51.08003,-114.1143,G13_07,returning
2025-02-04 15:15:00,4,51.05326,-113.95582,G11_13,on_scene
2025-02-04 15:15:00,5,51.13927,-114.18905,G16_04,responding
2025-02-04 15:15:00,6,50.903,-113.97,G03_12,staged
2025-02-04 15:15:00,7,50.99467,-114.09829,G08_07,on_scene
2025-02-04 15:15:00,8,51.1466,-114.00232,G17_11,returning
2025-02-04 15:15:00,9,51.011,-113.998,G09_11,staged
2025-02-04 15:15:00,10,51.047,-114.138,G11_06,staged
2025-02-04 15:20:00,1,51.05459,-114.07005,G11_08,responding
2025-02-04 15:20:00,2,50.939,-114.082,G05_08,staged
2025-02-04 15:20:00,3,51.09657,-114.08871,G14_08,returning
2025-02-04 15:20:00,4,51.05326,-113.95582,G11_13,on_scene
2025-02-04 15:20:00,5,51.14919,-114.16738,G17_05,on_scene
2025-02-04 15:20:00,6,50.903,-113.97,G03_12,staged
2025-02-04 15:20:00,7,50.99467,-114.09829,G08_07,on_scene
2025-02-04 15:20:00,8,51.137,-113.97,G16_12,staged
2025-02-04 15:20:00,9,51.011,-113.998,G09_11,staged
2025-02-04 15:20:00,10,51.047,-114.138,G11_06,staged
2025-02-04 15:25:00,1,51.06687,-114.08948,G12_08,on_scene
2025-02-04 15:25:00,2,50.939,-114.082,G05_08,staged
2025-02-04 15:25:00,3,51.11311,-114.06312,G15_09,returning
2025-02-04 15:25:00,4,51.05872,-113.96241,G12_12,returning
2025-02-04 15:25:00,5,51.14919,-114.16738,G17_05,on_scene
2025-02-04 15:25:00,6,50.903,-113.97,G03_12,staged
2025-02-04 15:25:00,7,50.99467,-114.09829,G08_07,on_scene
2025-02-04 15:25:00,8,51.137,-113.97,G16_12,staged
2025-02-04 15:25:00,9,51.011,-113.998,G09_11,staged
2025-02-04 15:25:00,10,51.047,-114.138,G11_06,staged
2025-02-04 15:30:00,1,51.06687,-114.08948,G12_08,on_scene
2025-02-04 15:30:00,2,50.93487,-114.07527,G05_08,responding
2025-02-04 15:30:00,3,51.119,-114.054,G15_09,staged
2025-02-04 15:30:00,4,51.065,-113.97,G12_12,staged
2025-02-04 15:30:00,5,51.14919,-114.16738,G17_05,on_scene
2025-02-04 15:30:00,6,50.903,-113.97,G03_12,staged
2025-02-04 15:30:00,7,50.99467,-114.09829,G08_07,on_scene
2025-02-04 15:30:00,8,51.137,-113.97,G16_12,staged
2025-02-04 15:30:00,9,51.011,-113.998,G09_11,staged
2025-02-04 15:30:00,10,51.047,-114.138,G11_06,staged
2025-02-04 15:35:00,1,51.06687,-114.08948,G12_08,on_scene
2025-02-04 15:35:00,2,50.93158,-114.06989,G05_08,on_scene
2025-02-04 15:35:00,3,51.119,-114.054,G15_09,staged
2025-02-04 15:35:00,4,51.065,-113.97,G12_12,staged
2025-02-04 15:35:00,5,51.14919,-114.16738,G17_05,on_scene
2025-02-04 15:35:00,6,50.903,-113.97,G03_12,staged
2025-02-04 15:35:00,7,50.99467,-114.09829,G08_07,on_scene
2025-02-04 15:35:00,8,51.137,-113.97,G16_12,staged
2025-02-04 15:35:00,9,51.011,-113.998,G09_11,staged
2025-02-04 15:35:00,10,51.047,-114.138,G11_06,staged
2025-02-04 15:40:00,1,51.06687,-114.08948,G12_08,on_scene
2025-02-04 15:40:00,2,50.93158,-114.06989,G05_08,on_scene
2025-02-04 15:40:00,3,51.119,-114.054,G15_09,staged
2025-02-04 15:40:00,4,51.065,-113.97,G12_12,staged
2025-02-04 15:40:00,5,51.14919,-114.16738,G17_05,on_scene
2025-02-04 15:40:00,6,50.903,-113.97,G03_12,staged
2025-02-04 15:40:00,7,50.99467,-114.09829,G08_07,on_scene
2025-02-04 15:40:00,8,51.137,-113.97,G16_12,staged
2025-02-04 15:40:00,9,51.01028,-114.00462,G09_11,responding
2025-02-04 15:40:00,10,51.06136,-114.12401,G12_06,responding
2025-02-04 15:45:00,1,51.06687,-114.08948,G12_08,on_scene
2025-02-04 15:45:00,2,50.93158,-114.06989,G05_08,on_scene
2025-02-04 15:45:00,3,51.119,-114.054,G15_09,staged
2025-02-04 15:45:00,4,51.065,-113.97,G12_12,staged
2025-02-04 15:45:00,5,51.14919,-114.16738,G17_05,on_scene
2025-02-04 15:45:00,6,50.903,-113.97,G03_12,staged
2025-02-04 15:45:00,7,50.99446,-114.09626,G08_07,returning
2025-02-04 15:45:00,8,51.137,-113.97,G16_12,staged
2025-02-04 15:45:00,9,51.00867,-114.01943,G09_10,on_scene
2025-02-04 15:45:00,10,51.08102,-114.10486,G13_07,responding
2025-02-04 15:50:00,1,51.06687,-114.08948,G12_08,on_scene
2025-02-04 15:50:00,2,50.93158,-114.06989,G05_08,on_scene
2025-02-04 15:50:00,3,51.119,-114.054,G15_09,staged
2025-02-04 15:50:00,4,51.06981,-113.96472,G12_12,responding
2025-02-04 15:50:00,5,51.1485,-114.17724,G17_05,responding
2025-02-04 15:50:00,6,50.903,-113.97,G03_12,staged
2025-02-04 15:50:00,7,50.993,-114.082,G08_08,staged
2025-02-04 15:50:00,8,51.137,-113.97,G16_12,staged
2025-02-04 15:50:00,9,51.00867,-114.01943,G09_10,on_scene
2025-02-04 15:50:00,10,51.08513,-114.10085,G13_07,on_scene
2025-02-04 15:55:00,1,51.06918,-114.09784,G12_07,responding
2025-02-04 15:55:00,2,50.93158,-114.06989,G05_08,on_scene
2025-02-04 15:55:00,3,51.1252,-114.07135,G15_08,responding
2025-02-04 15:55:00,4,51.08879,-113.94387,G13_13,responding
2025-02-04 15:55:00,5,51.14593,-114.21377,G16_03,responding
2025-02-04 15:55:00,6,50.903,-113.97,G03_12,staged
2025-02-04 15:55:00,7,50.993,-114.082,G08_08,staged
2025-02-04 15:55:00,8,51.137,-113.97,G16_12,staged
2025-02-04 15:55:00,9,51.00867,-114.01943,G09_10,on_scene
2025-02-04 15:55:00,10,51.08513,-114.10085,G13_07,on_scene
2025-02-04 16:00:00,1,51.07426,-114.11618,G13_07,on_scene
2025-02-04 16:00:00,2,50.93158,-114.06989,G05_08,on_scene
2025-02-04 16:00:00,3,51.12521,-114.07138,G15_08,on_scene
2025-02-04 16:00:00,4,51.09675,-113.93512,G14_13,on_scene
2025-02-04 16:00:00,5,51.14337,-114.2503,G16_02,responding
2025-02-04 16:00:00,6,50.903,-113.97,G03_12,staged
2025-02-04 16:00:00,7,51.00109,-114.08495,G08_08,responding
2025-02-04 16:00:00,8,51.137,-113.97,G16_12,staged
2025-02-04 16:00:00,9,51.00867,-114.01943,G09_10,on_scene
2025-02-04 16:00:00,10,51.08513,-114.10085,G13_07,on_scene
2025-02-04 16:05:00,1,51.07426,-114.11618,G13_07,on_scene
2025-02-04 16:05:00,2,50.939,-114.082,G05_08,staged
2025-02-04 16:05:00,3,51.12521,-114.07138,G15_08,on_scene
2025-02-04 16:05:00,4,51.09675,-113.93512,G14_13,on_scene
2025-02-04 16:05:00,5,51.14287,-114.25737,G16_02,on_scene
2025-02-04 16:05:00,6,50.903,-113.97,G03_12,staged
2025-02-04 16:05:00,7,51.02357,-114.09314,G10_08,responding
2025-02-04 16:05:00,8,51.137,-113.97,G16_12,staged
2025-02-04 16:05:00,9,51.00867,-114.01943,G09_10,on_scene
2025-02-04 16:05:00,10,51.08513,-114.10085,G13_07,on_scene
2025-02-04 16:10:00,1,51.07426,-114.11618,G13_07,on_scene
2025-02-04 16:10:00,2,50.939,-114.082,G05_08,staged
2025-02-04 16:10:00,3,51.12521,-114.07138,G15_08,on_scene
2025-02-04 16:10:00,4,51.09675,-113.93512,G14_13,on_scene
2025-02-04 16:10:00,5,51.14287,-114.25737,G16_02,on_scene
2025-02-04 16:10:00,6,50.903,-113.97,G03_12,staged
2025-02-04 16:10:00,7,51.04247,-114.10003,G11_07,on_scene
2025-02-04 16:10:00,8,51.13222,-113.98439,G16_11,responding
2025-02-04 16:10:00,9,51.00867,-114.01943,G09_10,on_scene
2025-02-04 16:10:00,10,51.08513,-114.10085,G13_07,on_scene
2025-02-04 16:15:00,1,51.07426,-114.11618,G13_07,on_scene
2025-02-04 16:15:00,2,50.939,-114.082,G05_08,staged
2025-02-04 16:15:00,3,51.12521,-114.07138,G15_08,on_scene
2025-02-04 16:15:00,4,51.09675,-113.93512,G14_13,on_scene
2025-02-04 16:15:00,5,51.14287,-114.25737,G16_02,on_scene
2025-02-04 16:15:00,6,50.903,-113.97,G03_12,staged
2025-02-04 16:15:00,7,51.04247,-114.10003,G11_07,on_scene
2025-02-04 16:15:00,8,51.12142,-114.01686,G15_10,responding
2025-02-04 16:15:00,9,51.01099,-113.99812,G09_11,returning
2025-02-04 16:15:00,10,51.08513,-114.10085,G13_07,on_scene
2025-02-04 16:20:00,1,51.07426,-114.11618,G13_07,on_scene
2025-02-04 16:20:00,2,50.939,-114.082,G05_08,staged
2025-02-04 16:20:00,3,51.12521,-114.07138,G15_08,on_scene
2025-02-04 16:20:00,4,51.09675,-113.93512,G14_13,on_scene
2025-02-04 16:20:00,5,51.14287,-114.25737,G16_02,on_scene
2025-02-04 16:20:00,6,50.903,-113.97,G03_12,staged
2025-02-04 16:20:00,7,51.04247,-114.10003,G11_07,on_scene
2025-02-04 16:20:00,8,51.11065,-114.04927,G15_09,on_scene
2025-02-04 16:20:00,9,51.011,-113.998,G09_11,staged
2025-02-04 16:20:00,10,51.09463,-114.12566,G14_06,responding
2025-02-04 16:25:00,1,51.07426,-114.11618,G13_07,on_scene
2025-02-04 16:25:00,2,50.939,-114.082,G05_08,staged
2025-02-04 16:25:00,3,51.12521,-114.07138,G15_08,on_scene
2025-02-04 16:25:00,4,51.09675,-113.93512,G14_13,on_scene
2025-02-04 16:25:00,5,51.14287,-114.25737,G16_02,on_scene
2025-02-04 16:25:00,6,50.903,-113.97,G03_12,staged
2025-02-04 16:25:00,7,51.04247,-114.10003,G11_07,on_scene
2025-02-04 16:25:00,8,51.11065,-114.04927,G15_09,on_scene
2025-02-04 16:25:00,9,51.011,-113.998,G09_11,staged
2025-02-04 16:25:00,10,51.10662,-114.15702,G14_05,responding
2025-02-04 16:30:00,1,51.06828,-114.10252,G12_07,returning
2025-02-04 16:30:00,2,50.939,-114.082,G05_08,staged
2025-02-04 16:30:00,3,51.119,-114.054,G15_09,staged
2025-02-04 16:30:00,4,51.08574,-113.94722,G13_13,returning
2025-02-04 16:30:00,5,51.14287,-114.25737,G16_02,on_scene
2025-02-04 16:30:00,6,50.903,-113.97,G03_12,staged
2025-02-04 16:30:00,7,51.04247,-114.10003,G11_07,on_scene
2025-02-04 16:30:00,8,51.11065,-114.04927,G15_09,on_scene
2025-02-04 16:30:00,9,51.011,-113.998,G09_11,staged
2025-02-04 16:30:00,10,51.11862,-114.18839,G15_04,responding
2025-02-04 16:35:00,1,51.05508,-114.07243,G11_08,returning
2025-02-04 16:35:00,2,50.93411,-114.07988,G05_08,responding
2025-02-04 16:35:00,3,51.119,-114.054,G15_09,staged
2025-02-04 16:35:00,4,51.06676,-113.96807,G12_12,returning
2025-02-04 16:35:00,5,51.14015,-114.22806,G16_03,returning
2025-02-04 16:35:00,6,50.903,-113.97,G03_12,staged
2025-02-04 16:35:00,7,51.04247,-114.10003,G11_07,on_scene
2025-02-04 16:35:00,8,51.11065,-114.04927,G15_09,on_scene
2025-02-04 16:35:00,9,51.011,-113.998,G09_11,staged
2025-02-04 16:35:00,10,51.12657,-114.20917,G15_03,on_scene
2025-02-04 16:40:00,1,51.047,-114.054,G11_09,staged
2025-02-04 16:40:00,2,50.91186,-114.07024,G03_08,responding
2025-02-04 16:40:00,3,51.119,-114.054,G15_09,staged
2025-02-04 16:40:00,4,51.065,-113.97,G12_12,staged
2025-02-04 16:40:00,5,51.137,-114.194,G16_04,staged
2025-02-04 16:40:00,6,50.903,-113.97,G03_12,staged
2025-02-04 16:40:00,7,51.03889,-114.09873,G11_07,returning
2025-02-04 16:40:00,8,51.11065,-114.04927,G15_09,on_scene
2025-02-04 16:40:00,9,51.011,-113.998,G09_11,staged
2025-02-04 16:40:00,10,51.12657,-114.20917,G15_03,on_scene
2025-02-04 16:45:00,1,51.047,-114.054,G11_09,staged
2025-02-04 16:45:00,2,50.90403,-114.06685,G03_09,on_scene
2025-02-04 16:45:00,3,51.119,-114.054,G15_09,staged
2025-02-04 16:45:00,4,51.06041,-113.96924,G12_12,responding
2025-02-04 16:45:00,5,51.137,-114.194,G16_04,staged
2025-02-04 16:45:00,6,50.903,-113.97,G03_12,staged
2025-02-04 16:45:00,7,51.01641,-114.09053,G09_08,returning
2025-02-04 16:45:00,8,51.11065,-114.04927,G15_09,on_scene
2025-02-04 16:45:00,9,51.0084,-113.99194,G09_11,responding
2025-02-04 16:45:00,10,51.12657,-114.20917,G15_03,on_scene
2025-02-04 16:50:00,1,51.047,-114.054,G11_09,staged
2025-02-04 16:50:00,2,50.90403,-114.06685,G03_09,on_scene
2025-02-04 16:50:00,3,51.119,-114.054,G15_09,staged
2025-02-04 16:50:00,4,51.03748,-113.96547,G10_12,responding
2025-02-04 16:50:00,5,51.137,-114.194,G16_04,staged
2025-02-04 16:50:00,6,50.903,-113.97,G03_12,staged
2025-02-04 16:50:00,7,50.99394,-114.08234,G08_08,returning
2025-02-04 16:50:00,8,51.11067,-114.04922,G15_09,returning
2025-02-04 16:50:00,9,50.99542,-113.96166,G08_12,responding
2025-02-04 16:50:00,10,51.12657,-114.20917,G15_03,on_scene
2025-02-04 16:55:00,1,51.047,-114.054,G11_09,staged
2025-02-04 16:55:00,2,50.90403,-114.06685,G03_09,on_scene
2025-02-04 16:55:00,3,51.119,-114.054,G15_09,staged
2025-02-04 16:55:00,4,51.01454,-113.96169,G09_12,responding
2025-02-04 16:55:00,5,51.137,-114.194,G16_04,staged
2025-02-04 16:55:00,6,50.903,-113.97,G03_12,staged
2025-02-04 16:55:00,7,50.993,-114.082,G08_08,staged
2025-02-04 16:55:00,8,51.12146,-114.01675,G15_10,returning
2025-02-04 16:55:00,9,50.99411,-113.9586,G08_12,on_scene
2025-02-04 16:55:00,10,51.12657,-114.20917,G15_03,on_scene
2025-02-04 17:00:00,1,51.047,-114.054,G11_09,staged
2025-02-04 17:00:00,2,50.90403,-114.06685,G03_09,on_scene
2025-02-04 17:00:00,3,51.119,-114.054,G15_09,staged
2025-02-04 17:00:00,4,50.99438,-113.95837,G08_12,on_scene
2025-02-04 17:00:00,5,51.137,-114.194,G16_04,staged
2025-02-04 17:00:00,6,50.903,-113.97,G03_12,staged
2025-02-04 17:00:00,7,51.00184,-114.05938,G08_09,responding
2025-02-04 17:00:00,8,51.13225,-113.98428,G16_11,returning
2025-02-04 17:00:00,9,50.99411,-113.9586,G08_12,on_scene
2025-02-04 17:00:00,10,51.12657,-114.20917,G15_03,on_scene
2025-02-04 17:05:00,1,51.047,-114.054,G11_09,staged
2025-02-04 17:05:00,2,50.90403,-114.06685,G03_09,on_scene
2025-02-04 17:05:00,3,51.119,-114.054,G15_09,staged
2025-02-04 17:05:00,4,50.99438,-113.95837,G08_12,on_scene
2025-02-04 17:05:00,5,51.137,-114.194,G16_04,staged
2025-02-04 17:05:00,6,50.903,-113.97,G03_12,staged
2025-02-04 17:05:00,7,51.00595,-114.04887,G09_09,on_scene
2025-02-04 17:05:00,8,51.137,-113.97,G16_12,staged
2025-02-04 17:05:00,9,50.99411,-113.9586,G08_12,on_scene
2025-02-04 17:05:00,10,51.11979,-114.2031,G15_04,returning
2025-02-04 17:10:00,1,51.047,-114.054,G11_09,staged
2025-02-04 17:10:00,2,50.90403,-114.06685,G03_09,on_scene
2025-02-04 17:10:00,3,51.11474,-114.0519,G15_09,responding
2025-02-04 17:10:00,4,50.99438,-113.95837,G08_12,on_scene
2025-02-04 17:10:00,5,51.137,-114.194,G16_04,staged
2025-02-04 17:10:00,6,50.903,-113.97,G03_12,staged
2025-02-04 17:10:00,7,51.00595,-114.04887,G09_09,on_scene
2025-02-04 17:10:00,8,51.137,-113.97,G16_12,staged
2025-02-04 17:10:00,9,50.99411,-113.9586,G08_12,on_scene
2025-02-04 17:10:00,10,51.09969,-114.18512,G14_05,returning
2025-02-04 17:15:00,1,51.05977,-114.06254,G12_09,on_scene
2025-02-04 17:15:00,2,50.91844,-114.07309,G04_08,returning
2025-02-04 17:15:00,3,51.09271,-114.04103,G14_09,responding
2025-02-04 17:15:00,4,50.99438,-113.95837,G08_12,on_scene
2025-02-04 17:15:00,5,51.137,-114.194,G16_04,staged
2025-02-04 17:15:00,6,50.903,-113.97,G03_12,staged
2025-02-04 17:15:00,7,51.00595,-114.04887,G09_09,on_scene
2025-02-04 17:15:00,8,51.137,-113.97,G16_12,staged
2025-02-04 17:15:00,9,50.99411,-113.9586,G08_12,on_scene
2025-02-04 17:15:00,10,51.07958,-114.16714,G13_05,returning
2025-02-04 17:20:00,1,51.05977,-114.06254,G12_09,on_scene
2025-02-04 17:20:00,2,50.939,-114.082,G05_08,staged
2025-02-04 17:20:00,3,51.08664,-114.03803,G13_10,on_scene
2025-02-04 17:20:00,4,50.99438,-113.95837,G08_12,on_scene
2025-02-04 17:20:00,5,51.137,-114.194,G16_04,staged
2025-02-04 17:20:00,6,50.903,-113.97,G03_12,staged
2025-02-04 17:20:00,7,51.00595,-114.04887,G09_09,on_scene
2025-02-04 17:20:00,8,51.137,-113.97,G16_12,staged
2025-02-04 17:20:00,9,50.99411,-113.9586,G08_12,on_scene
2025-02-04 17:20:00,10,51.05948,-114.14916,G12_06,returning
2025-02-04 17:25:00,1,51.05977,-114.06254,G12_09,on_scene
2025-02-04 17:25:00,2,50.939,-114.082,G05_08,staged
2025-02-04 17:25:00,3,51.08664,-114.03803,G13_10,on_scene
2025-02-04 17:25:00,4,50.99438,-113.95837,G08_12,on_scene
2025-02-04 17:25:00,5,51.137,-114.194,G16_04,staged
2025-02-04 17:25:00,6,50.903,-113.97,G03_12,staged
2025-02-04 17:25:00,7,51.00595,-114.04887,G09_09,on_scene
2025-02-04 17:25:00,8,51.137,-113.97,G16_12,staged
2025-02-04 17:25:00,9,51.00578,-113.98582,G09_11,returning
2025-02-04 17:25:00,10,51.05713,-114.12806,G12_06,responding
2025-02-04 17:30:00,1,51.05977,-114.06254,G12_09,on_scene
2025-02-04 17:30:00,2,50.939,-114.082,G05_08,staged
2025-02-04 17:30:00,3,51.08664,-114.03803,G13_10,on_scene
2025-02-04 17:30:00,4,50.99716,-113.95883,G08_12,returning
2025-02-04 17:30:00,5,51.137,-114.194,G16_04,staged
2025-02-04 17:30:00,6,50.903,-113.97,G03_12,staged
2025-02-04 17:30:00,7,51.00595,-114.04887,G09_09,on_scene
2025-02-04 17:30:00,8,51.137,-113.97,G16_12,staged
2025-02-04 17:30:00,9,51.011,-113.998,G09_11,staged
2025-02-04 17:30:00,10,51.07234,-114.1063,G12_07,on_scene
2025-02-04 17:35:00,1,51.05977,-114.06254,G12_09,on_scene
2025-02-04 17:35:00,2,50.939,-114.082,G05_08,staged
2025-02-04 17:35:00,3,51.08664,-114.03803,G13_10,on_scene
2025-02-04 17:35:00,4,51.02009,-113.96261,G10_12,returning
2025-02-04 17:35:00,5,51.137,-114.194,G16_04,staged
2025-02-04 17:35:00,6,50.903,-113.97,G03_12,staged
2025-02-04 17:35:00,7,50.99789,-114.06949,G08_08,returning
2025-02-04 17:35:00,8,51.137,-113.97,G16_12,staged
2025-02-04 17:35:00,9,51.00627,-114.01198,G09_11,on_scene
2025-02-04 17:35:00,10,51.07234,-114.1063,G12_07,on_scene
2025-02-04 17:40:00,1,51.05977,-114.06254,G12_09,on_scene
2025-02-04 17:40:00,2,50.939,-114.082,G05_08,staged
2025-02-04 17:40:00,3,51.08664,-114.03803,G13_10,on_scene
2025-02-04 17:40:00,4,51.04303,-113.96638,G11_12,returning
2025-02-04 17:40:00,5,51.137,-114.194,G16_04,staged
2025-02-04 17:40:00,6,50.903,-113.97,G03_12,staged
2025-02-04 17:40:00,7,50.993,-114.082,G08_08,staged
2025-02-04 17:40:00,8,51.137,-113.97,G16_12,staged
2025-02-04 17:40:00,9,51.00627,-114.01198,G09_11,on_scene
2025-02-04 17:40:00,10,51.07234,-114.1063,G12_07,on_scene
2025-02-04 17:45:00,1,51.05355,-114.05838,G11_09,returning
2025-02-04 17:45:00,2,50.939,-114.082,G05_08,staged
2025-02-04 17:45:00,3,51.08664,-114.03803,G13_10,on_scene
2025-02-04 17:45:00,4,51.065,-113.97,G12_12,staged
2025-02-04 17:45:00,5,51.137,-114.194,G16_04,staged
2025-02-04 17:45:00,6,50.903,-113.97,G03_12,staged
2025-02-04 17:45:00,7,50.993,-114.082,G08_08,staged
2025-02-04 17:45:00,8,51.137,-113.97,G16_12,staged
2025-02-04 17:45:00,9,51.00627,-114.01198,G09_11,on_scene
2025-02-04 17:45:00,10,51.07234,-114.1063,G12_07,on_scene
2025-02-04 17:50:00,1,51.07153,-114.0562,G12_09,on_scene
2025-02-04 17:50:00,2,50.939,-114.082,G05_08,staged
2025-02-04 17:50:00,3,51.10258,-114.0459,G14_09,returning
2025-02-04 17:50:00,4,51.065,-113.97,G12_12,staged
2025-02-04 17:50:00,5,51.137,-114.194,G16_04,staged
2025-02-04 17:50:00,6,50.903,-113.97,G03_12,staged
2025-02-04 17:50:00,7,50.993,-114.082,G08_08,staged
2025-02-04 17:50:00,8,51.137,-113.97,G16_12,staged
2025-02-04 17:50:00,9,51.00627,-114.01198,G09_11,on_scene
2025-02-04 17:50:00,10,51.07234,-114.1063,G12_07,on_scene
2025-02-04 17:55:00,1,51.07153,-114.0562,G12_09,on_scene
2025-02-04 17:55:00,2,50.939,-114.082,G05_08,staged
2025-02-04 17:55:00,3,51.119,-114.054,G15_09,staged
2025-02-04 17:55:00,4,51.065,-113.97,G12_12,staged
2025-02-04 17:55:00,5,51.137,-114.194,G16_04,staged
2025-02-04 17:55:00,6,50.903,-113.97,G03_12,staged
2025-02-04 17:55:00,7,50.993,-114.082,G08_08,staged
2025-02-04 17:55:00,8,51.137,-113.97,G16_12,staged
2025-02-04 17:55:00,9,51.00627,-114.01198,G09_11,on_scene
2025-02-04 17:55:00,10,51.07234,-114.1063,G12_07,on_scene
2025-02-04 18:00:00,1,51.07153,-114.0562,G12_09,on_scene
2025-02-04 18:00:00,2,50.939,-114.082,G05_08,staged
2025-02-04 18:00:00,3,51.119,-114.054,G15_09,staged
2025-02-04 18:00:00,4,51.065,-113.97,G12_12,staged
2025-02-04 18:00:00,5,51.137,-114.194,G16_04,staged
2025-02-04 18:00:00,6,50.903,-113.97,G03_12,staged
2025-02-04 18:00:00,7,50.993,-114.082,G08_08,staged
2025-02-04 18:00:00,8,51.137,-113.97,G16_12,staged
2025-02-04 18:00:00,9,51.00627,-114.01198,G09_11,on_scene
2025-02-04 18:00:00,10,51.07028,-114.10886,G12_07,returning
2025-02-04 18:05:00,1,51.07153,-114.0562,G12_09,on_scene
2025-02-04 18:05:00,2,50.939,-114.082,G05_08,staged
2025-02-04 18:05:00,3,51.127,-114.07332,G15_08,responding
2025-02-04 18:05:00,4,51.065,-113.97,G12_12,staged
2025-02-04 18:05:00,5,51.137,-114.194,G16_04,staged
2025-02-04 18:05:00,6,50.903,-113.97,G03_12,staged
2025-02-04 18:05:00,7,50.993,-114.082,G08_08,staged
2025-02-04 18:05:00,8,51.137,-113.97,G16_12,staged
2025-02-04 18:05:00,9,51.01013,-114.00057,G09_11,returning
2025-02-04 18:05:00,10,51.05216,-114.13154,G11_06,returning
2025-02-04 18:10:00,1,51.07153,-114.0562,G12_09,on_scene
2025-02-04 18:10:00,2,50.939,-114.082,G05_08,staged
2025-02-04 18:10:00,3,51.13356,-114.08915,G16_08,on_scene
2025-02-04 18:10:00,4,51.065,-113.97,G12_12,staged
2025-02-04 18:10:00,5,51.137,-114.194,G16_04,staged
2025-02-04 18:10:00,6,50.903,-113.97,G03_12,staged
2025-02-04 18:10:00,7,50.993,-114.082,G08_08,staged
2025-02-04 18:10:00,8,51.137,-113.97,G16_12,staged
2025-02-04 18:10:00,9,51.011,-113.998,G09_11,staged
2025-02-04 18:10:00,10,51.05106,-114.12122,G11_07,responding
2025-02-04 18:15:00,1,51.07153,-114.0562,G12_09,on_scene
2025-02-04 18:15:00,2,50.939,-114.082,G05_08,staged
2025-02-04 18:15:00,3,51.13356,-114.08915,G16_08,on_scene
2025-02-04 18:15:00,4,51.065,-113.97,G12_12,staged
2025-02-04 18:15:00,5,51.137,-114.194,G16_04,staged
2025-02-04 18:15:00,6,50.903,-113.97,G03_12,staged
2025-02-04 18:15:00,7,50.993,-114.082,G08_08,staged
2025-02-04 18:15:00,8,51.137,-113.97,G16_12,staged
2025-02-04 18:15:00,9,51.011,-113.998,G09_11,staged
2025-02-04 18:15:00,10,51.05747,-114.09471,G12_08,on_scene
2025-02-04 18:20:00,1,51.07066,-114.06385,G12_09,responding
2025-02-04 18:20:00,2,50.939,-114.082,G05_08,staged
2025-02-04 18:20:00,3,51.13356,-114.08915,G16_08,on_scene
2025-02-04 18:20:00,4,51.065,-113.97,G12_12,staged
2025-02-04 18:20:00,5,51.137,-114.194,G16_04,staged
2025-02-04 18:20:00,6,50.903,-113.97,G03_12,staged
2025-02-04 18:20:00,7,50.993,-114.082,G08_08,staged
2025-02-04 18:20:00,8,51.137,-113.97,G16_12,staged
2025-02-04 18:20:00,9,51.011,-113.998,G09_11,staged
2025-02-04 18:20:00,10,51.05747,-114.09471,G12_08,on_scene
2025-02-04 18:25:00,1,51.06702,-114.09604,G12_07,on_scene
2025-02-04 18:25:00,2,50.939,-114.082,G05_08,staged
2025-02-04 18:25:00,3,51.13356,-114.08915,G16_08,on_scene
2025-02-04 18:25:00,4,51.065,-113.97,G12_12,staged
2025-02-04 18:25:00,5,51.137,-114.194,G16_04,staged
2025-02-04 18:25:00,6,50.903,-113.97,G03_12,staged
2025-02-04 18:25:00,7,50.993,-114.082,G08_08,staged
2025-02-04 18:25:00,8,51.137,-113.97,G16_12,staged
2025-02-04 18:25:00,9,51.011,-113.998,G09_11,staged
2025-02-04 18:25:00,10,51.05747,-114.09471,G12_08,on_scene
2025-02-04 18:30:00,1,51.06702,-114.09604,G12_07,on_scene
2025-02-04 18:30:00,2,50.939,-114.082,G05_08,staged
2025-02-04 18:30:00,3,51.13356,-114.08915,G16_08,on_scene
2025-02-04 18:30:00,4,51.065,-113.97,G12_12,staged
2025-02-04 18:30:00,5,51.137,-114.194,G16_04,staged
2025-02-04 18:30:00,6,50.903,-113.97,G03_12,staged
2025-02-04 18:30:00,7,50.993,-114.082,G08_08,staged
2025-02-04 18:30:00,8,51.137,-113.97,G16_12,staged
2025-02-04 18:30:00,9,51.011,-113.998,G09_11,staged
2025-02-04 18:30:00,10,51.05747,-114.09471,G12_08,on_scene
2025-02-04 18:35:00,1,51.06702,-114.09604,G12_07,on_scene
2025-02-04 18:35:00,2,50.939,-114.082,G05_08,staged
2025-02-04 18:35:00,3,51.13356,-114.08915,G16_08,on_scene
2025-02-04 18:35:00,4,51.065,-113.97,G12_12,staged
2025-02-04 18:35:00,5,51.137,-114.194,G16_04,staged
2025-02-04 18:35:00,6,50.903,-113.97,G03_12,staged
2025-02-04 18:35:00,7,50.993,-114.082,G08_08,staged
2025-02-04 18:35:00,8,51.137,-113.97,G16_12,staged
2025-02-04 18:35:00,9,51.011,-113.998,G09_11,staged
2025-02-04 18:35:00,10,51.05747,-114.09471,G12_08,on_scene
2025-02-04 18:40:00,1,51.06702,-114.09604,G12_07,on_scene
2025-02-04 18:40:00,2,50.939,-114.082,G05_08,staged
2025-02-04 18:40:00,3,51.12976,-114.0758,G16_08,responding
2025-02-04 18:40:00,4,51.065,-113.97,G12_12,staged
2025-02-04 18:40:00,5,51.137,-114.194,G16_04,staged
2025-02-04 18:40:00,6,50.903,-113.97,G03_12,staged
2025-02-04 18:40:00,7,50.993,-114.082,G08_08,staged
2025-02-04 18:40:00,8,51.137,-113.97,G16_12,staged
2025-02-04 18:40:00,9,51.011,-113.998,G09_11,staged
2025-02-04 18:40:00,10,51.05747,-114.09471,G12_08,on_scene
2025-02-04 18:45:00,1,51.06702,-114.09604,G12_07,on_scene
2025-02-04 18:45:00,2,50.939,-114.082,G05_08,staged
2025-02-04 18:45:00,3,51.1522,-114.06739,G17_09,responding
2025-02-04 18:45:00,4,51.06084,-113.97418,G12_12,responding
2025-02-04 18:45:00,5,51.137,-114.194,G16_04,staged
2025-02-04 18:45:00,6,50.89765,-113.97528,G03_12,responding
2025-02-04 18:45:00,7,50.993,-114.082,G08_08,staged
2025-02-04 18:45:00,8,51.137,-113.97,G16_12,staged
2025-02-04 18:45:00,9,51.011,-113.998,G09_11,staged
2025-02-04 18:45:00,10,51.0556,-114.10244,G11_07,returning
2025-02-04 18:50:00,1,51.06702,-114.09604,G12_07,on_scene
2025-02-04 18:50:00,2,50.939,-114.082,G05_08,staged
2025-02-04 18:50:00,3,51.15305,-114.06708,G17_09,on_scene
2025-02-04 18:50:00,4,51.05214,-113.98292,G11_12,on_scene
2025-02-04 18:50:00,5,51.137,-114.194,G16_04,staged
2025-02-04 18:50:00,6,50.87807,-113.99459,G02_12,responding
2025-02-04 18:50:00,7,50.993,-114.082,G08_08,staged
2025-02-04 18:50:00,8,51.137,-113.97,G16_12,staged
2025-02-04 18:50:00,9,51.011,-113.998,G09_11,staged
2025-02-04 18:50:00,10,51.04732,-114.13668,G11_06,returning
2025-02-04 18:55:00,1,51.0655,-114.09286,G12_08,returning
2025-02-04 18:55:00,2,50.939,-114.082,G05_08,staged
2025-02-04 18:55:00,3,51.15305,-114.06708,G17_09,on_scene
2025-02-04 18:55:00,4,51.05214,-113.98292,G11_12,on_scene
2025-02-04 18:55:00,5,51.137,-114.194,G16_04,staged
2025-02-04 18:55:00,6,50.86317,-114.00929,G01_10,on_scene
2025-02-04 18:55:00,7,50.993,-114.082,G08_08,staged
2025-02-04 18:55:00,8,51.137,-113.97,G16_12,staged
2025-02-04 18:55:00,9,51.011,-113.998,G09_11,staged
2025-02-04 18:55:00,10,51.047,-114.138,G11_06,staged
2025-02-04 19:00:00,1,51.05158,-114.06362,G11_09,returning
2025-02-04 19:00:00,2,50.939,-114.082,G05_08,staged
2025-02-04 19:00:00,3,51.15305,-114.06708,G17_09,on_scene
2025-02-04 19:00:00,4,51.05214,-113.98292,G11_12,on_scene
2025-02-04 19:00:00,5,51.137,-114.194,G16_04,staged
2025-02-04 19:00:00,6,50.86317,-114.00929,G01_10,on_scene
2025-02-04 19:00:00,7,50.993,-114.082,G08_08,staged
2025-02-04 19:00:00,8,51.137,-113.97,G16_12,staged
2025-02-04 19:00:00,9,51.011,-113.998,G09_11,staged
2025-02-04 19:00:00,10,51.047,-114.138,G11_06,staged
2025-02-04 19:05:00,1,51.047,-114.054,G11_09,staged
2025-02-04 19:05:00,2,50.939,-114.082,G05_08,staged
2025-02-04 19:05:00,3,51.15305,-114.06708,G17_09,on_scene
2025-02-04 19:05:00,4,51.05214,-113.98292,G11_12,on_scene
2025-02-04 19:05:00,5,51.137,-114.194,G16_04,staged
2025-02-04 19:05:00,6,50.86317,-114.00929,G01_10,on_scene
2025-02-04 19:05:00,7,50.993,-114.082,G08_08,staged
2025-02-04 19:05:00,8,51.137,-113.97,G16_12,staged
2025-02-04 19:05:00,9,51.011,-113.998,G09_11,staged
2025-02-04 19:05:00,10,51.047,-114.138,G11_06,staged
2025-02-04 19:10:00,1,51.047,-114.054,G11_09,staged
2025-02-04 19:10:00,2,50.93871,-114.07714,G05_08,responding
2025-02-04 19:10:00,3,51.15305,-114.06708,G17_09,on_scene
2025-02-04 19:10:00,4,51.05214,-113.98292,G11_12,on_scene
2025-02-04 19:10:00,5,51.137,-114.194,G16_04,staged
2025-02-04 19:10:00,6,50.86317,-114.00929,G01_10,on_scene
2025-02-04 19:10:00,7,50.993,-114.082,G08_08,staged
2025-02-04 19:10:00,8,51.137,-113.97,G16_12,staged
2025-02-04 19:10:00,9,51.011,-113.998,G09_11,staged
2025-02-04 19:10:00,10,51.047,-114.138,G11_06,staged
2025-02-04 19:15:00,1,51.047,-114.054,G11_09,staged
2025-02-04 19:15:00,2,50.93655,-114.04071,G05_09,responding
2025-02-04 19:15:00,3,51.15305,-114.06708,G17_09,on_scene
2025-02-04 19:15:00,4,51.05214,-113.98292,G11_12,on_scene
2025-02-04 19:15:00,5,51.137,-114.194,G16_04,staged
2025-02-04 19:15:00,6,50.86317,-114.00929,G01_10,on_scene
2025-02-04 19:15:00,7,50.993,-114.082,G08_08,staged
2025-02-04 19:15:00,8,51.137,-113.97,G16_12,staged
2025-02-04 19:15:00,9,51.011,-113.998,G09_11,staged
2025-02-04 19:15:00,10,51.047,-114.138,G11_06,staged
2025-02-04 19:20:00,1,51.047,-114.054,G11_09,staged
2025-02-04 19:20:00,2,50.93439,-114.00428,G05_11,responding
2025-02-04 19:20:00,3,51.13148,-114.05879,G16_09,returning
2025-02-04 19:20:00,4,51.06293,-113.97208,G12_12,returning
2025-02-04 19:20:00,5,51.137,-114.194,G16_04,staged
2025-02-04 19:20:00,6,50.86317,-114.00929,G01_10,on_scene
2025-02-04 19:20:00,7,50.993,-114.082,G08_08,staged
2025-02-04 19:20:00,8,51.137,-113.97,G16_12,staged
2025-02-04 19:20:00,9,51.011,-113.998,G09_11,staged
2025-02-04 19:20:00,10,51.047,-114.138,G11_06,staged
2025-02-04 19:25:00,1,51.047,-114.054,G11_09,staged
2025-02-04 19:25:00,2,50.93223,-113.96785,G05_12,responding
2025-02-04 19:25:00,3,51.119,-114.054,G15_09,staged
2025-02-04 19:25:00,4,51.065,-113.97,G12_12,staged
2025-02-04 19:25:00,5,51.137,-114.194,G16_04,staged
2025-02-04 19:25:00,6,50.86834,-114.01225,G01_10,responding
2025-02-04 19:25:00,7,50.993,-114.082,G08_08,staged
2025-02-04 19:25:00,8,51.137,-113.97,G16_12,staged
2025-02-04 19:25:00,9,51.011,-113.998,G09_11,staged
2025-02-04 19:25:00,10,51.047,-114.138,G11_06,staged
2025-02-04 19:30:00,1,51.06632,-114.05611,G12_09,responding
2025-02-04 19:30:00,2,50.93211,-113.9659,G05_12,on_scene
2025-02-04 19:30:00,3,51.119,-114.054,G15_09,staged
2025-02-04 19:30:00,4,51.065,-113.97,G12_12,staged
2025-02-04 19:30:00,5,51.137,-114.194,G16_04,staged
2025-02-04 19:30:00,6,50.89004,-114.02465,G02_10,responding
2025-02-04 19:30:00,7,50.993,-114.082,G08_08,staged
2025-02-04 19:30:00,8,51.137,-113.97,G16_12,staged
2025-02-04 19:30:00,9,51.011,-113.998,G09_11,staged
2025-02-04 19:30:00,10,51.047,-114.138,G11_06,staged
2025-02-04 19:35:00,1,51.06684,-114.05617,G12_09,on_scene
2025-02-04 19:35:00,2,50.93211,-113.9659,G05_12,on_scene
2025-02-04 19:35:00,3,51.119,-114.054,G15_09,staged
2025-02-04 19:35:00,4,51.065,-113.97,G12_12,staged
2025-02-04 19:35:00,5,51.137,-114.194,G16_04,staged
2025-02-04 19:35:00,6,50.89113,-114.02527,G02_10,on_scene
2025-02-04 19:35:00,7,50.993,-114.082,G08_08,staged
2025-02-04 19:35:00,8,51.137,-113.97,G16_12,staged
2025-02-04 19:35:00,9,51.011,-113.998,G09_11,staged
2025-02-04 19:35:00,10,51.047,-114.138,G11_06,staged
2025-02-04 19:40:00,1,51.06684,-114.05617,G12_09,on_scene
2025-02-04 19:40:00,2,50.93211,-113.9659,G05_12,on_scene
2025-02-04 19:40:00,3,51.119,-114.054,G15_09,staged
2025-02-04 19:40:00,4,51.065,-113.97,G12_12,staged
2025-02-04 19:40:00,5,51.137,-114.194,G16_04,staged
2025-02-04 19:40:00,6,50.89113,-114.02527,G02_10,on_scene
2025-02-04 19:40:00,7,50.993,-114.082,G08_08,staged
2025-02-04 19:40:00,8,51.137,-113.97,G16_12,staged
2025-02-04 19:40:00,9,51.011,-113.998,G09_11,staged
2025-02-04 19:40:00,10,51.047,-114.138,G11_06,staged
2025-02-04 19:45:00,1,51.06684,-114.05617,G12_09,on_scene
2025-02-04 19:45:00,2,50.93211,-113.9659,G05_12,on_scene
2025-02-04 19:45:00,3,51.119,-114.054,G15_09,staged
2025-02-04 19:45:00,4,51.065,-113.97,G12_12,staged
2025-02-04 19:45:00,5,51.137,-114.194,G16_04,staged
2025-02-04 19:45:00,6,50.89113,-114.02527,G02_10,on_scene
2025-02-04 19:45:00,7,50.993,-114.082,G08_08,staged
2025-02-04 19:45:00,8,51.137,-113.97,G16_12,staged
2025-02-04 19:45:00,9,51.011,-113.998,G09_11,staged
2025-02-04 19:45:00,10,51.047,-114.138,G11_06,staged
2025-02-04 19:50:00,1,51.06684,-114.05617,G12_09,on_scene
2025-02-04 19:50:00,2,50.93211,-113.9659,G05_12,on_scene
2025-02-04 19:50:00,3,51.12082,-114.05444,G15_09,responding
2025-02-04 19:50:00,4,51.065,-113.97,G12_12,staged
2025-02-04 19:50:00,5,51.137,-114.194,G16_04,staged
2025-02-04 19:50:00,6,50.89113,-114.02527,G02_10,on_scene
2025-02-04 19:50:00,7,50.993,-114.082,G08_08,staged
2025-02-04 19:50:00,8,51.137,-113.97,G16_12,staged
2025-02-04 19:50:00,9,51.011,-113.998,G09_11,staged
2025-02-04 19:50:00,10,51.047,-114.138,G11_06,staged
2025-02-04 19:55:00,1,51.06684,-114.05617,G12_09,on_scene
2025-02-04 19:55:00,2,50.93211,-113.9659,G05_12,on_scene
2025-02-04 19:55:00,3,51.14362,-114.05996,G16_09,responding
2025-02-04 19:55:00,4,51.065,-113.97,G12_12,staged
2025-02-04 19:55:00,5,51.137,-114.194,G16_04,staged
2025-02-04 19:55:00,6,50.89113,-114.02527,G02_10,on_scene
2025-02-04 19:55:00,7,50.993,-114.082,G08_08,staged
2025-02-04 19:55:00,8,51.137,-113.97,G16_12,staged
2025-02-04 19:55:00,9,51.011,-113.998,G09_11,staged
2025-02-04 19:55:00,10,51.047,-114.138,G11_06,staged
2025-02-04 20:00:00,1,51.06684,-114.05617,G12_09,on_scene
2025-02-04 20:00:00,2,50.93416,-114.00037,G05_11,returning
2025-02-04 20:00:00,3,51.16642,-114.06548,G18_09,responding
2025-02-04 20:00:00,4,51.065,-113.97,G12_12,staged
2025-02-04 20:00:00,5,51.137,-114.194,G16_04,staged
2025-02-04 20:00:00,6,50.89113,-114.02527,G02_10,on_scene
2025-02-04 20:00:00,7,50.993,-114.082,G08_08,staged
2025-02-04 20:00:00,8,51.137,-113.97,G16_12,staged
2025-02-04 20:00:00,9,51.011,-113.998,G09_11,staged
2025-02-04 20:00:00,10,51.047,-114.138,G11_06,staged
2025-02-04 20:05:00,1,51.047,-114.054,G11_09,staged
2025-02-04 20:05:00,2,50.93632,-114.0368,G05_10,returning
2025-02-04 20:05:00,3,51.18347,-114.06961,G19_08,on_scene
2025-02-04 20:05:00,4,51.065,-113.97,G12_12,staged
2025-02-04 20:05:00,5,51.137,-114.194,G16_04,staged
2025-02-04 20:05:00,6,50.89819,-113.99241,G03_11,returning
2025-02-04 20:05:00,7,50.993,-114.082,G08_08,staged
2025-02-04 20:05:00,8,51.137,-113.97,G16_12,staged
2025-02-04 20:05:00,9,51.011,-113.998,G09_11,staged
2025-02-04 20:05:00,10,51.047,-114.138,G11_06,staged
2025-02-04 20:10:00,1,51.047,-114.054,G11_09,staged
2025-02-04 20:10:00,2,50.93848,-114.07323,G05_08,returning
2025-02-04 20:10:00,3,51.18347,-114.06961,G19_08,on_scene
2025-02-04 20:10:00,4,51.065,-113.97,G12_12,staged
2025-02-04 20:10:00,5,51.137,-114.194,G16_04,staged
2025-02-04 20:10:00,6,50.903,-113.97,G03_12,staged
2025-02-04 20:10:00,7,50.993,-114.082,G08_08,staged
2025-02-04 20:10:00,8,51.137,-113.97,G16_12,staged
2025-02-04 20:10:00,9,51.011,-113.998,G09_11,staged
2025-02-04 20:10:00,10,51.047,-114.138,G11_06,staged
2025-02-04 20:15:00,1,51.047,-114.054,G11_09,staged
2025-02-04 20:15:00,2,50.939,-114.082,G05_08,staged
2025-02-04 20:15:00,3,51.18347,-114.06961,G19_08,on_scene
2025-02-04 20:15:00,4,51.065,-113.97,G12_12,staged
2025-02-04 20:15:00,5,51.137,-114.194,G16_04,staged
2025-02-04 20:15:00,6,50.903,-113.97,G03_12,staged
2025-02-04 20:15:00,7,50.993,-114.082,G08_08,staged
2025-02-04 20:15:00,8,51.137,-113.97,G16_12,staged
2025-02-04 20:15:00,9,51.011,-113.998,G09_11,staged
2025-02-04 20:15:00,10,51.047,-114.138,G11_06,staged
2025-02-04 20:20:00,1,51.047,-114.054,G11_09,staged
2025-02-04 20:20:00,2,50.939,-114.082,G05_08,staged
2025-02-04 20:20:00,3,51.18347,-114.06961,G19_08,on_scene
2025-02-04 20:20:00,4,51.065,-113.97,G12_12,staged
2025-02-04 20:20:00,5,51.137,-114.194,G16_04,staged
2025-02-04 20:20:00,6,50.903,-113.97,G03_12,staged
2025-02-04 20:20:00,7,50.993,-114.082,G08_08,staged
2025-02-04 20:20:00,8,51.137,-113.97,G16_12,staged
2025-02-04 20:20:00,9,51.011,-113.998,G09_11,staged
2025-02-04 20:20:00,10,51.047,-114.138,G11_06,staged
2025-02-04 20:25:00,1,51.047,-114.054,G11_09,staged
2025-02-04 20:25:00,2,50.939,-114.082,G05_08,staged
2025-02-04 20:25:00,3,51.18347,-114.06961,G19_08,on_scene
2025-02-04 20:25:00,4,51.065,-113.97,G12_12,staged
2025-02-04 20:25:00,5,51.137,-114.194,G16_04,staged
2025-02-04 20:25:00,6,50.903,-113.97,G03_12,staged
2025-02-04 20:25:00,7,50.993,-114.082,G08_08,staged
2025-02-04 20:25:00,8,51.137,-113.97,G16_12,staged
2025-02-04 20:25:00,9,51.011,-113.998,G09_11,staged
2025-02-04 20:25:00,10,51.047,-114.138,G11_06,staged
2025-02-04 20:30:00,1,51.047,-114.054,G11_09,staged
2025-02-04 20:30:00,2,50.939,-114.082,G05_08,staged
2025-02-04 20:30:00,3,51.18347,-114.06961,G19_08,on_scene
2025-02-04 20:30:00,4,51.065,-113.97,G12_12,staged
2025-02-04 20:30:00,5,51.137,-114.194,G16_04,staged
2025-02-04 20:30:00,6,50.903,-113.97,G03_12,staged
2025-02-04 20:30:00,7,50.993,-114.082,G08_08,staged
2025-02-04 20:30:00,8,51.137,-113.97,G16_12,staged
2025-02-04 20:30:00,9,51.011,-113.998,G09_11,staged
2025-02-04 20:30:00,10,51.047,-114.138,G11_06,staged
2025-02-04 20:35:00,1,51.047,-114.054,G11_09,staged
2025-02-04 20:35:00,2,50.939,-114.082,G05_08,staged
2025-02-04 20:35:00,3,51.17772,-114.06822,G18_08,returning
2025-02-04 20:35:00,4,51.065,-113.97,G12_12,staged
2025-02-04 20:35:00,5,51.137,-114.194,G16_04,staged
2025-02-04 20:35:00,6,50.903,-113.97,G03_12,staged
2025-02-04 20:35:00,7,50.993,-114.082,G08_08,staged
2025-02-04 20:35:00,8,51.137,-113.97,G16_12,staged
2025-02-04 20:35:00,9,51.011,-113.998,G09_11,staged
2025-02-04 20:35:00,10,51.047,-114.138,G11_06,staged
2025-02-04 20:40:00,1,51.047,-114.054,G11_09,staged
2025-02-04 20:40:00,2,50.939,-114.082,G05_08,staged
2025-02-04 20:40:00,3,51.15492,-114.0627,G17_09,returning
2025-02-04 20:40:00,4,51.065,-113.97,G12_12,staged
2025-02-04 20:40:00,5,51.137,-114.194,G16_04,staged
2025-02-04 20:40:00,6,50.903,-113.97,G03_12,staged
2025-02-04 20:40:00,7,50.993,-114.082,G08_08,staged
2025-02-04 20:40:00,8,51.137,-113.97,G16_12,staged
2025-02-04 20:40:00,9,51.011,-113.998,G09_11,staged
2025-02-04 20:40:00,10,51.047,-114.138,G11_06,staged
2025-02-04 20:45:00,1,51.047,-114.054,G11_09,staged
2025-02-04 20:45:00,2,50.939,-114.082,G05_08,staged
2025-02-04 20:45:00,3,51.13212,-114.05718,G16_09,returning
2025-02-04 20:45:00,4,51.065,-113.97,G12_12,staged
2025-02-04 20:45:00,5,51.137,-114.194,G16_04,staged
2025-02-04 20:45:00,6,50.903,-113.97,G03_12,staged
2025-02-04 20:45:00,7,50.993,-114.082,G08_08,staged
2025-02-04 20:45:00,8,51.137,-113.97,G16_12,staged
2025-02-04 20:45:00,9,51.011,-113.998,G09_11,staged
2025-02-04 20:45:00,10,51.047,-114.138,G11_06,staged
2025-02-04 20:50:00,1,51.047,-114.054,G11_09,staged
2025-02-04 20:50:00,2,50.939,-114.082,G05_08,staged
2025-02-04 20:50:00,3,51.119,-114.054,G15_09,staged
2025-02-04 20:50:00,4,51.065,-113.97,G12_12,staged
2025-02-04 20:50:00,5,51.137,-114.194,G16_04,staged
2025-02-04 20:50:00,6,50.903,-113.97,G03_12,staged
2025-02-04 20:50:00,7,50.993,-114.082,G08_08,staged
2025-02-04 20:50:00,8,51.137,-113.97,G16_12,staged
2025-02-04 20:50:00,9,51.011,-113.998,G09_11,staged
2025-02-04 20:50:00,10,51.047,-114.138,G11_06,staged
2025-02-04 20:55:00,1,51.047,-114.054,G11_09,staged
2025-02-04 20:55:00,2,50.939,-114.082,G05_08,staged
2025-02-04 20:55:00,3,51.119,-114.054,G15_09,staged
2025-02-04 20:55:00,4,51.065,-113.97,G12_12,staged
2025-02-04 20:55:00,5,51.137,-114.194,G16_04,staged
2025-02-04 20:55:00,6,50.903,-113.97,G03_12,staged
2025-02-04 20:55:00,7,50.993,-114.082,G08_08,staged
2025-02-04 20:55:00,8,51.137,-113.97,G16_12,staged
2025-02-04 20:55:00,9,51.011,-113.998,G09_11,staged
2025-02-04 20:55:00,10,51.047,-114.138,G11_06,staged
2025-02-04 21:00:00,1,51.047,-114.054,G11_09,staged
2025-02-04 21:00:00,2,50.939,-114.082,G05_08,staged
2025-02-04 21:00:00,3,51.119,-114.054,G15_09,staged
2025-02-04 21:00:00,4,51.065,-113.97,G12_12,staged
2025-02-04 21:00:00,5,51.137,-114.194,G16_04,staged
2025-02-04 21:00:00,6,50.903,-113.97,G03_12,staged
2025-02-04 21:00:00,7,50.993,-114.082,G08_08,staged
2025-02-04 21:00:00,8,51.137,-113.97,G16_12,staged
2025-02-04 21:00:00,9,51.011,-113.998,G09_11,staged
2025-02-04 21:00:00,10,51.047,-114.138,G11_06,staged
2025-02-04 21:05:00,1,51.047,-114.054,G11_09,staged
2025-02-04 21:05:00,2,50.939,-114.082,G05_08,staged
2025-02-04 21:05:00,3,51.119,-114.054,G15_09,staged
2025-02-04 21:05:00,4,51.065,-113.97,G12_12,staged
2025-02-04 21:05:00,5,51.137,-114.194,G16_04,staged
2025-02-04 21:05:00,6,50.903,-113.97,G03_12,staged
2025-02-04 21:05:00,7,50.993,-114.082,G08_08,staged
2025-02-04 21:05:00,8,51.137,-113.97,G16_12,staged
2025-02-04 21:05:00,9,51.011,-113.998,G09_11,staged
2025-02-04 21:05:00,10,51.047,-114.138,G11_06,staged
2025-02-04 21:10:00,1,51.047,-114.054,G11_09,staged
2025-02-04 21:10:00,2,50.939,-114.082,G05_08,staged
2025-02-04 21:10:00,3,51.119,-114.054,G15_09,staged
2025-02-04 21:10:00,4,51.065,-113.97,G12_12,staged
2025-02-04 21:10:00,5,51.137,-114.194,G16_04,staged
2025-02-04 21:10:00,6,50.903,-113.97,G03_12,staged
2025-02-04 21:10:00,7,50.993,-114.082,G08_08,staged
2025-02-04 21:10:00,8,51.137,-113.97,G16_12,staged
2025-02-04 21:10:00,9,51.011,-113.998,G09_11,staged
2025-02-04 21:10:00,10,51.047,-114.138,G11_06,staged
2025-02-04 21:15:00,1,51.047,-114.054,G11_09,staged
2025-02-04 21:15:00,2,50.939,-114.082,G05_08,staged
2025-02-04 21:15:00,3,51.119,-114.054,G15_09,staged
2025-02-04 21:15:00,4,51.065,-113.97,G12_12,staged
2025-02-04 21:15:00,5,51.137,-114.194,G16_04,staged
2025-02-04 21:15:00,6,50.903,-113.97,G03_12,staged
2025-02-04 21:15:00,7,50.993,-114.082,G08_08,staged
2025-02-04 21:15:00,8,51.137,-113.97,G16_12,staged
2025-02-04 21:15:00,9,51.011,-113.998,G09_11,staged
2025-02-04 21:15:00,10,51.047,-114.138,G11_06,staged
2025-02-04 21:20:00,1,51.047,-114.054,G11_09,staged
2025-02-04 21:20:00,2,50.939,-114.082,G05_08,staged
2025-02-04 21:20:00,3,51.119,-114.054,G15_09,staged
2025-02-04 21:20:00,4,51.065,-113.97,G12_12,staged
2025-02-04 21:20:00,5,51.137,-114.194,G16_04,staged
2025-02-04 21:20:00,6,50.903,-113.97,G03_12,staged
2025-02-04 21:20:00,7,50.993,-114.082,G08_08,staged
2025-02-04 21:20:00,8,51.137,-113.97,G16_12,staged
2025-02-04 21:20:00,9,51.011,-113.998,G09_11,staged
2025-02-04 21:20:00,10,51.047,-114.138,G11_06,staged
2025-02-04 21:25:00,1,51.047,-114.054,G11_09,staged
2025-02-04 21:25:00,2,50.939,-114.082,G05_08,staged
2025-02-04 21:25:00,3,51.119,-114.054,G15_09,staged
2025-02-04 21:25:00,4,51.065,-113.97,G12_12,staged
2025-02-04 21:25:00,5,51.137,-114.194,G16_04,staged
2025-02-04 21:25:00,6,50.903,-113.97,G03_12,staged
2025-02-04 21:25:00,7,50.993,-114.082,G08_08,staged
2025-02-04 21:25:00,8,51.137,-113.97,G16_12,staged
2025-02-04 21:25:00,9,51.011,-113.998,G09_11,staged
2025-02-04 21:25:00,10,51.047,-114.138,G11_06,staged
2025-02-04 21:30:00,1,51.047,-114.054,G11_09,staged
2025-02-04 21:30:00,2,50.939,-114.082,G05_08,staged
2025-02-04 21:30:00,3,51.119,-114.054,G15_09,staged
2025-02-04 21:30:00,4,51.065,-113.97,G12_12,staged
2025-02-04 21:30:00,5,51.137,-114.194,G16_04,staged
2025-02-04 21:30:00,6,50.903,-113.97,G03_12,staged
2025-02-04 21:30:00,7,50.993,-114.082,G08_08,staged
2025-02-04 21:30:00,8,51.137,-113.97,G16_12,staged
2025-02-04 21:30:00,9,51.011,-113.998,G09_11,staged
2025-02-04 21:30:00,10,51.047,-114.138,G11_06,staged
2025-02-04 21:35:00,1,51.047,-114.054,G11_09,staged
2025-02-04 21:35:00,2,50.939,-114.082,G05_08,staged
2025-02-04 21:35:00,3,51.119,-114.054,G15_09,staged
2025-02-04 21:35:00,4,51.065,-113.97,G12_12,staged
2025-02-04 21:35:00,5,51.137,-114.194,G16_04,staged
2025-02-04 21:35:00,6,50.903,-113.97,G03_12,staged
2025-02-04 21:35:00,7,50.993,-114.082,G08_08,staged
2025-02-04 21:35:00,8,51.137,-113.97,G16_12,staged
2025-02-04 21:35:00,9,51.011,-113.998,G09_11,staged
2025-02-04 21:35:00,10,51.047,-114.138,G11_06,staged
2025-02-04 21:40:00,1,51.047,-114.054,G11_09,staged
2025-02-04 21:40:00,2,50.939,-114.082,G05_08,staged
2025-02-04 21:40:00,3,51.119,-114.054,G15_09,staged
2025-02-04 21:40:00,4,51.065,-113.97,G12_12,staged
2025-02-04 21:40:00,5,51.137,-114.194,G16_04,staged
2025-02-04 21:40:00,6,50.903,-113.97,G03_12,staged
2025-02-04 21:40:00,7,50.993,-114.082,G08_08,staged
2025-02-04 21:40:00,8,51.137,-113.97,G16_12,staged
2025-02-04 21:40:00,9,51.011,-113.998,G09_11,staged
2025-02-04 21:40:00,10,51.047,-114.138,G11_06,staged
2025-02-04 21:45:00,1,51.047,-114.054,G11_09,staged
2025-02-04 21:45:00,2,50.939,-114.082,G05_08,staged
2025-02-04 21:45:00,3,51.119,-114.054,G15_09,staged
2025-02-04 21:45:00,4,51.065,-113.97,G12_12,staged
2025-02-04 21:45:00,5,51.137,-114.194,G16_04,staged
2025-02-04 21:45:00,6,50.903,-113.97,G03_12,staged
2025-02-04 21:45:00,7,50.993,-114.082,G08_08,staged
2025-02-04 21:45:00,8,51.137,-113.97,G16_12,staged
2025-02-04 21:45:00,9,51.011,-113.998,G09_11,staged
2025-02-04 21:45:00,10,51.047,-114.138,G11_06,staged
2025-02-04 21:50:00,1,51.047,-114.054,G11_09,staged
2025-02-04 21:50:00,2,50.939,-114.082,G05_08,staged
2025-02-04 21:50:00,3,51.119,-114.054,G15_09,staged
2025-02-04 21:50:00,4,51.065,-113.97,G12_12,staged
2025-02-04 21:50:00,5,51.137,-114.194,G16_04,staged
2025-02-04 21:50:00,6,50.903,-113.97,G03_12,staged
2025-02-04 21:50:00,7,50.993,-114.082,G08_08,staged
2025-02-04 21:50:00,8,51.137,-113.97,G16_12,staged
2025-02-04 21:50:00,9,51.011,-113.998,G09_11,staged
2025-02-04 21:50:00,10,51.047,-114.138,G11_06,staged
2025-02-04 21:55:00,1,51.047,-114.054,G11_09,staged
2025-02-04 21:55:00,2,50.939,-114.082,G05_08,staged
2025-02-04 21:55:00,3,51.119,-114.054,G15_09,staged
2025-02-04 21:55:00,4,51.065,-113.97,G12_12,staged
2025-02-04 21:55:00,5,51.137,-114.194,G16_04,staged
2025-02-04 21:55:00,6,50.903,-113.97,G03_12,staged
2025-02-04 21:55:00,7,50.993,-114.082,G08_08,staged
2025-02-04 21:55:00,8,51.137,-113.97,G16_12,staged
2025-02-04 21:55:00,9,51.011,-113.998,G09_11,staged
2025-02-04 21:55:00,10,51.047,-114.138,G11_06,staged
2025-02-04 22:00:00,1,51.047,-114.054,G11_09,staged
2025-02-04 22:00:00,2,50.939,-114.082,G05_08,staged
2025-02-04 22:00:00,3,51.119,-114.054,G15_09,staged
2025-02-04 22:00:00,4,51.065,-113.97,G12_12,staged
2025-02-04 22:00:00,5,51.137,-114.194,G16_04,staged
2025-02-04 22:00:00,6,50.903,-113.97,G03_12,staged
2025-02-04 22:00:00,7,50.993,-114.082,G08_08,staged
2025-02-04 22:00:00,8,51.137,-113.97,G16_12,staged
2025-02-04 22:00:00,9,51.011,-113.998,G09_11,staged
2025-02-04 22:00:00,10,51.047,-114.138,G11_06,staged
2025-02-04 22:05:00,1,51.04636,-114.05953,G11_09,responding
2025-02-04 22:05:00,2,50.939,-114.082,G05_08,staged
2025-02-04 22:05:00,3,51.119,-114.054,G15_09,staged
2025-02-04 22:05:00,4,51.065,-113.97,G12_12,staged
2025-02-04 22:05:00,5,51.12509,-114.20255,G15_04,responding
2025-02-04 22:05:00,6,50.903,-113.97,G03_12,staged
2025-02-04 22:05:00,7,50.993,-114.082,G08_08,staged
2025-02-04 22:05:00,8,51.137,-113.97,G16_12,staged
2025-02-04 22:05:00,9,51.011,-113.998,G09_11,staged
2025-02-04 22:05:00,10,51.047,-114.138,G11_06,staged
2025-02-04 22:10:00,1,51.04384,-114.08139,G11_08,on_scene
2025-02-04 22:10:00,2,50.939,-114.082,G05_08,staged
2025-02-04 22:10:00,3,51.119,-114.054,G15_09,staged
2025-02-04 22:10:00,4,51.065,-113.97,G12_12,staged
2025-02-04 22:10:00,5,51.10454,-114.2173,G14_03,on_scene
2025-02-04 22:10:00,6,50.903,-113.97,G03_12,staged
2025-02-04 22:10:00,7,50.993,-114.082,G08_08,staged
2025-02-04 22:10:00,8,51.137,-113.97,G16_12,staged
2025-02-04 22:10:00,9,51.011,-113.998,G09_11,staged
2025-02-04 22:10:00,10,51.047,-114.138,G11_06,staged
2025-02-04 22:15:00,1,51.04384,-114.08139,G11_08,on_scene
2025-02-04 22:15:00,2,50.939,-114.082,G05_08,staged
2025-02-04 22:15:00,3,51.119,-114.054,G15_09,staged
2025-02-04 22:15:00,4,51.065,-113.97,G12_12,staged
2025-02-04 22:15:00,5,51.10454,-114.2173,G14_03,on_scene
2025-02-04 22:15:00,6,50.903,-113.97,G03_12,staged
2025-02-04 22:15:00,7,50.993,-114.082,G08_08,staged
2025-02-04 22:15:00,8,51.137,-113.97,G16_12,staged
2025-02-04 22:15:00,9,51.011,-113.998,G09_11,staged
2025-02-04 22:15:00,10,51.047,-114.138,G11_06,staged
2025-02-04 22:20:00,1,51.04384,-114.08139,G11_08,on_scene
2025-02-04 22:20:00,2,50.939,-114.082,G05_08,staged
2025-02-04 22:20:00,3,51.119,-114.054,G15_09,staged
2025-02-04 22:20:00,4,51.065,-113.97,G12_12,staged
2025-02-04 22:20:00,5,51.10454,-114.2173,G14_03,on_scene
2025-02-04 22:20:00,6,50.903,-113.97,G03_12,staged
2025-02-04 22:20:00,7,50.993,-114.082,G08_08,staged
2025-02-04 22:20:00,8,51.137,-113.97,G16_12,staged
2025-02-04 22:20:00,9,51.011,-113.998,G09_11,staged
2025-02-04 22:20:00,10,51.047,-114.138,G11_06,staged
2025-02-04 22:25:00,1,51.04384,-114.08139,G11_08,on_scene
2025-02-04 22:25:00,2,50.939,-114.082,G05_08,staged
2025-02-04 22:25:00,3,51.119,-114.054,G15_09,staged
2025-02-04 22:25:00,4,51.065,-113.97,G12_12,staged
2025-02-04 22:25:00,5,51.10454,-114.2173,G14_03,on_scene
2025-02-04 22:25:00,6,50.903,-113.97,G03_12,staged
2025-02-04 22:25:00,7,50.993,-114.082,G08_08,staged
2025-02-04 22:25:00,8,51.137,-113.97,G16_12,staged
2025-02-04 22:25:00,9,51.011,-113.998,G09_11,staged
2025-02-04 22:25:00,10,51.047,-114.138,G11_06,staged
2025-02-04 22:30:00,1,51.04384,-114.08139,G11_08,on_scene
2025-02-04 22:30:00,2,50.939,-114.082,G05_08,staged
2025-02-04 22:30:00,3,51.119,-114.054,G15_09,staged
2025-02-04 22:30:00,4,51.065,-113.97,G12_12,staged
2025-02-04 22:30:00,5,51.10454,-114.2173,G14_03,on_scene
2025-02-04 22:30:00,6,50.903,-113.97,G03_12,staged
2025-02-04 22:30:00,7,50.993,-114.082,G08_08,staged
2025-02-04 22:30:00,8,51.137,-113.97,G16_12,staged
2025-02-04 22:30:00,9,51.011,-113.998,G09_11,staged
2025-02-04 22:30:00,10,51.047,-114.138,G11_06,staged
2025-02-04 22:35:00,1,51.04384,-114.08139,G11_08,on_scene
2025-02-04 22:35:00,2,50.939,-114.082,G05_08,staged
2025-02-04 22:35:00,3,51.119,-114.054,G15_09,staged
2025-02-04 22:35:00,4,51.065,-113.97,G12_12,staged
2025-02-04 22:35:00,5,51.10454,-114.2173,G14_03,on_scene
2025-02-04 22:35:00,6,50.903,-113.97,G03_12,staged
2025-02-04 22:35:00,7,50.993,-114.082,G08_08,staged
2025-02-04 22:35:00,8,51.137,-113.97,G16_12,staged
2025-02-04 22:35:00,9,51.011,-113.998,G09_11,staged
2025-02-04 22:35:00,10,51.047,-114.138,G11_06,staged
2025-02-04 22:40:00,1,51.04548,-114.06717,G11_09,returning
2025-02-04 22:40:00,2,50.939,-114.082,G05_08,staged
2025-02-04 22:40:00,3,51.119,-114.054,G15_09,staged
2025-02-04 22:40:00,4,51.065,-113.97,G12_12,staged
2025-02-04 22:40:00,5,51.10501,-114.21696,G14_03,returning
2025-02-04 22:40:00,6,50.903,-113.97,G03_12,staged
2025-02-04 22:40:00,7,50.993,-114.082,G08_08,staged
2025-02-04 22:40:00,8,51.137,-113.97,G16_12,staged
2025-02-04 22:40:00,9,51.011,-113.998,G09_11,staged
2025-02-04 22:40:00,10,51.047,-114.138,G11_06,staged
2025-02-04 22:45:00,1,51.047,-114.054,G11_09,staged
2025-02-04 22:45:00,2,50.939,-114.082,G05_08,staged
2025-02-04 22:45:00,3,51.119,-114.054,G15_09,staged
2025-02-04 22:45:00,4,51.065,-113.97,G12_12,staged
2025-02-04 22:45:00,5,51.12604,-114.20187,G15_04,returning
2025-02-04 22:45:00,6,50.903,-113.97,G03_12,staged
2025-02-04 22:45:00,7,50.993,-114.082,G08_08,staged
2025-02-04 22:45:00,8,51.137,-113.97,G16_12,staged
2025-02-04 22:45:00,9,51.011,-113.998,G09_11,staged
2025-02-04 22:45:00,10,51.047,-114.138,G11_06,staged
2025-02-04 22:50:00,1,51.047,-114.054,G11_09,staged
2025-02-04 22:50:00,2,50.939,-114.082,G05_08,staged
2025-02-04 22:50:00,3,51.119,-114.054,G15_09,staged
2025-02-04 22:50:00,4,51.065,-113.97,G12_12,staged
2025-02-04 22:50:00,5,51.137,-114.194,G16_04,staged
2025-02-04 22:50:00,6,50.903,-113.97,G03_12,staged
2025-02-04 22:50:00,7,50.993,-114.082,G08_08,staged
2025-02-04 22:50:00,8,51.137,-113.97,G16_12,staged
2025-02-04 22:50:00,9,51.011,-113.998,G09_11,staged
2025-02-04 22:50:00,10,51.047,-114.138,G11_06,staged
2025-02-04 22:55:00,1,51.047,-114.054,G11_09,staged
2025-02-04 22:55:00,2,50.939,-114.082,G05_08,staged
2025-02-04 22:55:00,3,51.119,-114.054,G15_09,staged
2025-02-04 22:55:00,4,51.065,-113.97,G12_12,staged
2025-02-04 22:55:00,5,51.137,-114.194,G16_04,staged
2025-02-04 22:55:00,6,50.903,-113.97,G03_12,staged
2025-02-04 22:55:00,7,50.993,-114.082,G08_08,staged
2025-02-04 22:55:00,8,51.137,-113.97,G16_12,staged
2025-02-04 22:55:00,9,51.011,-113.998,G09_11,staged
2025-02-04 22:55:00,10,51.047,-114.138,G11_06,staged
2025-02-04 23:00:00,1,51.047,-114.054,G11_09,staged
2025-02-04 23:00:00,2,50.939,-114.082,G05_08,staged
2025-02-04 23:00:00,3,51.119,-114.054,G15_09,staged
2025-02-04 23:00:00,4,51.065,-113.97,G12_12,staged
2025-02-04 23:00:00,5,51.137,-114.194,G16_04,staged
2025-02-04 23:00:00,6,50.903,-113.97,G03_12,staged
2025-02-04 23:00:00,7,50.993,-114.082,G08_08,staged
2025-02-04 23:00:00,8,51.137,-113.97,G16_12,staged
2025-02-04 23:00:00,9,51.011,-113.998,G09_11,staged
2025-02-04 23:00:00,10,51.047,-114.138,G11_06,staged
2025-02-04 23:05:00,1,51.047,-114.054,G11_09,staged
2025-02-04 23:05:00,2,50.939,-114.082,G05_08,staged
2025-02-04 23:05:00,3,51.119,-114.054,G15_09,staged
2025-02-04 23:05:00,4,51.065,-113.97,G12_12,staged
2025-02-04 23:05:00,5,51.137,-114.194,G16_04,staged
2025-02-04 23:05:00,6,50.903,-113.97,G03_12,staged
2025-02-04 23:05:00,7,50.993,-114.082,G08_08,staged
2025-02-04 23:05:00,8,51.137,-113.97,G16_12,staged
2025-02-04 23:05:00,9,51.011,-113.998,G09_11,staged
2025-02-04 23:05:00,10,51.047,-114.138,G11_06,staged
2025-02-04 23:10:00,1,51.047,-114.054,G11_09,staged
2025-02-04 23:10:00,2,50.939,-114.082,G05_08,staged
2025-02-04 23:10:00,3,51.119,-114.054,G15_09,staged
2025-02-04 23:10:00,4,51.065,-113.97,G12_12,staged
2025-02-04 23:10:00,5,51.137,-114.194,G16_04,staged
2025-02-04 23:10:00,6,50.903,-113.97,G03_12,staged
2025-02-04 23:10:00,7,50.993,-114.082,G08_08,staged
2025-02-04 23:10:00,8,51.137,-113.97,G16_12,staged
2025-02-04 23:10:00,9,51.011,-113.998,G09_11,staged
2025-02-04 23:10:00,10,51.047,-114.138,G11_06,staged
2025-02-04 23:15:00,1,51.047,-114.054,G11_09,staged
2025-02-04 23:15:00,2,50.939,-114.082,G05_08,staged
2025-02-04 23:15:00,3,51.119,-114.054,G15_09,staged
2025-02-04 23:15:00,4,51.065,-113.97,G12_12,staged
2025-02-04 23:15:00,5,51.137,-114.194,G16_04,staged
2025-02-04 23:15:00,6,50.903,-113.97,G03_12,staged
2025-02-04 23:15:00,7,50.993,-114.082,G08_08,staged
2025-02-04 23:15:00,8,51.137,-113.97,G16_12,staged
2025-02-04 23:15:00,9,51.011,-113.998,G09_11,staged
2025-02-04 23:15:00,10,51.047,-114.138,G11_06,staged
2025-02-04 23:20:00,1,51.047,-114.054,G11_09,staged
2025-02-04 23:20:00,2,50.939,-114.082,G05_08,staged
2025-02-04 23:20:00,3,51.119,-114.054,G15_09,staged
2025-02-04 23:20:00,4,51.065,-113.97,G12_12,staged
2025-02-04 23:20:00,5,51.137,-114.194,G16_04,staged
2025-02-04 23:20:00,6,50.903,-113.97,G03_12,staged
2025-02-04 23:20:00,7,50.993,-114.082,G08_08,staged
2025-02-04 23:20:00,8,51.137,-113.97,G16_12,staged
2025-02-04 23:20:00,9,51.011,-113.998,G09_11,staged
2025-02-04 23:20:00,10,51.047,-114.138,G11_06,staged
2025-02-04 23:25:00,1,51.047,-114.054,G11_09,staged
2025-02-04 23:25:00,2,50.939,-114.082,G05_08,staged
2025-02-04 23:25:00,3,51.119,-114.054,G15_09,staged
2025-02-04 23:25:00,4,51.065,-113.97,G12_12,staged
2025-02-04 23:25:00,5,51.137,-114.194,G16_04,staged
2025-02-04 23:25:00,6,50.903,-113.97,G03_12,staged
2025-02-04 23:25:00,7,50.993,-114.082,G08_08,staged
2025-02-04 23:25:00,8,51.137,-113.97,G16_12,staged
2025-02-04 23:25:00,9,51.011,-113.998,G09_11,staged
2025-02-04 23:25:00,10,51.047,-114.138,G11_06,staged
2025-02-04 23:30:00,1,51.047,-114.054,G11_09,staged
2025-02-04 23:30:00,2,50.939,-114.082,G05_08,staged
2025-02-04 23:30:00,3,51.119,-114.054,G15_09,staged
2025-02-04 23:30:00,4,51.065,-113.97,G12_12,staged
2025-02-04 23:30:00,5,51.137,-114.194,G16_04,staged
2025-02-04 23:30:00,6,50.903,-113.97,G03_12,staged
2025-02-04 23:30:00,7,50.993,-114.082,G08_08,staged
2025-02-04 23:30:00,8,51.137,-113.97,G16_12,staged
2025-02-04 23:30:00,9,51.011,-113.998,G09_11,staged
2025-02-04 23:30:00,10,51.047,-114.138,G11_06,staged
2025-02-04 23:35:00,1,51.047,-114.054,G11_09,staged
2025-02-04 23:35:00,2,50.939,-114.082,G05_08,staged
2025-02-04 23:35:00,3,51.119,-114.054,G15_09,staged
2025-02-04 23:35:00,4,51.065,-113.97,G12_12,staged
2025-02-04 23:35:00,5,51.137,-114.194,G16_04,staged
2025-02-04 23:35:00,6,50.903,-113.97,G03_12,staged
2025-02-04 23:35:00,7,50.993,-114.082,G08_08,staged
2025-02-04 23:35:00,8,51.137,-113.97,G16_12,staged
2025-02-04 23:35:00,9,51.011,-113.998,G09_11,staged
2025-02-04 23:35:00,10,51.047,-114.138,G11_06,staged
2025-02-04 23:40:00,1,51.047,-114.054,G11_09,staged
2025-02-04 23:40:00,2,50.939,-114.082,G05_08,staged
2025-02-04 23:40:00,3,51.119,-114.054,G15_09,staged
2025-02-04 23:40:00,4,51.065,-113.97,G12_12,staged
2025-02-04 23:40:00,5,51.137,-114.194,G16_04,staged
2025-02-04 23:40:00,6,50.903,-113.97,G03_12,staged
2025-02-04 23:40:00,7,50.993,-114.082,G08_08,staged
2025-02-04 23:40:00,8,51.137,-113.97,G16_12,staged
2025-02-04 23:40:00,9,51.011,-113.998,G09_11,staged
2025-02-04 23:40:00,10,51.047,-114.138,G11_06,staged
2025-02-04 23:45:00,1,51.047,-114.054,G11_09,staged
2025-02-04 23:45:00,2,50.939,-114.082,G05_08,staged
2025-02-04 23:45:00,3,51.119,-114.054,G15_09,staged
2025-02-04 23:45:00,4,51.065,-113.97,G12_12,staged
2025-02-04 23:45:00,5,51.137,-114.194,G16_04,staged
2025-02-04 23:45:00,6,50.903,-113.97,G03_12,staged
2025-02-04 23:45:00,7,50.993,-114.082,G08_08,staged
2025-02-04 23:45:00,8,51.137,-113.97,G16_12,staged
2025-02-04 23:45:00,9,51.011,-113.998,G09_11,staged
2025-02-04 23:45:00,10,51.047,-114.138,G11_06,staged
2025-02-04 23:50:00,1,51.047,-114.054,G11_09,staged
2025-02-04 23:50:00,2,50.939,-114.082,G05_08,staged
2025-02-04 23:50:00,3,51.119,-114.054,G15_09,staged
2025-02-04 23:50:00,4,51.065,-113.97,G12_12,staged
2025-02-04 23:50:00,5,51.137,-114.194,G16_04,staged
2025-02-04 23:50:00,6,50.903,-113.97,G03_12,staged
2025-02-04 23:50:00,7,50.993,-114.082,G08_08,staged
2025-02-04 23:50:00,8,51.137,-113.97,G16_12,staged
2025-02-04 23:50:00,9,51.011,-113.998,G09_11,staged
2025-02-04 23:50:00,10,51.047,-114.138,G11_06,staged
2025-02-04 23:55:00,1,51.047,-114.054,G11_09,staged
2025-02-04 23:55:00,2,50.939,-114.082,G05_08,staged
2025-02-04 23:55:00,3,51.119,-114.054,G15_09,staged
2025-02-04 23:55:00,4,51.065,-113.97,G12_12,staged
2025-02-04 23:55:00,5,51.137,-114.194,G16_04,staged
2025-02-04 23:55:00,6,50.903,-113.97,G03_12,staged
2025-02-04 23:55:00,7,50.993,-114.082,G08_08,staged
2025-02-04 23:55:00,8,51.137,-113.97,G16_12,staged
2025-02-04 23:55:00,9,51.011,-113.998,G09_11,staged
2025-02-04 23:55:00,10,51.047,-114.138,G11_06,staged
