time,unit_id,lat,lon,zone_id,status
2025-02-04 00:00:00,1,51.047,-114.082,G11_08,staged
2025-02-04 00:00:00,2,50.975,-114.054,G07_09,staged
2025-02-04 00:00:00,3,51.137,-114.026,G16_10,staged
2025-02-04 00:00:00,4,51.119,-114.194,G15_04,staged
2025-02-04 00:00:00,5,51.065,-113.97,G12_12,staged
2025-02-04 00:00:00,6,50.903,-113.97,G03_12,staged
2025-02-04 00:05:00,1,51.047,-114.082,G11_08,staged
2025-02-04 00:05:00,2,50.975,-114.054,G07_09,staged
2025-02-04 00:05:00,3,51.137,-114.026,G16_10,staged
2025-02-04 00:05:00,4,51.119,-114.194,G15_04,staged
2025-02-04 00:05:00,5,51.065,-113.97,G12_12,staged
2025-02-04 00:05:00,6,50.903,-113.97,G03_12,staged
2025-02-04 00:10:00,1,51.047,-114.082,G11_08,staged
2025-02-04 00:10:00,2,50.975,-114.054,G07_09,staged
2025-02-04 00:10:00,3,51.137,-114.026,G16_10,staged
2025-02-04 00:10:00,4,51.119,-114.194,G15_04,staged
2025-02-04 00:10:00,5,51.065,-113.97,G12_12,staged
2025-02-04 00:10:00,6,50.903,-113.97,G03_12,staged
2025-02-04 00:15:00,1,51.047,-114.082,G11_08,staged
2025-02-04 00:15:00,2,50.975,-114.054,G07_09,staged
2025-02-04 00:15:00,3,51.137,-114.026,G16_10,staged
2025-02-04 00:15:00,4,51.119,-114.194,G15_04,staged
2025-02-04 00:15:00,5,51.065,-113.97,G12_12,staged
2025-02-04 00:15:00,6,50.903,-113.97,G03_12,staged
2025-02-04 00:20:00,1,51.047,-114.082,G11_08,staged
2025-02-04 00:20:00,2,50.975,-114.054,G07_09,staged
2025-02-04 00:20:00,3,51.137,-114.026,G16_10,responding
2025-02-04 00:20:00,4,51.119,-114.194,G15_04,staged
2025-02-04 00:20:00,5,51.065,-113.97,G12_12,staged
2025-02-04 00:20:00,6,50.903,-113.97,G03_12,staged
2025-02-04 00:25:00,1,51.047,-114.082,G11_08,staged
2025-02-04 00:25:00,2,50.975,-114.054,G07_09,staged
2025-02-04 00:25:00,3,51.13411,-113.98954,G16_11,responding
2025-02-04 00:25:00,4,51.119,-114.194,G15_04,staged
2025-02-04 00:25:00,5,51.065,-113.97,G12_12,staged
2025-02-04 00:25:00,6,50.903,-113.97,G03_12,staged
2025-02-04 00:30:00,1,51.047,-114.082,G11_08,staged
2025-02-04 00:30:00,2,50.975,-114.054,G07_09,staged
2025-02-04 00:30:00,3,51.13263,-113.97087,G16_12,on_scene
2025-02-04 00:30:00,4,51.119,-114.194,G15_04,staged
2025-02-04 00:30:00,5,51.065,-113.97,G12_12,staged
2025-02-04 00:30:00,6,50.903,-113.97,G03_12,staged
2025-02-04 00:35:00,1,51.047,-114.082,G11_08,staged
2025-02-04 00:35:00,2,50.975,-114.054,G07_09,staged
2025-02-04 00:35:00,3,51.13263,-113.97087,G16_12,on_scene
2025-02-04 00:35:00,4,51.119,-114.194,G15_04,staged
2025-02-04 00:35:00,5,51.065,-113.97,G12_12,staged
2025-02-04 00:35:00,6,50.903,-113.97,G03_12,staged
2025-02-04 00:40:00,1,51.047,-114.082,G11_08,staged
2025-02-04 00:40:00,2,50.975,-114.054,G07_09,staged
2025-02-04 00:40:00,3,51.13263,-113.97087,G16_12,on_scene
2025-02-04 00:40:00,4,51.119,-114.194,G15_04,staged
2025-02-04 00:40:00,5,51.065,-113.97,G12_12,staged
2025-02-04 00:40:00,6,50.903,-113.97,G03_12,staged
2025-02-04 00:45:00,1,51.047,-114.082,G11_08,staged
2025-02-04 00:45:00,2,50.975,-114.054,G07_09,staged
2025-02-04 00:45:00,3,51.13263,-113.97087,G16_12,on_scene
2025-02-04 00:45:00,4,51.119,-114.194,G15_04,staged
2025-02-04 00:45:00,5,51.065,-113.97,G12_12,staged
2025-02-04 00:45:00,6,50.903,-113.97,G03_12,staged
2025-02-04 00:50:00,1,51.047,-114.082,G11_08,staged
2025-02-04 00:50:00,2,50.975,-114.054,G07_09,staged
2025-02-04 00:50:00,3,51.13263,-113.97087,G16_12,on_scene
2025-02-04 00:50:00,4,51.119,-114.194,G15_04,staged
2025-02-04 00:50:00,5,51.065,-113.97,G12_12,staged
2025-02-04 00:50:00,6,50.903,-113.97,G03_12,staged
2025-02-04 00:55:00,1,51.047,-114.082,G11_08,staged
2025-02-04 00:55:00,2,50.975,-114.054,G07_09,staged
2025-02-04 00:55:00,3,51.13263,-113.97087,G16_12,on_scene
2025-02-04 00:55:00,4,51.119,-114.194,G15_04,staged
2025-02-04 00:55:00,5,51.065,-113.97,G12_12,staged
2025-02-04 00:55:00,6,50.903,-113.97,G03_12,staged
2025-02-04 01:00:00,1,51.047,-114.082,G11_08,staged
2025-02-04 01:00:00,2,50.975,-114.054,G07_09,staged
2025-02-04 01:00:00,3,51.13404,-113.98866,G16_11,returning
2025-02-04 01:00:00,4,51.119,-114.194,G15_04,staged
2025-02-04 01:00:00,5,51.065,-113.97,G12_12,staged
2025-02-04 01:00:00,6,50.903,-113.97,G03_12,staged
2025-02-04 01:00:00,7,51.047,-114.082,G11_08,staged
2025-02-04 01:00:00,8,51.047,-114.082,G11_08,staged
2025-02-04 01:00:00,9,51.047,-114.082,G11_08,staged
2025-02-04 01:00:00,10,51.047,-114.082,G11_08,staged
2025-02-04 01:05:00,1,51.047,-114.082,G11_08,staged
2025-02-04 01:05:00,2,50.975,-114.054,G07_09,staged
2025-02-04 01:05:00,3,51.13693,-114.02512,G16_10,returning
2025-02-04 01:05:00,4,51.119,-114.194,G15_04,staged
2025-02-04 01:05:00,5,51.065,-113.97,G12_12,staged
2025-02-04 01:05:00,6,50.903,-113.97,G03_12,staged
2025-02-04 01:05:00,7,51.047,-114.082,G11_08,staged
2025-02-04 01:05:00,8,51.047,-114.082,G11_08,staged
2025-02-04 01:05:00,9,51.047,-114.082,G11_08,staged
2025-02-04 01:05:00,10,51.047,-114.082,G11_08,staged
2025-02-04 01:10:00,1,51.047,-114.082,G11_08,staged
2025-02-04 01:10:00,2,50.975,-114.054,G07_09,staged
2025-02-04 01:10:00,3,51.137,-114.026,G16_10,staged
2025-02-04 01:10:00,4,51.119,-114.194,G15_04,staged
2025-02-04 01:10:00,5,51.065,-113.97,G12_12,staged
2025-02-04 01:10:00,6,50.903,-113.97,G03_12,staged
2025-02-04 01:10:00,7,51.047,-114.082,G11_08,staged
2025-02-04 01:10:00,8,51.047,-114.082,G11_08,staged
2025-02-04 01:10:00,9,51.047,-114.082,G11_08,staged
2025-02-04 01:10:00,10,51.047,-114.082,G11_08,staged
2025-02-04 01:15:00,1,51.047,-114.082,G11_08,staged
2025-02-04 01:15:00,2,50.975,-114.054,G07_09,staged
2025-02-04 01:15:00,3,51.137,-114.026,G16_10,staged
2025-02-04 01:15:00,4,51.119,-114.194,G15_04,staged
2025-02-04 01:15:00,5,51.065,-113.97,G12_12,staged
2025-02-04 01:15:00,6,50.903,-113.97,G03_12,staged
2025-02-04 01:15:00,7,51.047,-114.082,G11_08,staged
2025-02-04 01:15:00,8,51.047,-114.082,G11_08,staged
2025-02-04 01:15:00,9,51.047,-114.082,G11_08,staged
2025-02-04 01:15:00,10,51.047,-114.082,G11_08,staged
2025-02-04 01:20:00,1,51.047,-114.082,G11_08,staged
2025-02-04 01:20:00,2,50.975,-114.054,G07_09,staged
2025-02-04 01:20:00,3,51.137,-114.026,G16_10,staged
2025-02-04 01:20:00,4,51.119,-114.194,G15_04,staged
2025-02-04 01:20:00,5,51.065,-113.97,G12_12,staged
2025-02-04 01:20:00,6,50.903,-113.97,G03_12,staged
2025-02-04 01:20:00,7,51.047,-114.082,G11_08,staged
2025-02-04 01:20:00,8,51.047,-114.082,G11_08,staged
2025-02-04 01:20:00,9,51.047,-114.082,G11_08,staged
2025-02-04 01:20:00,10,51.047,-114.082,G11_08,staged
2025-02-04 01:25:00,1,51.047,-114.082,G11_08,staged
2025-02-04 01:25:00,2,50.975,-114.054,G07_09,staged
2025-02-04 01:25:00,3,51.137,-114.026,G16_10,staged
2025-02-04 01:25:00,4,51.119,-114.194,G15_04,staged
2025-02-04 01:25:00,5,51.065,-113.97,G12_12,staged
2025-02-04 01:25:00,6,50.903,-113.97,G03_12,staged
2025-02-04 01:25:00,7,51.047,-114.082,G11_08,staged
2025-02-04 01:25:00,8,51.047,-114.082,G11_08,staged
2025-02-04 01:25:00,9,51.047,-114.082,G11_08,staged
2025-02-04 01:25:00,10,51.047,-114.082,G11_08,staged
2025-02-04 01:30:00,1,51.047,-114.082,G11_08,staged
2025-02-04 01:30:00,2,50.975,-114.054,G07_09,staged
2025-02-04 01:30:00,3,51.137,-114.026,G16_10,staged
2025-02-04 01:30:00,4,51.119,-114.194,G15_04,staged
2025-02-04 01:30:00,5,51.065,-113.97,G12_12,staged
2025-02-04 01:30:00,6,50.903,-113.97,G03_12,staged
2025-02-04 01:30:00,7,51.047,-114.082,G11_08,staged
2025-02-04 01:30:00,8,51.047,-114.082,G11_08,staged
2025-02-04 01:30:00,9,51.047,-114.082,G11_08,staged
2025-02-04 01:30:00,10,51.047,-114.082,G11_08,staged
2025-02-04 01:35:00,1,51.047,-114.082,G11_08,staged
2025-02-04 01:35:00,2,50.975,-114.054,G07_09,staged
2025-02-04 01:35:00,3,51.137,-114.026,G16_10,staged
2025-02-04 01:35:00,4,51.119,-114.194,G15_04,staged
2025-02-04 01:35:00,5,51.065,-113.97,G12_12,staged
2025-02-04 01:35:00,6,50.903,-113.97,G03_12,staged
2025-02-04 01:35:00,7,51.047,-114.082,G11_08,staged
2025-02-04 01:35:00,8,51.047,-114.082,G11_08,staged
2025-02-04 01:35:00,9,51.047,-114.082,G11_08,staged
2025-02-04 01:35:00,10,51.047,-114.082,G11_08,staged
2025-02-04 01:40:00,1,51.047,-114.082,G11_08,staged
2025-02-04 01:40:00,2,50.975,-114.054,G07_09,staged
2025-02-04 01:40:00,3,51.137,-114.026,G16_10,staged
2025-02-04 01:40:00,4,51.119,-114.194,G15_04,staged
2025-02-04 01:40:00,5,51.065,-113.97,G12_12,staged
2025-02-04 01:40:00,6,50.903,-113.97,G03_12,staged
2025-02-04 01:40:00,7,51.047,-114.082,G11_08,staged
2025-02-04 01:40:00,8,51.047,-114.082,G11_08,staged
2025-02-04 01:40:00,9,51.047,-114.082,G11_08,staged
2025-02-04 01:40:00,10,51.047,-114.082,G11_08,staged
2025-02-04 01:45:00,1,51.047,-114.082,G11_08,staged
2025-02-04 01:45:00,2,50.975,-114.054,G07_09,staged
2025-02-04 01:45:00,3,51.137,-114.026,G16_10,staged
2025-02-04 01:45:00,4,51.119,-114.194,G15_04,staged
2025-02-04 01:45:00,5,51.065,-113.97,G12_12,staged
2025-02-04 01:45:00,6,50.903,-113.97,G03_12,staged
2025-02-04 01:45:00,7,51.047,-114.082,G11_08,staged
2025-02-04 01:45:00,8,51.047,-114.082,G11_08,staged
2025-02-04 01:45:00,9,51.047,-114.082,G11_08,staged
2025-02-04 01:45:00,10,51.047,-114.082,G11_08,staged
2025-02-04 01:50:00,1,51.047,-114.082,G11_08,staged
2025-02-04 01:50:00,2,50.975,-114.054,G07_09,staged
2025-02-04 01:50:00,3,51.137,-114.026,G16_10,staged
2025-02-04 01:50:00,4,51.119,-114.194,G15_04,staged
2025-02-04 01:50:00,5,51.065,-113.97,G12_12,staged
2025-02-04 01:50:00,6,50.903,-113.97,G03_12,staged
2025-02-04 01:50:00,7,51.047,-114.082,G11_08,staged
2025-02-04 01:50:00,8,51.047,-114.082,G11_08,staged
2025-02-04 01:50:00,9,51.047,-114.082,G11_08,staged
2025-02-04 01:50:00,10,51.047,-114.082,G11_08,staged
2025-02-04 01:55:00,1,51.047,-114.082,G11_08,staged
2025-02-04 01:55:00,2,50.975,-114.054,G07_09,staged
2025-02-04 01:55:00,3,51.137,-114.026,G16_10,staged
2025-02-04 01:55:00,4,51.119,-114.194,G15_04,staged
2025-02-04 01:55:00,5,51.065,-113.97,G12_12,staged
2025-02-04 01:55:00,6,50.903,-113.97,G03_12,staged
2025-02-04 01:55:00,7,51.047,-114.082,G11_08,staged
2025-02-04 01:55:00,8,51.047,-114.082,G11_08,staged
2025-02-04 01:55:00,9,51.047,-114.082,G11_08,staged
2025-02-04 01:55:00,10,51.047,-114.082,G11_08,staged
2025-02-04 02:00:00,1,51.047,-114.082,G11_08,staged
2025-02-04 02:00:00,2,50.975,-114.054,G07_09,staged
2025-02-04 02:00:00,3,51.137,-114.026,G16_10,staged
2025-02-04 02:00:00,4,51.119,-114.194,G15_04,staged
2025-02-04 02:00:00,5,51.065,-113.97,G12_12,staged
2025-02-04 02:00:00,6,50.903,-113.97,G03_12,staged
2025-02-04 02:00:00,7,51.047,-114.082,G11_08,staged
2025-02-04 02:00:00,8,51.047,-114.082,G11_08,staged
2025-02-04 02:00:00,9,51.047,-114.082,G11_08,staged
2025-02-04 02:00:00,10,51.047,-114.082,G11_08,staged
2025-02-04 02:05:00,1,51.047,-114.082,G11_08,staged
2025-02-04 02:05:00,2,50.975,-114.054,G07_09,staged
2025-02-04 02:05:00,3,51.137,-114.026,G16_10,staged
2025-02-04 02:05:00,4,51.119,-114.194,G15_04,staged
2025-02-04 02:05:00,5,51.065,-113.97,G12_12,staged
2025-02-04 02:05:00,6,50.903,-113.97,G03_12,staged
2025-02-04 02:05:00,7,51.047,-114.082,G11_08,staged
2025-02-04 02:05:00,8,51.047,-114.082,G11_08,staged
2025-02-04 02:05:00,9,51.047,-114.082,G11_08,staged
2025-02-04 02:05:00,10,51.047,-114.082,G11_08,staged
2025-02-04 02:10:00,1,51.047,-114.082,G11_08,staged
2025-02-04 02:10:00,2,50.975,-114.054,G07_09,staged
2025-02-04 02:10:00,3,51.137,-114.026,G16_10,staged
2025-02-04 02:10:00,4,51.119,-114.194,G15_04,staged
2025-02-04 02:10:00,5,51.065,-113.97,G12_12,staged
2025-02-04 02:10:00,6,50.903,-113.97,G03_12,staged
2025-02-04 02:10:00,7,51.047,-114.082,G11_08,staged
2025-02-04 02:10:00,8,51.047,-114.082,G11_08,staged
2025-02-04 02:10:00,9,51.047,-114.082,G11_08,staged
2025-02-04 02:10:00,10,51.047,-114.082,G11_08,staged
2025-02-04 02:15:00,1,51.047,-114.082,G11_08,staged
2025-02-04 02:15:00,2,50.975,-114.054,G07_09,staged
2025-02-04 02:15:00,3,51.137,-114.026,G16_10,staged
2025-02-04 02:15:00,4,51.119,-114.194,G15_04,staged
2025-02-04 02:15:00,5,51.065,-113.97,G12_12,staged
2025-02-04 02:15:00,6,50.903,-113.97,G03_12,staged
2025-02-04 02:15:00,7,51.047,-114.082,G11_08,staged
2025-02-04 02:15:00,8,51.047,-114.082,G11_08,staged
2025-02-04 02:15:00,9,51.047,-114.082,G11_08,staged
2025-02-04 02:15:00,10,51.047,-114.082,G11_08,staged
2025-02-04 02:20:00,1,51.047,-114.082,G11_08,staged
2025-02-04 02:20:00,2,50.975,-114.054,G07_09,staged
2025-02-04 02:20:00,3,51.137,-114.026,G16_10,staged
2025-02-04 02:20:00,4,51.119,-114.194,G15_04,staged
2025-02-04 02:20:00,5,51.065,-113.97,G12_12,staged
2025-02-04 02:20:00,6,50.903,-113.97,G03_12,staged
2025-02-04 02:20:00,7,51.047,-114.082,G11_08,staged
2025-02-04 02:20:00,8,51.047,-114.082,G11_08,staged
2025-02-04 02:20:00,9,51.047,-114.082,G11_08,staged
2025-02-04 02:20:00,10,51.047,-114.082,G11_08,staged
2025-02-04 02:25:00,1,51.047,-114.082,G11_08,staged
2025-02-04 02:25:00,2,50.975,-114.054,G07_09,staged
2025-02-04 02:25:00,3,51.137,-114.026,G16_10,staged
2025-02-04 02:25:00,4,51.119,-114.194,G15_04,staged
2025-02-04 02:25:00,5,51.065,-113.97,G12_12,staged
2025-02-04 02:25:00,6,50.903,-113.97,G03_12,staged
2025-02-04 02:25:00,7,51.047,-114.082,G11_08,staged
2025-02-04 02:25:00,8,51.047,-114.082,G11_08,staged
2025-02-04 02:25:00,9,51.047,-114.082,G11_08,staged
2025-02-04 02:25:00,10,51.047,-114.082,G11_08,staged
2025-02-04 02:30:00,1,51.047,-114.082,G11_08,staged
2025-02-04 02:30:00,2,50.975,-114.054,G07_09,staged
2025-02-04 02:30:00,3,51.137,-114.026,G16_10,staged
2025-02-04 02:30:00,4,51.119,-114.194,G15_04,staged
2025-02-04 02:30:00,5,51.065,-113.97,G12_12,staged
2025-02-04 02:30:00,6,50.903,-113.97,G03_12,staged
2025-02-04 02:30:00,7,51.047,-114.082,G11_08,staged
2025-02-04 02:30:00,8,51.047,-114.082,G11_08,staged
2025-02-04 02:30:00,9,51.047,-114.082,G11_08,staged
2025-02-04 02:30:00,10,51.047,-114.082,G11_08,staged
2025-02-04 02:35:00,1,51.047,-114.082,G11_08,staged
2025-02-04 02:35:00,2,50.975,-114.054,G07_09,staged
2025-02-04 02:35:00,3,51.137,-114.026,G16_10,staged
2025-02-04 02:35:00,4,51.119,-114.194,G15_04,staged
2025-02-04 02:35:00,5,51.065,-113.97,G12_12,staged
2025-02-04 02:35:00,6,50.903,-113.97,G03_12,staged
2025-02-04 02:35:00,7,51.047,-114.082,G11_08,staged
2025-02-04 02:35:00,8,51.047,-114.082,G11_08,staged
2025-02-04 02:35:00,9,51.047,-114.082,G11_08,staged
2025-02-04 02:35:00,10,51.047,-114.082,G11_08,staged
2025-02-04 02:40:00,1,51.047,-114.082,G11_08,staged
2025-02-04 02:40:00,2,50.975,-114.054,G07_09,staged
2025-02-04 02:40:00,3,51.137,-114.026,G16_10,staged
2025-02-04 02:40:00,4,51.119,-114.194,G15_04,staged
2025-02-04 02:40:00,5,51.065,-113.97,G12_12,staged
2025-02-04 02:40:00,6,50.903,-113.97,G03_12,staged
2025-02-04 02:40:00,7,51.047,-114.082,G11_08,staged
2025-02-04 02:40:00,8,51.047,-114.082,G11_08,staged
2025-02-04 02:40:00,9,51.047,-114.082,G11_08,staged
2025-02-04 02:40:00,10,51.047,-114.082,G11_08,staged
2025-02-04 02:45:00,1,51.047,-114.082,G11_08,staged
2025-02-04 02:45:00,2,50.975,-114.054,G07_09,staged
2025-02-04 02:45:00,3,51.137,-114.026,G16_10,staged
2025-02-04 02:45:00,4,51.119,-114.194,G15_04,staged
2025-02-04 02:45:00,5,51.065,-113.97,G12_12,staged
2025-02-04 02:45:00,6,50.903,-113.97,G03_12,staged
2025-02-04 02:45:00,7,51.047,-114.082,G11_08,staged
2025-02-04 02:45:00,8,51.047,-114.082,G11_08,staged
2025-02-04 02:45:00,9,51.047,-114.082,G11_08,staged
2025-02-04 02:45:00,10,51.047,-114.082,G11_08,staged
2025-02-04 02:50:00,1,51.047,-114.082,G11_08,staged
2025-02-04 02:50:00,2,50.975,-114.054,G07_09,staged
2025-02-04 02:50:00,3,51.137,-114.026,G16_10,staged
2025-02-04 02:50:00,4,51.119,-114.194,G15_04,staged
2025-02-04 02:50:00,5,51.065,-113.97,G12_12,staged
2025-02-04 02:50:00,6,50.903,-113.97,G03_12,staged
2025-02-04 02:50:00,7,51.047,-114.082,G11_08,staged
2025-02-04 02:50:00,8,51.047,-114.082,G11_08,staged
2025-02-04 02:50:00,9,51.047,-114.082,G11_08,staged
2025-02-04 02:50:00,10,51.047,-114.082,G11_08,staged
2025-02-04 02:55:00,1,51.047,-114.082,G11_08,staged
2025-02-04 02:55:00,2,50.975,-114.054,G07_09,staged
2025-02-04 02:55:00,3,51.137,-114.026,G16_10,staged
2025-02-04 02:55:00,4,51.119,-114.194,G15_04,staged
2025-02-04 02:55:00,5,51.065,-113.97,G12_12,staged
2025-02-04 02:55:00,6,50.903,-113.97,G03_12,staged
2025-02-04 02:55:00,7,51.047,-114.082,G11_08,staged
2025-02-04 02:55:00,8,51.047,-114.082,G11_08,staged
2025-02-04 02:55:00,9,51.047,-114.082,G11_08,staged
2025-02-04 02:55:00,10,51.047,-114.082,G11_08,staged
2025-02-04 03:00:00,1,51.047,-114.082,G11_08,staged
2025-02-04 03:00:00,2,50.975,-114.054,G07_09,staged
2025-02-04 03:00:00,3,51.137,-114.026,G16_10,staged
2025-02-04 03:00:00,4,51.119,-114.194,G15_04,staged
2025-02-04 03:00:00,5,51.065,-113.97,G12_12,staged
2025-02-04 03:00:00,6,50.903,-113.97,G03_12,staged
2025-02-04 03:00:00,7,51.047,-114.082,G11_08,staged
2025-02-04 03:00:00,8,51.047,-114.082,G11_08,staged
2025-02-04 03:00:00,9,51.047,-114.082,G11_08,staged
2025-02-04 03:00:00,10,51.047,-114.082,G11_08,staged
2025-02-04 03:05:00,1,51.047,-114.082,G11_08,staged
2025-02-04 03:05:00,2,50.975,-114.054,G07_09,staged
2025-02-04 03:05:00,3,51.137,-114.026,G16_10,staged
2025-02-04 03:05:00,4,51.119,-114.194,G15_04,staged
2025-02-04 03:05:00,5,51.065,-113.97,G12_12,staged
2025-02-04 03:05:00,6,50.903,-113.97,G03_12,staged
2025-02-04 03:05:00,7,51.047,-114.082,G11_08,staged
2025-02-04 03:05:00,8,51.047,-114.082,G11_08,staged
2025-02-04 03:05:00,9,51.047,-114.082,G11_08,staged
2025-02-04 03:05:00,10,51.047,-114.082,G11_08,staged
2025-02-04 03:10:00,1,51.047,-114.082,G11_08,staged
2025-02-04 03:10:00,2,50.975,-114.054,G07_09,staged
2025-02-04 03:10:00,3,51.137,-114.026,G16_10,staged
2025-02-04 03:10:00,4,51.119,-114.194,G15_04,staged
2025-02-04 03:10:00,5,51.065,-113.97,G12_12,staged
2025-02-04 03:10:00,6,50.903,-113.97,G03_12,staged
2025-02-04 03:10:00,7,51.047,-114.082,G11_08,staged
2025-02-04 03:10:00,8,51.047,-114.082,G11_08,staged
2025-02-04 03:10:00,9,51.047,-114.082,G11_08,staged
2025-02-04 03:10:00,10,51.047,-114.082,G11_08,staged
2025-02-04 03:15:00,1,51.047,-114.082,G11_08,staged
2025-02-04 03:15:00,2,50.975,-114.054,G07_09,staged
2025-02-04 03:15:00,3,51.137,-114.026,G16_10,staged
2025-02-04 03:15:00,4,51.119,-114.194,G15_04,staged
2025-02-04 03:15:00,5,51.065,-113.97,G12_12,staged
2025-02-04 03:15:00,6,50.903,-113.97,G03_12,staged
2025-02-04 03:15:00,7,51.047,-114.082,G11_08,staged
2025-02-04 03:15:00,8,51.047,-114.082,G11_08,staged
2025-02-04 03:15:00,9,51.047,-114.082,G11_08,staged
2025-02-04 03:15:00,10,51.047,-114.082,G11_08,staged
2025-02-04 03:20:00,1,51.047,-114.082,G11_08,staged
2025-02-04 03:20:00,2,50.975,-114.054,G07_09,staged
2025-02-04 03:20:00,3,51.137,-114.026,G16_10,staged
2025-02-04 03:20:00,4,51.119,-114.194,G15_04,staged
2025-02-04 03:20:00,5,51.065,-113.97,G12_12,staged
2025-02-04 03:20:00,6,50.903,-113.97,G03_12,staged
2025-02-04 03:20:00,7,51.047,-114.082,G11_08,staged
2025-02-04 03:20:00,8,51.047,-114.082,G11_08,staged
2025-02-04 03:20:00,9,51.047,-114.082,G11_08,staged
2025-02-04 03:20:00,10,51.047,-114.082,G11_08,staged
2025-02-04 03:25:00,1,51.047,-114.082,G11_08,staged
2025-02-04 03:25:00,2,50.975,-114.054,G07_09,staged
2025-02-04 03:25:00,3,51.137,-114.026,G16_10,staged
2025-02-04 03:25:00,4,51.119,-114.194,G15_04,staged
2025-02-04 03:25:00,5,51.065,-113.97,G12_12,staged
2025-02-04 03:25:00,6,50.903,-113.97,G03_12,staged
2025-02-04 03:25:00,7,51.047,-114.082,G11_08,staged
2025-02-04 03:25:00,8,51.047,-114.082,G11_08,staged
2025-02-04 03:25:00,9,51.047,-114.082,G11_08,staged
2025-02-04 03:25:00,10,51.047,-114.082,G11_08,staged
2025-02-04 03:30:00,1,51.047,-114.082,G11_08,staged
2025-02-04 03:30:00,2,50.975,-114.054,G07_09,staged
2025-02-04 03:30:00,3,51.137,-114.026,G16_10,staged
2025-02-04 03:30:00,4,51.119,-114.194,G15_04,staged
2025-02-04 03:30:00,5,51.065,-113.97,G12_12,staged
2025-02-04 03:30:00,6,50.903,-113.97,G03_12,staged
2025-02-04 03:30:00,7,51.047,-114.082,G11_08,staged
2025-02-04 03:30:00,8,51.047,-114.082,G11_08,staged
2025-02-04 03:30:00,9,51.047,-114.082,G11_08,staged
2025-02-04 03:30:00,10,51.047,-114.082,G11_08,staged
2025-02-04 03:35:00,1,51.047,-114.082,G11_08,staged
2025-02-04 03:35:00,2,50.975,-114.054,G07_09,staged
2025-02-04 03:35:00,3,51.137,-114.026,G16_10,staged
2025-02-04 03:35:00,4,51.119,-114.194,G15_04,staged
2025-02-04 03:35:00,5,51.065,-113.97,G12_12,staged
2025-02-04 03:35:00,6,50.903,-113.97,G03_12,staged
2025-02-04 03:35:00,7,51.047,-114.082,G11_08,staged
2025-02-04 03:35:00,8,51.047,-114.082,G11_08,staged
2025-02-04 03:35:00,9,51.047,-114.082,G11_08,staged
2025-02-04 03:35:00,10,51.047,-114.082,G11_08,staged
2025-02-04 03:40:00,1,51.047,-114.082,G11_08,staged
2025-02-04 03:40:00,2,50.975,-114.054,G07_09,staged
2025-02-04 03:40:00,3,51.137,-114.026,G16_10,staged
2025-02-04 03:40:00,4,51.119,-114.194,G15_04,staged
2025-02-04 03:40:00,5,51.065,-113.97,G12_12,staged
2025-02-04 03:40:00,6,50.903,-113.97,G03_12,staged
2025-02-04 03:40:00,7,51.047,-114.082,G11_08,staged
2025-02-04 03:40:00,8,51.047,-114.082,G11_08,staged
2025-02-04 03:40:00,9,51.047,-114.082,G11_08,staged
2025-02-04 03:40:00,10,51.047,-114.082,G11_08,staged
2025-02-04 03:45:00,1,51.047,-114.082,G11_08,staged
2025-02-04 03:45:00,2,50.975,-114.054,G07_09,staged
2025-02-04 03:45:00,3,51.137,-114.026,G16_10,staged
2025-02-04 03:45:00,4,51.119,-114.194,G15_04,staged
2025-02-04 03:45:00,5,51.065,-113.97,G12_12,staged
2025-02-04 03:45:00,6,50.903,-113.97,G03_12,staged
2025-02-04 03:45:00,7,51.047,-114.082,G11_08,staged
2025-02-04 03:45:00,8,51.047,-114.082,G11_08,staged
2025-02-04 03:45:00,9,51.047,-114.082,G11_08,staged
2025-02-04 03:45:00,10,51.047,-114.082,G11_08,staged
2025-02-04 03:50:00,1,51.047,-114.082,G11_08,staged
2025-02-04 03:50:00,2,50.975,-114.054,G07_09,staged
2025-02-04 03:50:00,3,51.137,-114.026,G16_10,staged
2025-02-04 03:50:00,4,51.119,-114.194,G15_04,staged
2025-02-04 03:50:00,5,51.065,-113.97,G12_12,staged
2025-02-04 03:50:00,6,50.903,-113.97,G03_12,staged
2025-02-04 03:50:00,7,51.047,-114.082,G11_08,staged
2025-02-04 03:50:00,8,51.047,-114.082,G11_08,staged
2025-02-04 03:50:00,9,51.047,-114.082,G11_08,staged
2025-02-04 03:50:00,10,51.047,-114.082,G11_08,staged
2025-02-04 03:55:00,1,51.047,-114.082,G11_08,staged
2025-02-04 03:55:00,2,50.975,-114.054,G07_09,staged
2025-02-04 03:55:00,3,51.137,-114.026,G16_10,staged
2025-02-04 03:55:00,4,51.119,-114.194,G15_04,staged
2025-02-04 03:55:00,5,51.065,-113.97,G12_12,staged
2025-02-04 03:55:00,6,50.903,-113.97,G03_12,staged
2025-02-04 03:55:00,7,51.047,-114.082,G11_08,staged
2025-02-04 03:55:00,8,51.047,-114.082,G11_08,staged
2025-02-04 03:55:00,9,51.047,-114.082,G11_08,staged
2025-02-04 03:55:00,10,51.047,-114.082,G11_08,staged
2025-02-04 04:00:00,1,51.047,-114.082,G11_08,staged
2025-02-04 04:00:00,2,50.975,-114.054,G07_09,staged
2025-02-04 04:00:00,3,51.137,-114.026,G16_10,staged
2025-02-04 04:00:00,4,51.119,-114.194,G15_04,staged
2025-02-04 04:00:00,5,51.065,-113.97,G12_12,staged
2025-02-04 04:00:00,6,50.903,-113.97,G03_12,staged
2025-02-04 04:00:00,7,51.047,-114.082,G11_08,staged
2025-02-04 04:00:00,8,51.047,-114.082,G11_08,staged
2025-02-04 04:00:00,9,51.047,-114.082,G11_08,staged
2025-02-04 04:00:00,10,51.047,-114.082,G11_08,staged
2025-02-04 04:05:00,1,51.047,-114.082,G11_08,staged
2025-02-04 04:05:00,2,50.975,-114.054,G07_09,staged
2025-02-04 04:05:00,3,51.137,-114.026,G16_10,staged
2025-02-04 04:05:00,4,51.119,-114.194,G15_04,staged
2025-02-04 04:05:00,5,51.065,-113.97,G12_12,staged
2025-02-04 04:05:00,6,50.903,-113.97,G03_12,staged
2025-02-04 04:05:00,7,51.047,-114.082,G11_08,staged
2025-02-04 04:05:00,8,51.047,-114.082,G11_08,staged
2025-02-04 04:05:00,9,51.047,-114.082,G11_08,staged
2025-02-04 04:05:00,10,51.047,-114.082,G11_08,staged
2025-02-04 04:10:00,1,51.047,-114.082,G11_08,staged
2025-02-04 04:10:00,2,50.975,-114.054,G07_09,staged
2025-02-04 04:10:00,3,51.137,-114.026,G16_10,staged
2025-02-04 04:10:00,4,51.119,-114.194,G15_04,staged
2025-02-04 04:10:00,5,51.065,-113.97,G12_12,staged
2025-02-04 04:10:00,6,50.903,-113.97,G03_12,staged
2025-02-04 04:10:00,7,51.047,-114.082,G11_08,staged
2025-02-04 04:10:00,8,51.047,-114.082,G11_08,staged
2025-02-04 04:10:00,9,51.047,-114.082,G11_08,staged
2025-02-04 04:10:00,10,51.047,-114.082,G11_08,staged
2025-02-04 04:15:00,1,51.047,-114.082,G11_08,staged
2025-02-04 04:15:00,2,50.975,-114.054,G07_09,staged
2025-02-04 04:15:00,3,51.137,-114.026,G16_10,staged
2025-02-04 04:15:00,4,51.119,-114.194,G15_04,staged
2025-02-04 04:15:00,5,51.065,-113.97,G12_12,staged
2025-02-04 04:15:00,6,50.903,-113.97,G03_12,staged
2025-02-04 04:15:00,7,51.047,-114.082,G11_08,staged
2025-02-04 04:15:00,8,51.047,-114.082,G11_08,staged
2025-02-04 04:15:00,9,51.047,-114.082,G11_08,staged
2025-02-04 04:15:00,10,51.047,-114.082,G11_08,staged
2025-02-04 04:20:00,1,51.047,-114.082,G11_08,staged
2025-02-04 04:20:00,2,50.975,-114.054,G07_09,staged
2025-02-04 04:20:00,3,51.137,-114.026,G16_10,staged
2025-02-04 04:20:00,4,51.119,-114.194,G15_04,staged
2025-02-04 04:20:00,5,51.065,-113.97,G12_12,staged
2025-02-04 04:20:00,6,50.903,-113.97,G03_12,staged
2025-02-04 04:20:00,7,51.047,-114.082,G11_08,staged
2025-02-04 04:20:00,8,51.047,-114.082,G11_08,staged
2025-02-04 04:20:00,9,51.047,-114.082,G11_08,staged
2025-02-04 04:20:00,10,51.047,-114.082,G11_08,staged
2025-02-04 04:25:00,1,51.047,-114.082,G11_08,staged
2025-02-04 04:25:00,2,50.975,-114.054,G07_09,staged
2025-02-04 04:25:00,3,51.137,-114.026,G16_10,staged
2025-02-04 04:25:00,4,51.119,-114.194,G15_04,staged
2025-02-04 04:25:00,5,51.065,-113.97,G12_12,staged
2025-02-04 04:25:00,6,50.903,-113.97,G03_12,staged
2025-02-04 04:25:00,7,51.047,-114.082,G11_08,staged
2025-02-04 04:25:00,8,51.047,-114.082,G11_08,staged
2025-02-04 04:25:00,9,51.047,-114.082,G11_08,staged
2025-02-04 04:25:00,10,51.047,-114.082,G11_08,staged
2025-02-04 04:30:00,1,51.047,-114.082,G11_08,staged
2025-02-04 04:30:00,2,50.975,-114.054,G07_09,staged
2025-02-04 04:30:00,3,51.137,-114.026,G16_10,staged
2025-02-04 04:30:00,4,51.119,-114.194,G15_04,staged
2025-02-04 04:30:00,5,51.065,-113.97,G12_12,staged
2025-02-04 04:30:00,6,50.903,-113.97,G03_12,staged
2025-02-04 04:30:00,7,51.047,-114.082,G11_08,staged
2025-02-04 04:30:00,8,51.047,-114.082,G11_08,staged
2025-02-04 04:30:00,9,51.047,-114.082,G11_08,staged
2025-02-04 04:30:00,10,51.047,-114.082,G11_08,staged
2025-02-04 04:35:00,1,51.047,-114.082,G11_08,staged
2025-02-04 04:35:00,2,50.975,-114.054,G07_09,staged
2025-02-04 04:35:00,3,51.137,-114.026,G16_10,staged
2025-02-04 04:35:00,4,51.119,-114.194,G15_04,staged
2025-02-04 04:35:00,5,51.065,-113.97,G12_12,staged
2025-02-04 04:35:00,6,50.903,-113.97,G03_12,staged
2025-02-04 04:35:00,7,51.047,-114.082,G11_08,staged
2025-02-04 04:35:00,8,51.047,-114.082,G11_08,staged
2025-02-04 04:35:00,9,51.047,-114.082,G11_08,staged
2025-02-04 04:35:00,10,51.047,-114.082,G11_08,staged
2025-02-04 04:40:00,1,51.047,-114.082,G11_08,staged
2025-02-04 04:40:00,2,50.975,-114.054,G07_09,staged
2025-02-04 04:40:00,3,51.137,-114.026,G16_10,staged
2025-02-04 04:40:00,4,51.119,-114.194,G15_04,staged
2025-02-04 04:40:00,5,51.065,-113.97,G12_12,staged
2025-02-04 04:40:00,6,50.903,-113.97,G03_12,staged
2025-02-04 04:40:00,7,51.047,-114.082,G11_08,staged
2025-02-04 04:40:00,8,51.047,-114.082,G11_08,staged
2025-02-04 04:40:00,9,51.047,-114.082,G11_08,staged
2025-02-04 04:40:00,10,51.047,-114.082,G11_08,staged
2025-02-04 04:45:00,1,51.047,-114.082,G11_08,staged
2025-02-04 04:45:00,2,50.975,-114.054,G07_09,staged
2025-02-04 04:45:00,3,51.137,-114.026,G16_10,staged
2025-02-04 04:45:00,4,51.119,-114.194,G15_04,staged
2025-02-04 04:45:00,5,51.065,-113.97,G12_12,staged
2025-02-04 04:45:00,6,50.903,-113.97,G03_12,staged
2025-02-04 04:45:00,7,51.047,-114.082,G11_08,staged
2025-02-04 04:45:00,8,51.047,-114.082,G11_08,staged
2025-02-04 04:45:00,9,51.047,-114.082,G11_08,staged
2025-02-04 04:45:00,10,51.047,-114.082,G11_08,staged
2025-02-04 04:50:00,1,51.047,-114.082,G11_08,staged
2025-02-04 04:50:00,2,50.975,-114.054,G07_09,staged
2025-02-04 04:50:00,3,51.137,-114.026,G16_10,staged
2025-02-04 04:50:00,4,51.119,-114.194,G15_04,staged
2025-02-04 04:50:00,5,51.065,-113.97,G12_12,staged
2025-02-04 04:50:00,6,50.903,-113.97,G03_12,staged
2025-02-04 04:50:00,7,51.047,-114.082,G11_08,staged
2025-02-04 04:50:00,8,51.047,-114.082,G11_08,staged
2025-02-04 04:50:00,9,51.047,-114.082,G11_08,staged
2025-02-04 04:50:00,10,51.047,-114.082,G11_08,staged
2025-02-04 04:55:00,1,51.047,-114.082,G11_08,staged
2025-02-04 04:55:00,2,50.975,-114.054,G07_09,staged
2025-02-04 04:55:00,3,51.137,-114.026,G16_10,staged
2025-02-04 04:55:00,4,51.119,-114.194,G15_04,staged
2025-02-04 04:55:00,5,51.065,-113.97,G12_12,staged
2025-02-04 04:55:00,6,50.903,-113.97,G03_12,staged
2025-02-04 04:55:00,7,51.047,-114.082,G11_08,staged
2025-02-04 04:55:00,8,51.047,-114.082,G11_08,staged
2025-02-04 04:55:00,9,51.047,-114.082,G11_08,staged
2025-02-04 04:55:00,10,51.047,-114.082,G11_08,staged
2025-02-04 05:00:00,1,51.047,-114.082,G11_08,staged
2025-02-04 05:00:00,2,50.975,-114.054,G07_09,staged
2025-02-04 05:00:00,3,51.137,-114.026,G16_10,staged
2025-02-04 05:00:00,4,51.119,-114.194,G15_04,staged
2025-02-04 05:00:00,5,51.065,-113.97,G12_12,staged
2025-02-04 05:00:00,6,50.903,-113.97,G03_12,staged
2025-02-04 05:00:00,7,51.047,-114.082,G11_08,staged
2025-02-04 05:00:00,8,51.047,-114.082,G11_08,staged
2025-02-04 05:00:00,9,51.047,-114.082,G11_08,staged
2025-02-04 05:00:00,10,51.047,-114.082,G11_08,staged
2025-02-04 05:05:00,1,51.047,-114.082,G11_08,staged
2025-02-04 05:05:00,2,50.975,-114.054,G07_09,staged
2025-02-04 05:05:00,3,51.137,-114.026,G16_10,staged
2025-02-04 05:05:00,4,51.119,-114.194,G15_04,staged
2025-02-04 05:05:00,5,51.065,-113.97,G12_12,staged
2025-02-04 05:05:00,6,50.903,-113.97,G03_12,staged
2025-02-04 05:05:00,7,51.047,-114.082,G11_08,staged
2025-02-04 05:05:00,8,51.047,-114.082,G11_08,staged
2025-02-04 05:05:00,9,51.047,-114.082,G11_08,staged
2025-02-04 05:05:00,10,51.047,-114.082,G11_08,staged
2025-02-04 05:10:00,1,51.047,-114.082,G11_08,staged
2025-02-04 05:10:00,2,50.975,-114.054,G07_09,staged
2025-02-04 05:10:00,3,51.137,-114.026,G16_10,staged
2025-02-04 05:10:00,4,51.119,-114.194,G15_04,staged
2025-02-04 05:10:00,5,51.065,-113.97,G12_12,staged
2025-02-04 05:10:00,6,50.903,-113.97,G03_12,staged
2025-02-04 05:10:00,7,51.047,-114.082,G11_08,staged
2025-02-04 05:10:00,8,51.047,-114.082,G11_08,staged
2025-02-04 05:10:00,9,51.047,-114.082,G11_08,staged
2025-02-04 05:10:00,10,51.047,-114.082,G11_08,staged
2025-02-04 05:15:00,1,51.047,-114.082,G11_08,staged
2025-02-04 05:15:00,2,50.975,-114.054,G07_09,staged
2025-02-04 05:15:00,3,51.137,-114.026,G16_10,staged
2025-02-04 05:15:00,4,51.119,-114.194,G15_04,staged
2025-02-04 05:15:00,5,51.065,-113.97,G12_12,staged
2025-02-04 05:15:00,6,50.903,-113.97,G03_12,staged
2025-02-04 05:15:00,7,51.047,-114.082,G11_08,staged
2025-02-04 05:15:00,8,51.047,-114.082,G11_08,staged
2025-02-04 05:15:00,9,51.047,-114.082,G11_08,staged
2025-02-04 05:15:00,10,51.047,-114.082,G11_08,staged
2025-02-04 05:20:00,1,51.047,-114.082,G11_08,staged
2025-02-04 05:20:00,2,50.975,-114.054,G07_09,staged
2025-02-04 05:20:00,3,51.137,-114.026,G16_10,staged
2025-02-04 05:20:00,4,51.119,-114.194,G15_04,staged
2025-02-04 05:20:00,5,51.065,-113.97,G12_12,staged
2025-02-04 05:20:00,6,50.903,-113.97,G03_12,staged
2025-02-04 05:20:00,7,51.047,-114.082,G11_08,staged
2025-02-04 05:20:00,8,51.047,-114.082,G11_08,staged
2025-02-04 05:20:00,9,51.047,-114.082,G11_08,staged
2025-02-04 05:20:00,10,51.047,-114.082,G11_08,staged
2025-02-04 05:25:00,1,51.047,-114.082,G11_08,staged
2025-02-04 05:25:00,2,50.975,-114.054,G07_09,staged
2025-02-04 05:25:00,3,51.137,-114.026,G16_10,staged
2025-02-04 05:25:00,4,51.119,-114.194,G15_04,staged
2025-02-04 05:25:00,5,51.065,-113.97,G12_12,staged
2025-02-04 05:25:00,6,50.903,-113.97,G03_12,staged
2025-02-04 05:25:00,7,51.047,-114.082,G11_08,staged
2025-02-04 05:25:00,8,51.047,-114.082,G11_08,staged
2025-02-04 05:25:00,9,51.047,-114.082,G11_08,staged
2025-02-04 05:25:00,10,51.047,-114.082,G11_08,staged
2025-02-04 05:30:00,1,51.047,-114.082,G11_08,staged
2025-02-04 05:30:00,2,50.975,-114.054,G07_09,staged
2025-02-04 05:30:00,3,51.137,-114.026,G16_10,staged
2025-02-04 05:30:00,4,51.119,-114.194,G15_04,staged
2025-02-04 05:30:00,5,51.065,-113.97,G12_12,staged
2025-02-04 05:30:00,6,50.903,-113.97,G03_12,staged
2025-02-04 05:30:00,7,51.047,-114.082,G11_08,staged
2025-02-04 05:30:00,8,51.047,-114.082,G11_08,staged
2025-02-04 05:30:00,9,51.047,-114.082,G11_08,staged
2025-02-04 05:30:00,10,51.047,-114.082,G11_08,staged
2025-02-04 05:35:00,1,51.047,-114.082,G11_08,staged
2025-02-04 05:35:00,2,50.975,-114.054,G07_09,staged
2025-02-04 05:35:00,3,51.137,-114.026,G16_10,staged
2025-02-04 05:35:00,4,51.119,-114.194,G15_04,staged
2025-02-04 05:35:00,5,51.065,-113.97,G12_12,staged
2025-02-04 05:35:00,6,50.903,-113.97,G03_12,staged
2025-02-04 05:35:00,7,51.047,-114.082,G11_08,staged
2025-02-04 05:35:00,8,51.047,-114.082,G11_08,staged
2025-02-04 05:35:00,9,51.047,-114.082,G11_08,staged
2025-02-04 05:35:00,10,51.047,-114.082,G11_08,staged
2025-02-04 05:40:00,1,51.047,-114.082,G11_08,staged
2025-02-04 05:40:00,2,50.975,-114.054,G07_09,staged
2025-02-04 05:40:00,3,51.137,-114.026,G16_10,staged
2025-02-04 05:40:00,4,51.119,-114.194,G15_04,staged
2025-02-04 05:40:00,5,51.065,-113.97,G12_12,staged
2025-02-04 05:40:00,6,50.903,-113.97,G03_12,staged
2025-02-04 05:40:00,7,51.047,-114.082,G11_08,staged
2025-02-04 05:40:00,8,51.047,-114.082,G11_08,staged
2025-02-04 05:40:00,9,51.047,-114.082,G11_08,staged
2025-02-04 05:40:00,10,51.047,-114.082,G11_08,staged
2025-02-04 05:45:00,1,51.047,-114.082,G11_08,staged
2025-02-04 05:45:00,2,50.975,-114.054,G07_09,staged
2025-02-04 05:45:00,3,51.137,-114.026,G16_10,staged
2025-02-04 05:45:00,4,51.119,-114.194,G15_04,staged
2025-02-04 05:45:00,5,51.065,-113.97,G12_12,staged
2025-02-04 05:45:00,6,50.903,-113.97,G03_12,staged
2025-02-04 05:45:00,7,51.047,-114.082,G11_08,staged
2025-02-04 05:45:00,8,51.047,-114.082,G11_08,staged
2025-02-04 05:45:00,9,51.047,-114.082,G11_08,staged
2025-02-04 05:45:00,10,51.047,-114.082,G11_08,staged
2025-02-04 05:50:00,1,51.047,-114.082,G11_08,staged
2025-02-04 05:50:00,2,50.975,-114.054,G07_09,staged
2025-02-04 05:50:00,3,51.137,-114.026,G16_10,staged
2025-02-04 05:50:00,4,51.119,-114.194,G15_04,staged
2025-02-04 05:50:00,5,51.065,-113.97,G12_12,staged
2025-02-04 05:50:00,6,50.903,-113.97,G03_12,staged
2025-02-04 05:50:00,7,51.047,-114.082,G11_08,staged
2025-02-04 05:50:00,8,51.047,-114.082,G11_08,staged
2025-02-04 05:50:00,9,51.047,-114.082,G11_08,staged
2025-02-04 05:50:00,10,51.047,-114.082,G11_08,staged
2025-02-04 05:55:00,1,51.047,-114.082,G11_08,staged
2025-02-04 05:55:00,2,50.975,-114.054,G07_09,staged
2025-02-04 05:55:00,3,51.137,-114.026,G16_10,staged
2025-02-04 05:55:00,4,51.119,-114.194,G15_04,staged
2025-02-04 05:55:00,5,51.065,-113.97,G12_12,staged
2025-02-04 05:55:00,6,50.903,-113.97,G03_12,staged
2025-02-04 05:55:00,7,51.047,-114.082,G11_08,staged
2025-02-04 05:55:00,8,51.047,-114.082,G11_08,staged
2025-02-04 05:55:00,9,51.047,-114.082,G11_08,staged
2025-02-04 05:55:00,10,51.047,-114.082,G11_08,staged
2025-02-04 06:00:00,1,51.047,-114.082,G11_08,staged
2025-02-04 06:00:00,2,50.975,-114.054,G07_09,staged
2025-02-04 06:00:00,3,51.137,-114.026,G16_10,staged
2025-02-04 06:00:00,4,51.119,-114.194,G15_04,staged
2025-02-04 06:00:00,5,51.065,-113.97,G12_12,staged
2025-02-04 06:00:00,6,50.903,-113.97,G03_12,staged
2025-02-04 06:00:00,7,51.047,-114.082,G11_08,staged
2025-02-04 06:00:00,8,51.047,-114.082,G11_08,staged
2025-02-04 06:00:00,9,51.047,-114.082,G11_08,staged
2025-02-04 06:00:00,10,51.047,-114.082,G11_08,staged
2025-02-04 06:05:00,1,51.047,-114.082,G11_08,staged
2025-02-04 06:05:00,2,50.975,-114.054,G07_09,staged
2025-02-04 06:05:00,3,51.137,-114.026,G16_10,staged
2025-02-04 06:05:00,4,51.119,-114.194,G15_04,staged
2025-02-04 06:05:00,5,51.065,-113.97,G12_12,staged
2025-02-04 06:05:00,6,50.903,-113.97,G03_12,staged
2025-02-04 06:05:00,7,51.047,-114.082,G11_08,staged
2025-02-04 06:05:00,8,51.047,-114.082,G11_08,staged
2025-02-04 06:05:00,9,51.047,-114.082,G11_08,staged
2025-02-04 06:05:00,10,51.047,-114.082,G11_08,staged
2025-02-04 06:10:00,1,51.047,-114.082,G11_08,staged
2025-02-04 06:10:00,2,50.975,-114.054,G07_09,staged
2025-02-04 06:10:00,3,51.137,-114.026,G16_10,staged
2025-02-04 06:10:00,4,51.119,-114.194,G15_04,staged
2025-02-04 06:10:00,5,51.065,-113.97,G12_12,staged
2025-02-04 06:10:00,6,50.903,-113.97,G03_12,staged
2025-02-04 06:10:00,7,51.047,-114.082,G11_08,staged
2025-02-04 06:10:00,8,51.047,-114.082,G11_08,staged
2025-02-04 06:10:00,9,51.047,-114.082,G11_08,staged
2025-02-04 06:10:00,10,51.047,-114.082,G11_08,staged
2025-02-04 06:15:00,1,51.047,-114.082,G11_08,staged
2025-02-04 06:15:00,2,50.975,-114.054,G07_09,staged
2025-02-04 06:15:00,3,51.137,-114.026,G16_10,staged
2025-02-04 06:15:00,4,51.119,-114.194,G15_04,staged
2025-02-04 06:15:00,5,51.065,-113.97,G12_12,staged
2025-02-04 06:15:00,6,50.903,-113.97,G03_12,staged
2025-02-04 06:15:00,7,51.047,-114.082,G11_08,staged
2025-02-04 06:15:00,8,51.047,-114.082,G11_08,staged
2025-02-04 06:15:00,9,51.047,-114.082,G11_08,staged
2025-02-04 06:15:00,10,51.047,-114.082,G11_08,staged
2025-02-04 06:20:00,1,51.047,-114.082,G11_08,staged
2025-02-04 06:20:00,2,50.975,-114.054,G07_09,staged
2025-02-04 06:20:00,3,51.137,-114.026,G16_10,staged
2025-02-04 06:20:00,4,51.119,-114.194,G15_04,staged
2025-02-04 06:20:00,5,51.065,-113.97,G12_12,staged
2025-02-04 06:20:00,6,50.903,-113.97,G03_12,staged
2025-02-04 06:20:00,7,51.047,-114.082,G11_08,staged
2025-02-04 06:20:00,8,51.047,-114.082,G11_08,staged
2025-02-04 06:20:00,9,51.047,-114.082,G11_08,staged
2025-02-04 06:20:00,10,51.047,-114.082,G11_08,staged
2025-02-04 06:25:00,1,51.047,-114.082,G11_08,staged
2025-02-04 06:25:00,2,50.975,-114.054,G07_09,staged
2025-02-04 06:25:00,3,51.137,-114.026,G16_10,staged
2025-02-04 06:25:00,4,51.119,-114.194,G15_04,staged
2025-02-04 06:25:00,5,51.065,-113.97,G12_12,staged
2025-02-04 06:25:00,6,50.903,-113.97,G03_12,staged
2025-02-04 06:25:00,7,51.047,-114.082,G11_08,staged
2025-02-04 06:25:00,8,51.047,-114.082,G11_08,staged
2025-02-04 06:25:00,9,51.047,-114.082,G11_08,staged
2025-02-04 06:25:00,10,51.047,-114.082,G11_08,staged
2025-02-04 06:30:00,1,51.047,-114.082,G11_08,staged
2025-02-04 06:30:00,2,50.975,-114.054,G07_09,staged
2025-02-04 06:30:00,3,51.137,-114.026,G16_10,staged
2025-02-04 06:30:00,4,51.119,-114.194,G15_04,staged
2025-02-04 06:30:00,5,51.065,-113.97,G12_12,staged
2025-02-04 06:30:00,6,50.903,-113.97,G03_12,staged
2025-02-04 06:30:00,7,51.047,-114.082,G11_08,staged
2025-02-04 06:30:00,8,51.047,-114.082,G11_08,staged
2025-02-04 06:30:00,9,51.047,-114.082,G11_08,staged
2025-02-04 06:30:00,10,51.047,-114.082,G11_08,staged
2025-02-04 06:35:00,1,51.047,-114.082,G11_08,staged
2025-02-04 06:35:00,2,50.97526,-114.0247,G07_10,responding
2025-02-04 06:35:00,3,51.137,-114.026,G16_10,staged
2025-02-04 06:35:00,4,51.119,-114.194,G15_04,staged
2025-02-04 06:35:00,5,51.065,-113.97,G12_12,staged
2025-02-04 06:35:00,6,50.903,-113.97,G03_12,staged
2025-02-04 06:35:00,7,51.047,-114.082,G11_08,staged
2025-02-04 06:35:00,8,51.047,-114.082,G11_08,staged
2025-02-04 06:35:00,9,51.047,-114.082,G11_08,staged
2025-02-04 06:35:00,10,51.047,-114.082,G11_08,staged
2025-02-04 06:40:00,1,51.04837,-114.075,G11_08,responding
2025-02-04 06:40:00,2,50.97559,-113.98809,G07_11,responding
2025-02-04 06:40:00,3,51.137,-114.026,G16_10,staged
2025-02-04 06:40:00,4,51.119,-114.194,G15_04,staged
2025-02-04 06:40:00,5,51.06487,-113.97734,G12_12,responding
2025-02-04 06:40:00,6,50.903,-113.97,G03_12,staged
2025-02-04 06:40:00,7,51.047,-114.082,G11_08,staged
2025-02-04 06:40:00,8,51.047,-114.082,G11_08,staged
2025-02-04 06:40:00,9,51.047,-114.082,G11_08,staged
2025-02-04 06:40:00,10,51.047,-114.082,G11_08,staged
2025-02-04 06:45:00,1,51.05523,-114.03997,G11_10,responding
2025-02-04 06:45:00,2,50.97593,-113.95147,G07_13,responding
2025-02-04 06:45:00,3,51.137,-114.026,G16_10,staged
2025-02-04 06:45:00,4,51.11326,-114.1825,G15_04,responding
2025-02-04 06:45:00,5,51.06423,-114.01401,G12_10,responding
2025-02-04 06:45:00,6,50.903,-113.97,G03_12,staged
2025-02-04 06:45:00,7,51.047,-114.082,G11_08,staged
2025-02-04 06:45:00,8,51.047,-114.082,G11_08,staged
2025-02-04 06:45:00,9,51.047,-114.082,G11_08,staged
2025-02-04 06:45:00,10,51.047,-114.082,G11_08,staged
2025-02-04 06:50:00,1,51.0586,-114.0228,G12_10,on_scene
2025-02-04 06:50:00,2,50.97607,-113.93533,G07_13,on_scene
2025-02-04 06:50:00,3,51.137,-114.026,G16_10,staged
2025-02-04 06:50:00,4,51.09891,-114.15376,G14_05,responding
2025-02-04 06:50:00,5,51.06401,-114.02636,G12_10,on_scene
2025-02-04 06:50:00,6,50.903,-113.97,G03_12,staged
2025-02-04 06:50:00,7,51.047,-114.082,G11_08,staged
2025-02-04 06:50:00,8,51.047,-114.082,G11_08,staged
2025-02-04 06:50:00,9,51.047,-114.082,G11_08,staged
2025-02-04 06:50:00,10,51.047,-114.082,G11_08,staged
2025-02-04 06:55:00,1,51.0586,-114.0228,G12_10,on_scene
2025-02-04 06:55:00,2,50.97607,-113.93533,G07_13,on_scene
2025-02-04 06:55:00,3,51.13154,-114.01416,G16_10,responding
2025-02-04 06:55:00,4,51.09034,-114.13661,G13_06,on_scene
2025-02-04 06:55:00,5,51.06401,-114.02636,G12_10,on_scene
2025-02-04 06:55:00,6,50.903,-113.97,G03_12,staged
2025-02-04 06:55:00,7,51.047,-114.082,G11_08,staged
2025-02-04 06:55:00,8,51.047,-114.082,G11_08,staged
2025-02-04 06:55:00,9,51.047,-114.082,G11_08,staged
2025-02-04 06:55:00,10,51.047,-114.082,G11_08,staged
2025-02-04 07:00:00,1,51.0586,-114.0228,G12_10,on_scene
2025-02-04 07:00:00,2,50.97607,-113.93533,G07_13,on_scene
2025-02-04 07:00:00,3,51.11788,-113.98457,G15_12,responding
2025-02-04 07:00:00,4,51.09034,-114.13661,G13_06,on_scene
2025-02-04 07:00:00,5,51.06401,-114.02636,G12_10,on_scene
2025-02-04 07:00:00,6,50.903,-113.97,G03_12,responding
2025-02-04 07:00:00,7,51.047,-114.082,G11_08,staged
2025-02-04 07:00:00,8,51.047,-114.082,G11_08,staged
2025-02-04 07:00:00,9,51.047,-114.082,G11_08,staged
2025-02-04 07:00:00,10,51.047,-114.082,G11_08,staged
2025-02-04 07:05:00,1,51.0586,-114.0228,G12_10,on_scene
2025-02-04 07:05:00,2,50.97607,-113.93533,G07_13,on_scene
2025-02-04 07:05:00,3,51.10422,-113.95498,G14_13,responding
2025-02-04 07:05:00,4,51.09034,-114.13661,G13_06,on_scene
2025-02-04 07:05:00,5,51.06401,-114.02636,G12_10,on_scene
2025-02-04 07:05:00,6,50.9078,-114.00577,G03_11,responding
2025-02-04 07:05:00,7,51.047,-114.082,G11_08,staged
2025-02-04 07:05:00,8,51.047,-114.082,G11_08,staged
2025-02-04 07:05:00,9,51.047,-114.082,G11_08,staged
2025-02-04 07:05:00,10,51.047,-114.082,G11_08,staged
2025-02-04 07:10:00,1,51.0586,-114.0228,G12_10,on_scene
2025-02-04 07:10:00,2,50.97607,-113.93533,G07_13,on_scene
2025-02-04 07:10:00,3,51.09056,-113.92538,G13_14,responding
2025-02-04 07:10:00,4,51.09034,-114.13661,G13_06,on_scene
2025-02-04 07:10:00,5,51.06401,-114.02636,G12_10,on_scene
2025-02-04 07:10:00,6,50.9126,-114.04155,G04_09,responding
2025-02-04 07:10:00,7,51.047,-114.082,G11_08,staged
2025-02-04 07:10:00,8,51.047,-114.082,G11_08,staged
2025-02-04 07:10:00,9,51.047,-114.082,G11_08,staged
2025-02-04 07:10:00,10,51.047,-114.082,G11_08,staged
2025-02-04 07:15:00,1,51.0586,-114.0228,G12_10,on_scene
2025-02-04 07:15:00,2,50.97607,-113.93533,G07_13,on_scene
2025-02-04 07:15:00,3,51.08796,-113.91976,G13_14,on_scene
2025-02-04 07:15:00,4,51.09034,-114.13661,G13_06,on_scene
2025-02-04 07:15:00,5,51.06401,-114.02636,G12_10,on_scene
2025-02-04 07:15:00,6,50.91739,-114.07732,G04_08,responding
2025-02-04 07:15:00,7,51.047,-114.082,G11_08,staged
2025-02-04 07:15:00,8,51.047,-114.082,G11_08,staged
2025-02-04 07:15:00,9,51.047,-114.082,G11_08,staged
2025-02-04 07:15:00,10,51.047,-114.082,G11_08,staged
2025-02-04 07:20:00,1,51.0551,-114.04064,G11_09,returning
2025-02-04 07:20:00,2,50.97589,-113.95582,G07_13,returning
2025-02-04 07:20:00,3,51.08796,-113.91976,G13_14,on_scene
2025-02-04 07:20:00,4,51.09034,-114.13661,G13_06,on_scene
2025-02-04 07:20:00,5,51.06444,-114.00203,G12_11,returning
2025-02-04 07:20:00,6,50.92219,-114.1131,G04_07,responding
2025-02-04 07:20:00,7,51.047,-114.082,G11_08,staged
2025-02-04 07:20:00,8,51.047,-114.082,G11_08,staged
2025-02-04 07:20:00,9,51.047,-114.082,G11_08,staged
2025-02-04 07:20:00,10,51.047,-114.082,G11_08,staged
2025-02-04 07:25:00,1,51.04824,-114.07566,G11_08,returning
2025-02-04 07:25:00,2,50.97556,-113.99244,G07_11,returning
2025-02-04 07:25:00,3,51.08796,-113.91976,G13_14,on_scene
2025-02-04 07:25:00,4,51.09613,-114.1482,G14_06,returning
2025-02-04 07:25:00,5,51.065,-113.97,G12_12,staged
2025-02-04 07:25:00,6,50.92563,-114.13873,G04_06,on_scene
2025-02-04 07:25:00,7,51.047,-114.082,G11_08,staged
2025-02-04 07:25:00,8,51.047,-114.082,G11_08,staged
2025-02-04 07:25:00,9,51.047,-114.082,G11_08,staged
2025-02-04 07:25:00,10,51.047,-114.082,G11_08,staged
2025-02-04 07:30:00,1,51.047,-114.082,G11_08,staged
2025-02-04 07:30:00,2,50.97907,-114.01754,G07_10,responding
2025-02-04 07:30:00,3,51.08796,-113.91976,G13_14,on_scene
2025-02-04 07:30:00,4,51.11048,-114.17694,G15_05,returning
2025-02-04 07:30:00,5,51.065,-113.97,G12_12,staged
2025-02-04 07:30:00,6,50.92563,-114.13873,G04_06,on_scene
2025-02-04 07:30:00,7,51.047,-114.082,G11_08,staged
2025-02-04 07:30:00,8,51.047,-114.082,G11_08,staged
2025-02-04 07:30:00,9,51.047,-114.082,G11_08,staged
2025-02-04 07:30:00,10,51.047,-114.082,G11_08,staged
2025-02-04 07:35:00,1,51.047,-114.082,G11_08,staged
2025-02-04 07:35:00,2,50.99799,-113.99659,G08_11,responding
2025-02-04 07:35:00,3,51.08796,-113.91976,G13_14,on_scene
2025-02-04 07:35:00,4,51.119,-114.194,G15_04,staged
2025-02-04 07:35:00,5,51.065,-113.97,G12_12,staged
2025-02-04 07:35:00,6,50.92563,-114.13873,G04_06,on_scene
2025-02-04 07:35:00,7,51.047,-114.082,G11_08,staged
2025-02-04 07:35:00,8,51.047,-114.082,G11_08,staged
2025-02-04 07:35:00,9,51.047,-114.082,G11_08,staged
2025-02-04 07:35:00,10,51.047,-114.082,G11_08,staged
2025-02-04 07:40:00,1,51.047,-114.082,G11_08,staged
2025-02-04 07:40:00,2,51.01541,-113.9773,G09_12,on_scene
2025-02-04 07:40:00,3,51.08796,-113.91976,G13_14,on_scene
2025-02-04 07:40:00,4,51.119,-114.194,G15_04,staged
2025-02-04 07:40:00,5,51.065,-113.97,G12_12,staged
2025-02-04 07:40:00,6,50.92563,-114.13873,G04_06,on_scene
2025-02-04 07:40:00,7,51.047,-114.082,G11_08,staged
2025-02-04 07:40:00,8,51.047,-114.082,G11_08,staged
2025-02-04 07:40:00,9,51.047,-114.082,G11_08,staged
2025-02-04 07:40:00,10,51.047,-114.082,G11_08,staged
2025-02-04 07:45:00,1,51.047,-114.082,G11_08,staged
2025-02-04 07:45:00,2,51.01541,-113.9773,G09_12,on_scene
2025-02-04 07:45:00,3,51.09903,-113.94374,G14_13,returning
2025-02-04 07:45:00,4,51.119,-114.194,G15_04,staged
2025-02-04 07:45:00,5,51.065,-113.97,G12_12,staged
2025-02-04 07:45:00,6,50.92563,-114.13873,G04_06,on_scene
2025-02-04 07:45:00,7,51.047,-114.082,G11_08,staged
2025-02-04 07:45:00,8,51.047,-114.082,G11_08,staged
2025-02-04 07:45:00,9,51.047,-114.082,G11_08,staged
2025-02-04 07:45:00,10,51.047,-114.082,G11_08,staged
2025-02-04 07:50:00,1,51.047,-114.082,G11_08,staged
2025-02-04 07:50:00,2,51.01541,-113.9773,G09_12,on_scene
2025-02-04 07:50:00,3,51.11269,-113.97333,G15_12,returning
2025-02-04 07:50:00,4,51.119,-114.194,G15_04,staged
2025-02-04 07:50:00,5,51.065,-113.97,G12_12,responding
2025-02-04 07:50:00,6,50.92563,-114.13873,G04_06,on_scene
2025-02-04 07:50:00,7,51.047,-114.082,G11_08,staged
2025-02-04 07:50:00,8,51.047,-114.082,G11_08,staged
2025-02-04 07:50:00,9,51.047,-114.082,G11_08,staged
2025-02-04 07:50:00,10,51.047,-114.082,G11_08,staged
2025-02-04 07:55:00,1,51.047,-114.082,G11_08,staged
2025-02-04 07:55:00,2,51.01541,-113.9773,G09_12,on_scene
2025-02-04 07:55:00,3,51.12635,-114.00292,G16_11,returning
2025-02-04 07:55:00,4,51.119,-114.194,G15_04,staged
2025-02-04 07:55:00,5,51.06673,-114.00659,G12_11,responding
2025-02-04 07:55:00,6,50.92427,-114.12859,G04_06,returning
2025-02-04 07:55:00,7,51.047,-114.082,G11_08,staged
2025-02-04 07:55:00,8,51.047,-114.082,G11_08,staged
2025-02-04 07:55:00,9,51.047,-114.082,G11_08,staged
2025-02-04 07:55:00,10,51.047,-114.082,G11_08,staged
2025-02-04 08:00:00,1,51.047,-114.082,G11_08,staged
2025-02-04 08:00:00,2,51.01541,-113.9773,G09_12,on_scene
2025-02-04 08:00:00,3,51.137,-114.026,G16_10,staged
2025-02-04 08:00:00,4,51.119,-114.194,G15_04,staged
2025-02-04 08:00:00,5,51.06763,-114.02566,G12_10,on_scene
2025-02-04 08:00:00,6,50.91947,-114.09281,G04_08,returning
2025-02-04 08:00:00,7,51.047,-114.082,G11_08,staged
2025-02-04 08:00:00,8,51.047,-114.082,G11_08,staged
2025-02-04 08:00:00,9,51.047,-114.082,G11_08,staged
2025-02-04 08:00:00,10,51.047,-114.082,G11_08,staged
2025-02-04 08:05:00,1,51.047,-114.082,G11_08,staged
2025-02-04 08:05:00,2,51.01541,-113.9773,G09_12,on_scene
2025-02-04 08:05:00,3,51.137,-114.026,G16_10,staged
2025-02-04 08:05:00,4,51.12787,-114.19805,G15_04,responding
2025-02-04 08:05:00,5,51.06763,-114.02566,G12_10,on_scene
2025-02-04 08:05:00,6,50.91467,-114.05704,G04_09,returning
2025-02-04 08:05:00,7,51.047,-114.082,G11_08,staged
2025-02-04 08:05:00,8,51.047,-114.082,G11_08,staged
2025-02-04 08:05:00,9,51.047,-114.082,G11_08,staged
2025-02-04 08:05:00,10,51.047,-114.082,G11_08,staged
2025-02-04 08:10:00,1,51.047,-114.082,G11_08,staged
2025-02-04 08:10:00,2,51.01423,-113.97953,G09_12,returning
2025-02-04 08:10:00,3,51.137,-114.026,G16_10,staged
2025-02-04 08:10:00,4,51.15003,-114.20818,G17_03,responding
2025-02-04 08:10:00,5,51.06763,-114.02566,G12_10,on_scene
2025-02-04 08:10:00,6,50.90988,-114.02127,G03_11,returning
2025-02-04 08:10:00,7,51.047,-114.082,G11_08,staged
2025-02-04 08:10:00,8,51.047,-114.082,G11_08,staged
2025-02-04 08:10:00,9,51.047,-114.082,G11_08,staged
2025-02-04 08:10:00,10,51.047,-114.082,G11_08,staged
2025-02-04 08:15:00,1,51.047,-114.082,G11_08,responding
2025-02-04 08:15:00,2,50.99943,-114.00762,G08_11,returning
2025-02-04 08:15:00,3,51.137,-114.026,G16_10,staged
2025-02-04 08:15:00,4,51.15211,-114.20913,G17_03,on_scene
2025-02-04 08:15:00,5,51.06763,-114.02566,G12_10,on_scene
2025-02-04 08:15:00,6,50.90508,-113.98549,G03_11,returning
2025-02-04 08:15:00,7,51.047,-114.082,G11_08,staged
2025-02-04 08:15:00,8,51.047,-114.082,G11_08,staged
2025-02-04 08:15:00,9,51.047,-114.082,G11_08,staged
2025-02-04 08:15:00,10,51.047,-114.082,G11_08,staged
2025-02-04 08:20:00,1,51.05541,-114.04784,G11_09,responding
2025-02-04 08:20:00,2,50.98463,-114.03572,G08_10,returning
2025-02-04 08:20:00,3,51.137,-114.026,G16_10,staged
2025-02-04 08:20:00,4,51.15211,-114.20913,G17_03,on_scene
2025-02-04 08:20:00,5,51.06763,-114.02566,G12_10,on_scene
2025-02-04 08:20:00,6,50.903,-113.97,G03_12,staged
2025-02-04 08:20:00,7,51.06545,-114.08217,G12_08,responding
2025-02-04 08:20:00,8,51.0607,-114.07891,G12_08,responding
2025-02-04 08:20:00,9,51.05136,-114.08438,G11_08,responding
2025-02-04 08:20:00,10,51.047,-114.082,G11_08,staged
2025-02-04 08:25:00,1,51.06383,-114.01368,G12_10,responding
2025-02-04 08:25:00,2,50.975,-114.054,G07_09,staged
2025-02-04 08:25:00,3,51.137,-114.026,G16_10,staged
2025-02-04 08:25:00,4,51.15211,-114.20913,G17_03,on_scene
2025-02-04 08:25:00,5,51.06763,-114.02566,G12_10,on_scene
2025-02-04 08:25:00,6,50.903,-113.97,G03_12,staged
2025-02-04 08:25:00,7,51.08851,-114.08238,G13_08,responding
2025-02-04 08:25:00,8,51.08353,-114.07377,G13_08,responding
2025-02-04 08:25:00,9,51.07317,-114.09629,G12_07,responding
2025-02-04 08:25:00,10,51.047,-114.082,G11_08,staged
2025-02-04 08:30:00,1,51.07165,-113.98194,G12_12,on_scene
2025-02-04 08:30:00,2,50.975,-114.054,G07_09,staged
2025-02-04 08:30:00,3,51.137,-114.026,G16_10,staged
2025-02-04 08:30:00,4,51.15211,-114.20913,G17_03,on_scene
2025-02-04 08:30:00,5,51.0668,-114.00814,G12_11,returning
2025-02-04 08:30:00,6,50.903,-113.97,G03_12,staged
2025-02-04 08:30:00,7,51.09143,-114.08241,G13_08,on_scene
2025-02-04 08:30:00,8,51.08751,-114.07288,G13_08,on_scene
2025-02-04 08:30:00,9,51.09216,-114.10665,G14_07,on_scene
2025-02-04 08:30:00,10,51.047,-114.082,G11_08,staged
2025-02-04 08:35:00,1,51.07165,-113.98194,G12_12,on_scene
2025-02-04 08:35:00,2,50.975,-114.054,G07_09,responding
2025-02-04 08:35:00,3,51.137,-114.026,G16_10,staged
2025-02-04 08:35:00,4,51.15211,-114.20913,G17_03,on_scene
2025-02-04 08:35:00,5,51.06507,-113.97155,G12_12,returning
2025-02-04 08:35:00,6,50.903,-113.97,G03_12,staged
2025-02-04 08:35:00,7,51.09143,-114.08241,G13_08,on_scene
2025-02-04 08:35:00,8,51.08751,-114.07288,G13_08,on_scene
2025-02-04 08:35:00,9,51.09216,-114.10665,G14_07,on_scene
2025-02-04 08:35:00,10,51.047,-114.082,G11_08,staged
2025-02-04 08:40:00,1,51.07165,-113.98194,G12_12,on_scene
2025-02-04 08:40:00,2,50.99536,-114.03679,G08_10,responding
2025-02-04 08:40:00,3,51.137,-114.026,G16_10,staged
2025-02-04 08:40:00,4,51.15211,-114.20913,G17_03,on_scene
2025-02-04 08:40:00,5,51.065,-113.97,G12_12,staged
2025-02-04 08:40:00,6,50.903,-113.97,G03_12,staged
2025-02-04 08:40:00,7,51.09143,-114.08241,G13_08,on_scene
2025-02-04 08:40:00,8,51.08751,-114.07288,G13_08,on_scene
2025-02-04 08:40:00,9,51.09216,-114.10665,G14_07,on_scene
2025-02-04 08:40:00,10,51.047,-114.082,G11_08,staged
2025-02-04 08:45:00,1,51.07165,-113.98194,G12_12,on_scene
2025-02-04 08:45:00,2,51.0067,-114.0272,G09_10,on_scene
2025-02-04 08:45:00,3,51.137,-114.026,G16_10,staged
2025-02-04 08:45:00,4,51.15014,-114.21289,G17_03,on_scene
2025-02-04 08:45:00,5,51.06707,-113.94083,G12_13,responding
2025-02-04 08:45:00,6,50.903,-113.97,G03_12,staged
2025-02-04 08:45:00,7,51.09143,-114.08241,G13_08,on_scene
2025-02-04 08:45:00,8,51.08751,-114.07288,G13_08,on_scene
2025-02-04 08:45:00,9,51.09216,-114.10665,G14_07,on_scene
2025-02-04 08:45:00,10,51.047,-114.082,G11_08,staged
2025-02-04 08:50:00,1,51.07165,-113.98194,G12_12,on_scene
2025-02-04 08:50:00,2,51.0067,-114.0272,G09_10,on_scene
2025-02-04 08:50:00,3,51.15461,-114.02793,G17_10,on_scene
2025-02-04 08:50:00,4,51.15014,-114.21289,G17_03,on_scene
2025-02-04 08:50:00,5,51.06709,-113.94043,G12_13,on_scene
2025-02-04 08:50:00,6,50.903,-113.97,G03_12,staged
2025-02-04 08:50:00,7,51.09143,-114.08241,G13_08,on_scene
2025-02-04 08:50:00,8,51.08751,-114.07288,G13_08,on_scene
2025-02-04 08:50:00,9,51.09216,-114.10665,G14_07,on_scene
2025-02-04 08:50:00,10,51.047,-114.082,G11_08,staged
2025-02-04 08:55:00,1,51.07165,-113.98194,G12_12,on_scene
2025-02-04 08:55:00,2,51.0067,-114.0272,G09_10,on_scene
2025-02-04 08:55:00,3,51.15461,-114.02793,G17_10,on_scene
2025-02-04 08:55:00,4,51.15014,-114.21289,G17_03,on_scene
2025-02-04 08:55:00,5,51.06709,-113.94043,G12_13,on_scene
2025-02-04 08:55:00,6,50.903,-113.97,G03_12,staged
2025-02-04 08:55:00,7,51.09143,-114.08241,G13_08,on_scene
2025-02-04 08:55:00,8,51.08751,-114.07288,G13_08,on_scene
2025-02-04 08:55:00,9,51.09216,-114.10665,G14_07,on_scene
2025-02-04 08:55:00,10,51.047,-114.082,G11_08,staged
2025-02-04 09:00:00,1,51.0731,-113.98075,G12_12,responding
2025-02-04 09:00:00,2,51.0067,-114.0272,G09_10,on_scene
2025-02-04 09:00:00,3,51.15461,-114.02793,G17_10,on_scene
2025-02-04 09:00:00,4,51.15014,-114.21289,G17_03,on_scene
2025-02-04 09:00:00,5,51.06709,-113.94043,G12_13,on_scene
2025-02-04 09:00:00,6,50.903,-113.97,G03_12,staged
2025-02-04 09:00:00,7,51.07129,-114.08222,G12_08,returning
2025-02-04 09:00:00,8,51.08578,-114.0437,G13_09,responding
2025-02-04 09:00:00,9,51.08934,-114.10511,G13_07,returning
2025-02-04 09:00:00,10,51.047,-114.082,G11_08,staged
2025-02-04 09:05:00,1,51.09357,-113.96386,G14_12,responding
2025-02-04 09:05:00,2,51.0067,-114.0272,G09_10,on_scene
2025-02-04 09:05:00,3,51.15461,-114.02793,G17_10,on_scene
2025-02-04 09:05:00,4,51.15014,-114.21289,G17_03,on_scene
2025-02-04 09:05:00,5,51.06709,-113.94043,G12_13,on_scene
2025-02-04 09:05:00,6,50.903,-113.97,G03_12,staged
2025-02-04 09:05:00,7,51.04823,-114.08201,G11_08,returning
2025-02-04 09:05:00,8,51.08436,-114.00706,G13_11,responding
2025-02-04 09:05:00,9,51.06753,-114.0932,G12_08,returning
2025-02-04 09:05:00,10,51.047,-114.082,G11_08,staged
2025-02-04 09:10:00,1,51.11405,-113.94697,G15_13,responding
2025-02-04 09:10:00,2,51.0067,-114.0272,G09_10,on_scene
2025-02-04 09:10:00,3,51.15461,-114.02793,G17_10,on_scene
2025-02-04 09:10:00,4,51.15014,-114.21289,G17_03,on_scene
2025-02-04 09:10:00,5,51.06709,-113.94043,G12_13,on_scene
2025-02-04 09:10:00,6,50.90361,-113.99924,G03_11,responding
2025-02-04 09:10:00,7,51.047,-114.082,G11_08,staged
2025-02-04 09:10:00,8,51.08294,-113.97042,G13_12,responding
2025-02-04 09:10:00,9,51.047,-114.082,G11_08,staged
2025-02-04 09:10:00,10,51.047,-114.082,G11_08,staged
2025-02-04 09:15:00,1,51.11419,-113.94685,G15_13,on_scene
2025-02-04 09:15:00,2,50.99769,-114.03482,G08_10,returning
2025-02-04 09:15:00,3,51.15461,-114.02793,G17_10,on_scene
2025-02-04 09:15:00,4,51.14326,-114.20872,G16_03,returning
2025-02-04 09:15:00,5,51.06709,-113.94043,G12_13,on_scene
2025-02-04 09:15:00,6,50.90437,-114.03578,G03_09,responding
2025-02-04 09:15:00,7,51.047,-114.082,G11_08,staged
2025-02-04 09:15:00,8,51.08158,-113.93556,G13_13,on_scene
2025-02-04 09:15:00,9,51.047,-114.082,G11_08,staged
2025-02-04 09:15:00,10,51.047,-114.082,G11_08,staged
2025-02-04 09:20:00,1,51.11419,-113.94685,G15_13,on_scene
2025-02-04 09:20:00,2,50.97733,-114.05203,G07_09,returning
2025-02-04 09:20:00,3,51.15456,-114.02666,G17_10,responding
2025-02-04 09:20:00,4,51.12171,-114.19564,G15_04,returning
2025-02-04 09:20:00,5,51.065,-113.97,G12_12,staged
2025-02-04 09:20:00,6,50.90493,-114.06289,G03_09,on_scene
2025-02-04 09:20:00,7,51.047,-114.082,G11_08,staged
2025-02-04 09:20:00,8,51.08158,-113.93556,G13_13,on_scene
2025-02-04 09:20:00,9,51.047,-114.082,G11_08,staged
2025-02-04 09:20:00,10,51.047,-114.082,G11_08,staged
2025-02-04 09:25:00,1,51.11419,-113.94685,G15_13,on_scene
2025-02-04 09:25:00,2,50.975,-114.054,G07_09,staged
2025-02-04 09:25:00,3,51.15391,-114.00655,G17_11,on_scene
2025-02-04 09:25:00,4,51.119,-114.194,G15_04,staged
2025-02-04 09:25:00,5,51.07809,-113.96285,G13_12,responding
2025-02-04 09:25:00,6,50.90493,-114.06289,G03_09,on_scene
2025-02-04 09:25:00,7,51.047,-114.082,G11_08,staged
2025-02-04 09:25:00,8,51.08158,-113.93556,G13_13,on_scene
2025-02-04 09:25:00,9,51.047,-114.082,G11_08,staged
2025-02-04 09:25:00,10,51.047,-114.082,G11_08,staged
2025-02-04 09:30:00,1,51.11419,-113.94685,G15_13,on_scene
2025-02-04 09:30:00,2,50.975,-114.054,G07_09,staged
2025-02-04 09:30:00,3,51.15391,-114.00655,G17_11,on_scene
2025-02-04 09:30:00,4,51.119,-114.194,G15_04,staged
2025-02-04 09:30:00,5,51.0999,-113.95093,G14_13,responding
2025-02-04 09:30:00,6,50.90493,-114.06289,G03_09,on_scene
2025-02-04 09:30:00,7,51.047,-114.082,G11_08,staged
2025-02-04 09:30:00,8,51.08158,-113.93556,G13_13,on_scene
2025-02-04 09:30:00,9,51.047,-114.082,G11_08,staged
2025-02-04 09:30:00,10,51.047,-114.082,G11_08,staged
2025-02-04 09:35:00,1,51.11419,-113.94685,G15_13,on_scene
2025-02-04 09:35:00,2,50.975,-114.054,G07_09,staged
2025-02-04 09:35:00,3,51.15391,-114.00655,G17_11,on_scene
2025-02-04 09:35:00,4,51.12212,-114.18858,G15_04,responding
2025-02-04 09:35:00,5,51.12171,-113.93901,G15_13,responding
2025-02-04 09:35:00,6,50.90493,-114.06289,G03_09,on_scene
2025-02-04 09:35:00,7,51.047,-114.082,G11_08,staged
2025-02-04 09:35:00,8,51.08158,-113.93556,G13_13,on_scene
2025-02-04 09:35:00,9,51.047,-114.082,G11_08,staged
2025-02-04 09:35:00,10,51.047,-114.082,G11_08,staged
2025-02-04 09:40:00,1,51.11419,-113.94685,G15_13,on_scene
2025-02-04 09:40:00,2,50.975,-114.054,G07_09,staged
2025-02-04 09:40:00,3,51.15391,-114.00655,G17_11,on_scene
2025-02-04 09:40:00,4,51.13771,-114.16151,G16_05,responding
2025-02-04 09:40:00,5,51.14352,-113.9271,G16_14,responding
2025-02-04 09:40:00,6,50.90493,-114.06289,G03_09,on_scene
2025-02-04 09:40:00,7,51.047,-114.082,G11_08,staged
2025-02-04 09:40:00,8,51.08158,-113.93556,G13_13,on_scene
2025-02-04 09:40:00,9,51.047,-114.082,G11_08,staged
2025-02-04 09:40:00,10,51.047,-114.082,G11_08,staged
2025-02-04 09:45:00,1,51.09998,-113.97543,G14_12,returning
2025-02-04 09:45:00,2,50.975,-114.054,G07_09,staged
2025-02-04 09:45:00,3,51.15391,-114.00655,G17_11,on_scene
2025-02-04 09:45:00,4,51.15043,-114.13943,G17_06,on_scene
2025-02-04 09:45:00,5,51.15441,-113.92115,G17_14,on_scene
2025-02-04 09:45:00,6,50.90493,-114.06289,G03_09,on_scene
2025-02-04 09:45:00,7,51.047,-114.082,G11_08,staged
2025-02-04 09:45:00,8,51.08119,-113.93722,G13_13,returning
2025-02-04 09:45:00,9,51.047,-114.082,G11_08,staged
2025-02-04 09:45:00,10,51.047,-114.082,G11_08,staged
2025-02-04 09:50:00,1,51.08567,-114.00421,G13_11,returning
2025-02-04 09:50:00,2,50.975,-114.054,G07_09,staged
2025-02-04 09:50:00,3,51.15391,-114.00655,G17_11,on_scene
2025-02-04 09:50:00,4,51.15043,-114.13943,G17_06,on_scene
2025-02-04 09:50:00,5,51.15441,-113.92115,G17_14,on_scene
2025-02-04 09:50:00,6,50.90473,-114.05345,G03_09,returning
2025-02-04 09:50:00,7,51.047,-114.082,G11_08,staged
2025-02-04 09:50:00,8,51.07308,-113.97157,G12_12,returning
2025-02-04 09:50:00,9,51.047,-114.082,G11_08,staged
2025-02-04 09:50:00,10,51.047,-114.082,G11_08,staged
2025-02-04 09:55:00,1,51.07136,-114.033,G12_10,returning
2025-02-04 09:55:00,2,50.975,-114.054,G07_09,staged
2025-02-04 09:55:00,3,51.14545,-114.01628,G16_10,returning
2025-02-04 09:55:00,4,51.15043,-114.13943,G17_06,on_scene
2025-02-04 09:55:00,5,51.15441,-113.92115,G17_14,on_scene
2025-02-04 09:55:00,6,50.90397,-114.0169,G03_11,returning
2025-02-04 09:55:00,7,51.047,-114.082,G11_08,staged
2025-02-04 09:55:00,8,51.06497,-114.00592,G12_11,returning
2025-02-04 09:55:00,9,51.047,-114.082,G11_08,staged
2025-02-04 09:55:00,10,51.047,-114.082,G11_08,staged
2025-02-04 10:00:00,1,51.05705,-114.06178,G12_09,returning
2025-02-04 10:00:00,2,50.975,-114.054,G07_09,staged
2025-02-04 10:00:00,3,51.137,-114.026,G16_10,staged
2025-02-04 10:00:00,4,51.15043,-114.13943,G17_06,on_scene
2025-02-04 10:00:00,5,51.15441,-113.92115,G17_14,on_scene
2025-02-04 10:00:00,6,50.90322,-113.98035,G03_12,returning
2025-02-04 10:00:00,7,51.047,-114.082,G11_08,staged
2025-02-04 10:00:00,8,51.05686,-114.04027,G12_09,returning
2025-02-04 10:00:00,9,51.047,-114.082,G11_08,staged
2025-02-04 10:00:00,10,51.047,-114.082,G11_08,staged
2025-02-04 10:05:00,1,51.047,-114.082,G11_08,staged
2025-02-04 10:05:00,2,50.975,-114.054,G07_09,staged
2025-02-04 10:05:00,3,51.137,-114.026,G16_10,staged
2025-02-04 10:05:00,4,51.15043,-114.13943,G17_06,on_scene
2025-02-04 10:05:00,5,51.15441,-113.92115,G17_14,on_scene
2025-02-04 10:05:00,6,50.903,-113.97,G03_12,staged
2025-02-04 10:05:00,7,51.047,-114.082,G11_08,staged
2025-02-04 10:05:00,8,51.04874,-114.07461,G11_08,returning
2025-02-04 10:05:00,9,51.047,-114.082,G11_08,staged
2025-02-04 10:05:00,10,51.047,-114.082,G11_08,staged
2025-02-04 10:10:00,1,51.0639,-114.09378,G12_08,responding
2025-02-04 10:10:00,2,50.975,-114.054,G07_09,staged
2025-02-04 10:10:00,3,51.137,-114.026,G16_10,staged
2025-02-04 10:10:00,4,51.15043,-114.13943,G17_06,on_scene
2025-02-04 10:10:00,5,51.15441,-113.92115,G17_14,on_scene
2025-02-04 10:10:00,6,50.903,-113.97,G03_12,staged
2025-02-04 10:10:00,7,51.047,-114.082,G11_08,responding
2025-02-04 10:10:00,8,51.047,-114.082,G11_08,staged
2025-02-04 10:10:00,9,51.047,-114.082,G11_08,staged
2025-02-04 10:10:00,10,51.047,-114.082,G11_08,staged
2025-02-04 10:15:00,1,51.08502,-114.1085,G13_07,responding
2025-02-04 10:15:00,2,50.975,-114.054,G07_09,staged
2025-02-04 10:15:00,3,51.137,-114.026,G16_10,staged
2025-02-04 10:15:00,4,51.14755,-114.14442,G17_06,returning
2025-02-04 10:15:00,5,51.14348,-113.92712,G16_14,returning
2025-02-04 10:15:00,6,50.903,-113.97,G03_12,staged
2025-02-04 10:15:00,7,51.04793,-114.04535,G11_09,responding
2025-02-04 10:15:00,8,51.04966,-114.06795,G11_09,responding
2025-02-04 10:15:00,9,51.047,-114.082,G11_08,staged
2025-02-04 10:15:00,10,51.047,-114.082,G11_08,staged
2025-02-04 10:20:00,1,51.09684,-114.11673,G14_07,on_scene
2025-02-04 10:20:00,2,50.975,-114.054,G07_09,staged
2025-02-04 10:20:00,3,51.137,-114.026,G16_10,staged
2025-02-04 10:20:00,4,51.13037,-114.15289,G16_05,responding
2025-02-04 10:20:00,5,51.12167,-113.93904,G15_13,returning
2025-02-04 10:20:00,6,50.903,-113.97,G03_12,staged
2025-02-04 10:20:00,7,51.04814,-114.03688,G11_10,on_scene
2025-02-04 10:20:00,8,51.05633,-114.03283,G12_10,responding
2025-02-04 10:20:00,9,51.047,-114.082,G11_08,staged
2025-02-04 10:20:00,10,51.047,-114.082,G11_08,staged
2025-02-04 10:25:00,1,51.09684,-114.11673,G14_07,on_scene
2025-02-04 10:25:00,2,50.975,-114.054,G07_09,staged
2025-02-04 10:25:00,3,51.137,-114.026,G16_10,staged
2025-02-04 10:25:00,4,51.1108,-114.13344,G15_06,responding
2025-02-04 10:25:00,5,51.09986,-113.95095,G14_13,returning
2025-02-04 10:25:00,6,50.903,-113.97,G03_12,staged
2025-02-04 10:25:00,7,51.04814,-114.03688,G11_10,on_scene
2025-02-04 10:25:00,8,51.0582,-114.02295,G12_10,on_scene
2025-02-04 10:25:00,9,51.047,-114.082,G11_08,staged
2025-02-04 10:25:00,10,51.047,-114.082,G11_08,staged
2025-02-04 10:30:00,1,51.09684,-114.11673,G14_07,on_scene
2025-02-04 10:30:00,2,50.97918,-114.05089,G07_09,responding
2025-02-04 10:30:00,3,51.137,-114.026,G16_10,staged
2025-02-04 10:30:00,4,51.10121,-114.12391,G14_07,on_scene
2025-02-04 10:30:00,5,51.07805,-113.96287,G13_12,returning
2025-02-04 10:30:00,6,50.903,-113.97,G03_12,staged
2025-02-04 10:30:00,7,51.04814,-114.03688,G11_10,on_scene
2025-02-04 10:30:00,8,51.0582,-114.02295,G12_10,on_scene
2025-02-04 10:30:00,9,51.047,-114.082,G11_08,staged
2025-02-04 10:30:00,10,51.047,-114.082,G11_08,staged
2025-02-04 10:35:00,1,51.09684,-114.11673,G14_07,on_scene
2025-02-04 10:35:00,2,50.99422,-114.03967,G08_10,on_scene
2025-02-04 10:35:00,3,51.137,-114.026,G16_10,staged
2025-02-04 10:35:00,4,51.10121,-114.12391,G14_07,on_scene
2025-02-04 10:35:00,5,51.065,-113.97,G12_12,staged
2025-02-04 10:35:00,6,50.903,-113.97,G03_12,staged
2025-02-04 10:35:00,7,51.04814,-114.03688,G11_10,on_scene
2025-02-04 10:35:00,8,51.0582,-114.02295,G12_10,on_scene
2025-02-04 10:35:00,9,51.047,-114.082,G11_08,staged
2025-02-04 10:35:00,10,51.047,-114.082,G11_08,staged
2025-02-04 10:40:00,1,51.09684,-114.11673,G14_07,on_scene
2025-02-04 10:40:00,2,50.99422,-114.03967,G08_10,on_scene
2025-02-04 10:40:00,3,51.137,-114.026,G16_10,staged
2025-02-04 10:40:00,4,51.10121,-114.12391,G14_07,on_scene
2025-02-04 10:40:00,5,51.065,-113.97,G12_12,staged
2025-02-04 10:40:00,6,50.903,-113.97,G03_12,staged
2025-02-04 10:40:00,7,51.04814,-114.03688,G11_10,on_scene
2025-02-04 10:40:00,8,51.0582,-114.02295,G12_10,on_scene
2025-02-04 10:40:00,9,51.047,-114.082,G11_08,staged
2025-02-04 10:40:00,10,51.047,-114.082,G11_08,staged
2025-02-04 10:45:00,1,51.09684,-114.11673,G14_07,on_scene
2025-02-04 10:45:00,2,50.99422,-114.03967,G08_10,on_scene
2025-02-04 10:45:00,3,51.14872,-114.04871,G17_09,responding
2025-02-04 10:45:00,4,51.10121,-114.12391,G14_07,on_scene
2025-02-04 10:45:00,5,51.065,-113.97,G12_12,staged
2025-02-04 10:45:00,6,50.903,-113.97,G03_12,staged
2025-02-04 10:45:00,7,51.04814,-114.03688,G11_10,on_scene
2025-02-04 10:45:00,8,51.0582,-114.02295,G12_10,on_scene
2025-02-04 10:45:00,9,51.047,-114.082,G11_08,staged
2025-02-04 10:45:00,10,51.047,-114.082,G11_08,staged
2025-02-04 10:50:00,1,51.0981,-114.13279,G14_06,responding
2025-02-04 10:50:00,2,50.99422,-114.03967,G08_10,on_scene
2025-02-04 10:50:00,3,51.16021,-114.07099,G17_08,on_scene
2025-02-04 10:50:00,4,51.10121,-114.12391,G14_07,on_scene
2025-02-04 10:50:00,5,51.065,-113.97,G12_12,staged
2025-02-04 10:50:00,6,50.903,-113.97,G03_12,staged
2025-02-04 10:50:00,7,51.04743,-114.06507,G11_09,returning
2025-02-04 10:50:00,8,51.0582,-114.02295,G12_10,on_scene
2025-02-04 10:50:00,9,51.047,-114.082,G11_08,staged
2025-02-04 10:50:00,10,51.047,-114.082,G11_08,staged
2025-02-04 10:55:00,1,51.10097,-114.16923,G14_05,responding
2025-02-04 10:55:00,2,50.99422,-114.03967,G08_10,on_scene
2025-02-04 10:55:00,3,51.16021,-114.07099,G17_08,on_scene
2025-02-04 10:55:00,4,51.10121,-114.12391,G14_07,on_scene
2025-02-04 10:55:00,5,51.065,-113.97,G12_12,staged
2025-02-04 10:55:00,6,50.903,-113.97,G03_12,staged
2025-02-04 10:55:00,7,51.047,-114.082,G11_08,responding
2025-02-04 10:55:00,8,51.05341,-114.04819,G11_09,returning
2025-02-04 10:55:00,9,51.047,-114.082,G11_08,staged
2025-02-04 10:55:00,10,51.047,-114.082,G11_08,staged
2025-02-04 11:00:00,1,51.10384,-114.20566,G14_03,responding
2025-02-04 11:00:00,2,50.99422,-114.03967,G08_10,on_scene
2025-02-04 11:00:00,3,51.16021,-114.07099,G17_08,on_scene
2025-02-04 11:00:00,4,51.11294,-114.12287,G15_06,responding
2025-02-04 11:00:00,5,51.06282,-113.97646,G12_12,responding
2025-02-04 11:00:00,6,50.903,-113.97,G03_12,staged
2025-02-04 11:00:00,7,51.04329,-114.1182,G11_07,responding
2025-02-04 11:00:00,8,51.047,-114.082,G11_08,staged
2025-02-04 11:00:00,9,51.047,-114.082,G11_08,staged
2025-02-04 11:00:00,10,51.047,-114.082,G11_08,staged
2025-02-04 11:05:00,1,51.10474,-114.21711,G14_03,on_scene
2025-02-04 11:05:00,2,50.9884,-114.04401,G08_09,responding
2025-02-04 11:05:00,3,51.16021,-114.07099,G17_08,on_scene
2025-02-04 11:05:00,4,51.13597,-114.12084,G16_07,responding
2025-02-04 11:05:00,5,51.05191,-114.00878,G11_11,responding
2025-02-04 11:05:00,6,50.903,-113.97,G03_12,staged
2025-02-04 11:05:00,7,51.04151,-114.13547,G11_06,on_scene
2025-02-04 11:05:00,8,51.047,-114.082,G11_08,staged
2025-02-04 11:05:00,9,51.047,-114.082,G11_08,staged
2025-02-04 11:05:00,10,51.047,-114.082,G11_08,staged
2025-02-04 11:10:00,1,51.10474,-114.21711,G14_03,on_scene
2025-02-04 11:10:00,2,50.98053,-114.00959,G07_11,responding
2025-02-04 11:10:00,3,51.16021,-114.07099,G17_08,on_scene
2025-02-04 11:10:00,4,51.15899,-114.1188,G17_07,responding
2025-02-04 11:10:00,5,51.04915,-114.01695,G11_10,on_scene
2025-02-04 11:10:00,6,50.91469,-113.99265,G03_11,responding
2025-02-04 11:10:00,7,51.04151,-114.13547,G11_06,on_scene
2025-02-04 11:10:00,8,51.047,-114.082,G11_08,staged
2025-02-04 11:10:00,9,51.047,-114.082,G11_08,staged
2025-02-04 11:10:00,10,51.047,-114.082,G11_08,staged
2025-02-04 11:15:00,1,51.10474,-114.21711,G14_03,on_scene
2025-02-04 11:15:00,2,50.97266,-113.97516,G07_12,responding
2025-02-04 11:15:00,3,51.16021,-114.07099,G17_08,on_scene
2025-02-04 11:15:00,4,51.16803,-114.118,G18_07,on_scene
2025-02-04 11:15:00,5,51.04915,-114.01695,G11_10,on_scene
2025-02-04 11:15:00,6,50.9293,-114.02095,G05_10,responding
2025-02-04 11:15:00,7,51.04151,-114.13547,G11_06,on_scene
2025-02-04 11:15:00,8,51.05502,-114.08924,G11_08,responding
2025-02-04 11:15:00,9,51.047,-114.082,G11_08,staged
2025-02-04 11:15:00,10,51.047,-114.082,G11_08,staged
2025-02-04 11:20:00,1,51.10474,-114.21711,G14_03,on_scene
2025-02-04 11:20:00,2,50.96879,-113.95822,G07_12,on_scene
2025-02-04 11:20:00,3,51.15705,-114.06487,G17_09,returning
2025-02-04 11:20:00,4,51.16803,-114.118,G18_07,on_scene
2025-02-04 11:20:00,5,51.04915,-114.01695,G11_10,on_scene
2025-02-04 11:20:00,6,50.9439,-114.04926,G05_09,responding
2025-02-04 11:20:00,7,51.04151,-114.13547,G11_06,on_scene
2025-02-04 11:20:00,8,51.06114,-114.09477,G12_08,on_scene
2025-02-04 11:20:00,9,51.047,-114.082,G11_08,staged
2025-02-04 11:20:00,10,51.047,-114.082,G11_08,staged
2025-02-04 11:25:00,1,51.10474,-114.21711,G14_03,on_scene
2025-02-04 11:25:00,2,50.96879,-113.95822,G07_12,on_scene
2025-02-04 11:25:00,3,51.17213,-114.06558,G18_09,responding
2025-02-04 11:25:00,4,51.16803,-114.118,G18_07,on_scene
2025-02-04 11:25:00,5,51.04915,-114.01695,G11_10,on_scene
2025-02-04 11:25:00,6,50.95553,-114.07178,G06_08,on_scene
2025-02-04 11:25:00,7,51.04151,-114.13547,G11_06,on_scene
2025-02-04 11:25:00,8,51.06114,-114.09477,G12_08,on_scene
2025-02-04 11:25:00,9,51.047,-114.082,G11_08,responding
2025-02-04 11:25:00,10,51.047,-114.082,G11_08,staged
2025-02-04 11:30:00,1,51.10474,-114.21711,G14_03,on_scene
2025-02-04 11:30:00,2,50.96879,-113.95822,G07_12,on_scene
2025-02-04 11:30:00,3,51.18347,-114.06961,G19_08,on_scene
2025-02-04 11:30:00,4,51.16803,-114.118,G18_07,on_scene
2025-02-04 11:30:00,5,51.04915,-114.01695,G11_10,on_scene
2025-02-04 11:30:00,6,50.95553,-114.07178,G06_08,on_scene
2025-02-04 11:30:00,7,51.04151,-114.13547,G11_06,on_scene
2025-02-04 11:30:00,8,51.06114,-114.09477,G12_08,on_scene
2025-02-04 11:30:00,9,51.03091,-114.10827,G10_07,responding
2025-02-04 11:30:00,10,51.047,-114.082,G11_08,staged
2025-02-04 11:35:00,1,51.09585,-114.19629,G13_04,returning
2025-02-04 11:35:00,2,50.96879,-113.95822,G07_12,on_scene
2025-02-04 11:35:00,3,51.18347,-114.06961,G19_08,on_scene
2025-02-04 11:35:00,4,51.16803,-114.118,G18_07,on_scene
2025-02-04 11:35:00,5,51.04915,-114.01695,G11_10,on_scene
2025-02-04 11:35:00,6,50.95553,-114.07178,G06_08,on_scene
2025-02-04 11:35:00,7,51.04346,-114.11655,G11_07,returning
2025-02-04 11:35:00,8,51.06114,-114.09477,G12_08,on_scene
2025-02-04 11:35:00,9,51.01483,-114.13454,G09_06,responding
2025-02-04 11:35:00,10,51.047,-114.082,G11_08,staged
2025-02-04 11:40:00,1,51.08288,-114.16594,G13_05,returning
2025-02-04 11:40:00,2,50.96879,-113.95822,G07_12,on_scene
2025-02-04 11:40:00,3,51.18347,-114.06961,G19_08,on_scene
2025-02-04 11:40:00,4,51.16803,-114.118,G18_07,on_scene
2025-02-04 11:40:00,5,51.05731,-113.99279,G12_11,returning
2025-02-04 11:40:00,6,50.95553,-114.07178,G06_08,on_scene
2025-02-04 11:40:00,7,51.047,-114.082,G11_08,staged
2025-02-04 11:40:00,8,51.06114,-114.09477,G12_08,on_scene
2025-02-04 11:40:00,9,51.01351,-114.13668,G09_06,on_scene
2025-02-04 11:40:00,10,51.03784,-114.08027,G10_08,responding
2025-02-04 11:45:00,1,51.06991,-114.1356,G12_06,returning
2025-02-04 11:45:00,2,50.96879,-113.95822,G07_12,on_scene
2025-02-04 11:45:00,3,51.18347,-114.06961,G19_08,on_scene
2025-02-04 11:45:00,4,51.15798,-114.13357,G17_06,returning
2025-02-04 11:45:00,5,51.065,-113.97,G12_12,staged
2025-02-04 11:45:00,6,50.95553,-114.07178,G06_08,on_scene
2025-02-04 11:45:00,7,51.047,-114.082,G11_08,staged
2025-02-04 11:45:00,8,51.06114,-114.09477,G12_08,on_scene
2025-02-04 11:45:00,9,51.01351,-114.13668,G09_06,on_scene
2025-02-04 11:45:00,10,51.01494,-114.07594,G09_08,responding
2025-02-04 11:50:00,1,51.05694,-114.10525,G12_07,returning
2025-02-04 11:50:00,2,50.96999,-113.97672,G07_12,returning
2025-02-04 11:50:00,3,51.18347,-114.06961,G19_08,on_scene
2025-02-04 11:50:00,4,51.14145,-114.1592,G16_05,returning
2025-02-04 11:50:00,5,51.065,-113.97,G12_12,staged
2025-02-04 11:50:00,6,50.95553,-114.07178,G06_08,on_scene
2025-02-04 11:50:00,7,51.047,-114.082,G11_08,staged
2025-02-04 11:50:00,8,51.04721,-114.08219,G11_08,returning
2025-02-04 11:50:00,9,51.01351,-114.13668,G09_06,on_scene
2025-02-04 11:50:00,10,50.99204,-114.07161,G08_08,responding
2025-02-04 11:55:00,1,51.047,-114.082,G11_08,staged
2025-02-04 11:55:00,2,50.97269,-114.01309,G07_10,responding
2025-02-04 11:55:00,3,51.18347,-114.06961,G19_08,on_scene
2025-02-04 11:55:00,4,51.12492,-114.18482,G15_04,returning
2025-02-04 11:55:00,5,51.065,-113.97,G12_12,staged
2025-02-04 11:55:00,6,50.95254,-114.066,G06_09,returning
2025-02-04 11:55:00,7,51.047,-114.082,G11_08,staged
2025-02-04 11:55:00,8,51.047,-114.082,G11_08,staged
2025-02-04 11:55:00,9,51.01351,-114.13668,G09_06,on_scene
2025-02-04 11:55:00,10,50.97591,-114.06856,G07_08,on_scene
2025-02-04 12:00:00,1,51.047,-114.082,G11_08,staged
2025-02-04 12:00:00,2,50.97291,-114.01586,G07_10,on_scene
2025-02-04 12:00:00,3,51.17361,-114.06035,G18_09,returning
2025-02-04 12:00:00,4,51.119,-114.194,G15_04,staged
2025-02-04 12:00:00,5,51.065,-113.97,G12_12,staged
2025-02-04 12:00:00,6,50.93793,-114.03769,G05_10,returning
2025-02-04 12:00:00,7,51.047,-114.082,G11_08,staged
2025-02-04 12:00:00,8,51.047,-114.082,G11_08,staged
2025-02-04 12:00:00,9,51.01351,-114.13668,G09_06,on_scene
2025-02-04 12:00:00,10,50.97591,-114.06856,G07_08,on_scene
2025-02-04 12:05:00,1,51.047,-114.082,G11_08,staged
2025-02-04 12:05:00,2,50.97291,-114.01586,G07_10,on_scene
2025-02-04 12:05:00,3,51.15373,-114.0417,G17_09,returning
2025-02-04 12:05:00,4,51.119,-114.194,G15_04,staged
2025-02-04 12:05:00,5,51.065,-113.97,G12_12,staged
2025-02-04 12:05:00,6,50.92332,-114.00938,G05_11,returning
2025-02-04 12:05:00,7,51.047,-114.082,G11_08,staged
2025-02-04 12:05:00,8,51.047,-114.082,G11_08,staged
2025-02-04 12:05:00,9,51.01351,-114.13668,G09_06,on_scene
2025-02-04 12:05:00,10,50.97591,-114.06856,G07_08,on_scene
2025-02-04 12:10:00,1,51.047,-114.082,G11_08,staged
2025-02-04 12:10:00,2,50.97291,-114.01586,G07_10,on_scene
2025-02-04 12:10:00,3,51.137,-114.026,G16_10,staged
2025-02-04 12:10:00,4,51.119,-114.194,G15_04,staged
2025-02-04 12:10:00,5,51.065,-113.97,G12_12,staged
2025-02-04 12:10:00,6,50.90871,-113.98107,G03_12,returning
2025-02-04 12:10:00,7,51.047,-114.082,G11_08,staged
2025-02-04 12:10:00,8,51.047,-114.082,G11_08,staged
2025-02-04 12:10:00,9,51.01259,-114.10854,G09_07,responding
2025-02-04 12:10:00,10,50.97591,-114.06856,G07_08,on_scene
2025-02-04 12:15:00,1,51.047,-114.082,G11_08,staged
2025-02-04 12:15:00,2,50.97291,-114.01586,G07_10,on_scene
2025-02-04 12:15:00,3,51.137,-114.026,G16_10,staged
2025-02-04 12:15:00,4,51.119,-114.194,G15_04,staged
2025-02-04 12:15:00,5,51.065,-113.97,G12_12,staged
2025-02-04 12:15:00,6,50.903,-113.97,G03_12,staged
2025-02-04 12:15:00,7,51.047,-114.082,G11_08,staged
2025-02-04 12:15:00,8,51.047,-114.082,G11_08,staged
2025-02-04 12:15:00,9,51.00251,-114.07558,G09_08,responding
2025-02-04 12:15:00,10,50.97591,-114.06856,G07_08,on_scene
2025-02-04 12:20:00,1,51.047,-114.082,G11_08,staged
2025-02-04 12:20:00,2,50.97291,-114.01586,G07_10,on_scene
2025-02-04 12:20:00,3,51.137,-114.026,G16_10,staged
2025-02-04 12:20:00,4,51.119,-114.194,G15_04,staged
2025-02-04 12:20:00,5,51.065,-113.97,G12_12,staged
2025-02-04 12:20:00,6,50.903,-113.97,G03_12,staged
2025-02-04 12:20:00,7,51.047,-114.082,G11_08,staged
2025-02-04 12:20:00,8,51.047,-114.082,G11_08,staged
2025-02-04 12:20:00,9,50.99774,-114.05995,G08_09,on_scene
2025-02-04 12:20:00,10,50.97591,-114.06856,G07_08,on_scene
2025-02-04 12:25:00,1,51.047,-114.082,G11_08,staged
2025-02-04 12:25:00,2,50.97291,-114.01586,G07_10,on_scene
2025-02-04 12:25:00,3,51.137,-114.026,G16_10,staged
2025-02-04 12:25:00,4,51.119,-114.194,G15_04,staged
2025-02-04 12:25:00,5,51.065,-113.97,G12_12,staged
2025-02-04 12:25:00,6,50.903,-113.97,G03_12,staged
2025-02-04 12:25:00,7,51.047,-114.082,G11_08,staged
2025-02-04 12:25:00,8,51.047,-114.082,G11_08,staged
2025-02-04 12:25:00,9,50.99774,-114.05995,G08_09,on_scene
2025-02-04 12:25:00,10,50.98267,-114.06984,G07_08,returning
2025-02-04 12:30:00,1,51.047,-114.082,G11_08,staged
2025-02-04 12:30:00,2,50.97476,-114.04956,G07_09,returning
2025-02-04 12:30:00,3,51.137,-114.026,G16_10,staged
2025-02-04 12:30:00,4,51.119,-114.194,G15_04,staged
2025-02-04 12:30:00,5,51.065,-113.97,G12_12,staged
2025-02-04 12:30:00,6,50.903,-113.97,G03_12,staged
2025-02-04 12:30:00,7,51.047,-114.082,G11_08,staged
2025-02-04 12:30:00,8,51.047,-114.082,G11_08,staged
2025-02-04 12:30:00,9,50.99774,-114.05995,G08_09,on_scene
2025-02-04 12:30:00,10,51.00557,-114.07417,G09_08,returning
2025-02-04 12:35:00,1,51.047,-114.082,G11_08,staged
2025-02-04 12:35:00,2,50.975,-114.054,G07_09,staged
2025-02-04 12:35:00,3,51.137,-114.026,G16_10,staged
2025-02-04 12:35:00,4,51.119,-114.194,G15_04,staged
2025-02-04 12:35:00,5,51.065,-113.97,G12_12,staged
2025-02-04 12:35:00,6,50.903,-113.97,G03_12,staged
2025-02-04 12:35:00,7,51.047,-114.082,G11_08,staged
2025-02-04 12:35:00,8,51.047,-114.082,G11_08,staged
2025-02-04 12:35:00,9,50.99774,-114.05995,G08_09,on_scene
2025-02-04 12:35:00,10,51.02847,-114.0785,G10_08,returning
2025-02-04 12:40:00,1,51.047,-114.082,G11_08,staged
2025-02-04 12:40:00,2,50.975,-114.054,G07_09,staged
2025-02-04 12:40:00,3,51.137,-114.026,G16_10,staged
2025-02-04 12:40:00,4,51.119,-114.194,G15_04,staged
2025-02-04 12:40:00,5,51.065,-113.97,G12_12,staged
2025-02-04 12:40:00,6,50.903,-113.97,G03_12,staged
2025-02-04 12:40:00,7,51.047,-114.082,G11_08,staged
2025-02-04 12:40:00,8,51.047,-114.082,G11_08,staged
2025-02-04 12:40:00,9,50.99774,-114.05995,G08_09,on_scene
2025-02-04 12:40:00,10,51.047,-114.082,G11_08,staged
2025-02-04 12:45:00,1,51.047,-114.082,G11_08,staged
2025-02-04 12:45:00,2,50.975,-114.054,G07_09,staged
2025-02-04 12:45:00,3,51.137,-114.026,G16_10,staged
2025-02-04 12:45:00,4,51.119,-114.194,G15_04,staged
2025-02-04 12:45:00,5,51.065,-113.97,G12_12,staged
2025-02-04 12:45:00,6,50.903,-113.97,G03_12,staged
2025-02-04 12:45:00,7,51.047,-114.082,G11_08,staged
2025-02-04 12:45:00,8,51.047,-114.082,G11_08,staged
2025-02-04 12:45:00,9,50.99774,-114.05995,G08_09,on_scene
2025-02-04 12:45:00,10,51.047,-114.082,G11_08,staged
2025-02-04 12:50:00,1,51.047,-114.082,G11_08,staged
2025-02-04 12:50:00,2,50.975,-114.054,G07_09,staged
2025-02-04 12:50:00,3,51.137,-114.026,G16_10,staged
2025-02-04 12:50:00,4,51.119,-114.194,G15_04,staged
2025-02-04 12:50:00,5,51.065,-113.97,G12_12,staged
2025-02-04 12:50:00,6,50.903,-113.97,G03_12,staged
2025-02-04 12:50:00,7,51.047,-114.082,G11_08,staged
2025-02-04 12:50:00,8,51.047,-114.082,G11_08,staged
2025-02-04 12:50:00,9,51.00941,-114.06517,G09_09,returning
2025-02-04 12:50:00,10,51.047,-114.082,G11_08,staged
2025-02-04 12:55:00,1,51.047,-114.082,G11_08,staged
2025-02-04 12:55:00,2,50.975,-114.054,G07_09,staged
2025-02-04 12:55:00,3,51.137,-114.026,G16_10,staged
2025-02-04 12:55:00,4,51.119,-114.194,G15_04,staged
2025-02-04 12:55:00,5,51.065,-113.97,G12_12,staged
2025-02-04 12:55:00,6,50.903,-113.97,G03_12,staged
2025-02-04 12:55:00,7,51.047,-114.082,G11_08,staged
2025-02-04 12:55:00,8,51.047,-114.082,G11_08,staged
2025-02-04 12:55:00,9,51.03161,-114.07511,G10_08,responding
2025-02-04 12:55:00,10,51.047,-114.082,G11_08,staged
2025-02-04 13:00:00,1,51.047,-114.082,G11_08,staged
2025-02-04 13:00:00,2,50.975,-114.054,G07_09,staged
2025-02-04 13:00:00,3,51.137,-114.026,G16_10,staged
2025-02-04 13:00:00,4,51.119,-114.194,G15_04,staged
2025-02-04 13:00:00,5,51.065,-113.97,G12_12,staged
2025-02-04 13:00:00,6,50.903,-113.97,G03_12,staged
2025-02-04 13:00:00,7,51.047,-114.082,G11_08,staged
2025-02-04 13:00:00,8,51.047,-114.082,G11_08,staged
2025-02-04 13:00:00,9,51.02377,-114.04063,G10_09,responding
2025-02-04 13:00:00,10,51.047,-114.082,G11_08,staged
2025-02-04 13:05:00,1,51.047,-114.082,G11_08,staged
2025-02-04 13:05:00,2,50.975,-114.054,G07_09,staged
2025-02-04 13:05:00,3,51.137,-114.026,G16_10,staged
2025-02-04 13:05:00,4,51.119,-114.194,G15_04,staged
2025-02-04 13:05:00,5,51.065,-113.97,G12_12,staged
2025-02-04 13:05:00,6,50.903,-113.97,G03_12,staged
2025-02-04 13:05:00,7,51.047,-114.082,G11_08,staged
2025-02-04 13:05:00,8,51.047,-114.082,G11_08,staged
2025-02-04 13:05:00,9,51.01594,-114.00615,G09_11,responding
2025-02-04 13:05:00,10,51.047,-114.082,G11_08,staged
2025-02-04 13:10:00,1,51.047,-114.082,G11_08,staged
2025-02-04 13:10:00,2,50.975,-114.054,G07_09,staged
2025-02-04 13:10:00,3,51.137,-114.026,G16_10,staged
2025-02-04 13:10:00,4,51.119,-114.194,G15_04,staged
2025-02-04 13:10:00,5,51.065,-113.97,G12_12,staged
2025-02-04 13:10:00,6,50.903,-113.97,G03_12,staged
2025-02-04 13:10:00,7,51.047,-114.082,G11_08,staged
2025-02-04 13:10:00,8,51.047,-114.082,G11_08,staged
2025-02-04 13:10:00,9,51.01525,-114.0031,G09_11,on_scene
2025-02-04 13:10:00,10,51.047,-114.082,G11_08,staged
2025-02-04 13:15:00,1,51.047,-114.082,G11_08,responding
2025-02-04 13:15:00,2,50.975,-114.054,G07_09,staged
2025-02-04 13:15:00,3,51.137,-114.026,G16_10,staged
2025-02-04 13:15:00,4,51.119,-114.194,G15_04,staged
2025-02-04 13:15:00,5,51.065,-113.97,G12_12,staged
2025-02-04 13:15:00,6,50.903,-113.97,G03_12,staged
2025-02-04 13:15:00,7,51.047,-114.082,G11_08,staged
2025-02-04 13:15:00,8,51.047,-114.082,G11_08,staged
2025-02-04 13:15:00,9,51.01525,-114.0031,G09_11,on_scene
2025-02-04 13:15:00,10,51.047,-114.082,G11_08,staged
2025-02-04 13:20:00,1,51.04793,-114.07372,G11_08,on_scene
2025-02-04 13:20:00,2,50.975,-114.054,G07_09,staged
2025-02-04 13:20:00,3,51.137,-114.026,G16_10,staged
2025-02-04 13:20:00,4,51.119,-114.194,G15_04,staged
2025-02-04 13:20:00,5,51.065,-113.97,G12_12,staged
2025-02-04 13:20:00,6,50.91216,-113.96826,G04_12,responding
2025-02-04 13:20:00,7,51.047,-114.082,G11_08,staged
2025-02-04 13:20:00,8,51.047,-114.082,G11_08,staged
2025-02-04 13:20:00,9,51.01525,-114.0031,G09_11,on_scene
2025-02-04 13:20:00,10,51.047,-114.082,G11_08,staged
2025-02-04 13:25:00,1,51.04793,-114.07372,G11_08,on_scene
2025-02-04 13:25:00,2,50.975,-114.054,G07_09,staged
2025-02-04 13:25:00,3,51.137,-114.026,G16_10,staged
2025-02-04 13:25:00,4,51.119,-114.194,G15_04,staged
2025-02-04 13:25:00,5,51.065,-113.97,G12_12,staged
2025-02-04 13:25:00,6,50.93506,-113.96392,G05_12,responding
2025-02-04 13:25:00,7,51.047,-114.082,G11_08,staged
2025-02-04 13:25:00,8,51.047,-114.082,G11_08,staged
2025-02-04 13:25:00,9,51.01525,-114.0031,G09_11,on_scene
2025-02-04 13:25:00,10,51.047,-114.082,G11_08,staged
2025-02-04 13:30:00,1,51.04793,-114.07372,G11_08,on_scene
2025-02-04 13:30:00,2,50.975,-114.054,G07_09,staged
2025-02-04 13:30:00,3,51.137,-114.026,G16_10,staged
2025-02-04 13:30:00,4,51.119,-114.194,G15_04,staged
2025-02-04 13:30:00,5,51.065,-113.97,G12_12,staged
2025-02-04 13:30:00,6,50.95778,-113.95961,G06_12,on_scene
2025-02-04 13:30:00,7,51.047,-114.082,G11_08,staged
2025-02-04 13:30:00,8,51.047,-114.082,G11_08,staged
2025-02-04 13:30:00,9,51.01525,-114.0031,G09_11,on_scene
2025-02-04 13:30:00,10,51.047,-114.082,G11_08,staged
2025-02-04 13:35:00,1,51.04793,-114.07372,G11_08,on_scene
2025-02-04 13:35:00,2,50.975,-114.054,G07_09,staged
2025-02-04 13:35:00,3,51.137,-114.026,G16_10,staged
2025-02-04 13:35:00,4,51.119,-114.194,G15_04,staged
2025-02-04 13:35:00,5,51.065,-113.97,G12_12,staged
2025-02-04 13:35:00,6,50.95778,-113.95961,G06_12,on_scene
2025-02-04 13:35:00,7,51.047,-114.082,G11_08,staged
2025-02-04 13:35:00,8,51.047,-114.082,G11_08,staged
2025-02-04 13:35:00,9,51.01525,-114.0031,G09_11,on_scene
2025-02-04 13:35:00,10,51.047,-114.082,G11_08,staged
2025-02-04 13:40:00,1,51.04793,-114.07372,G11_08,on_scene
2025-02-04 13:40:00,2,50.975,-114.054,G07_09,staged
2025-02-04 13:40:00,3,51.137,-114.026,G16_10,staged
2025-02-04 13:40:00,4,51.119,-114.194,G15_04,staged
2025-02-04 13:40:00,5,51.065,-113.97,G12_12,staged
2025-02-04 13:40:00,6,50.95778,-113.95961,G06_12,on_scene
2025-02-04 13:40:00,7,51.047,-114.082,G11_08,staged
2025-02-04 13:40:00,8,51.047,-114.082,G11_08,staged
2025-02-04 13:40:00,9,51.02658,-114.03125,G10_10,returning
2025-02-04 13:40:00,10,51.047,-114.082,G11_08,staged
2025-02-04 13:45:00,1,51.04793,-114.07372,G11_08,on_scene
2025-02-04 13:45:00,2,50.975,-114.054,G07_09,staged
2025-02-04 13:45:00,3,51.137,-114.026,G16_10,staged
2025-02-04 13:45:00,4,51.119,-114.194,G15_04,staged
2025-02-04 13:45:00,5,51.065,-113.97,G12_12,staged
2025-02-04 13:45:00,6,50.95778,-113.95961,G06_12,on_scene
2025-02-04 13:45:00,7,51.047,-114.082,G11_08,staged
2025-02-04 13:45:00,8,51.047,-114.082,G11_08,staged
2025-02-04 13:45:00,9,51.03901,-114.06213,G11_09,returning
2025-02-04 13:45:00,10,51.047,-114.082,G11_08,staged
2025-02-04 13:50:00,1,51.047,-114.082,G11_08,staged
2025-02-04 13:50:00,2,50.98297,-114.07196,G07_08,responding
2025-02-04 13:50:00,3,51.137,-114.026,G16_10,staged
2025-02-04 13:50:00,4,51.119,-114.194,G15_04,staged
2025-02-04 13:50:00,5,51.065,-113.97,G12_12,staged
2025-02-04 13:50:00,6,50.95778,-113.95961,G06_12,on_scene
2025-02-04 13:50:00,7,51.047,-114.082,G11_08,staged
2025-02-04 13:50:00,8,51.047,-114.082,G11_08,staged
2025-02-04 13:50:00,9,51.03116,-114.08279,G10_08,responding
2025-02-04 13:50:00,10,51.047,-114.082,G11_08,staged
2025-02-04 13:55:00,1,51.047,-114.082,G11_08,staged
2025-02-04 13:55:00,2,50.99626,-114.1019,G08_07,responding
2025-02-04 13:55:00,3,51.137,-114.026,G16_10,staged
2025-02-04 13:55:00,4,51.119,-114.194,G15_04,staged
2025-02-04 13:55:00,5,51.065,-113.97,G12_12,staged
2025-02-04 13:55:00,6,50.95778,-113.95961,G06_12,on_scene
2025-02-04 13:55:00,7,51.047,-114.082,G11_08,staged
2025-02-04 13:55:00,8,51.047,-114.082,G11_08,staged
2025-02-04 13:55:00,9,51.00981,-114.09662,G09_07,responding
2025-02-04 13:55:00,10,51.047,-114.082,G11_08,staged
2025-02-04 14:00:00,1,51.047,-114.082,G11_08,staged
2025-02-04 14:00:00,2,50.99667,-114.10282,G08_07,on_scene
2025-02-04 14:00:00,3,51.137,-114.026,G16_10,staged
2025-02-04 14:00:00,4,51.119,-114.194,G15_04,staged
2025-02-04 14:00:00,5,51.065,-113.97,G12_12,staged
2025-02-04 14:00:00,6,50.9576,-113.95965,G06_12,returning
2025-02-04 14:00:00,7,51.047,-114.082,G11_08,staged
2025-02-04 14:00:00,8,51.047,-114.082,G11_08,staged
2025-02-04 14:00:00,9,50.99737,-114.10467,G08_07,on_scene
2025-02-04 14:00:00,10,51.047,-114.082,G11_08,staged
2025-02-04 14:05:00,1,51.047,-114.082,G11_08,staged
2025-02-04 14:05:00,2,50.99667,-114.10282,G08_07,on_scene
2025-02-04 14:05:00,3,51.137,-114.026,G16_10,staged
2025-02-04 14:05:00,4,51.119,-114.194,G15_04,staged
2025-02-04 14:05:00,5,51.065,-113.97,G12_12,staged
2025-02-04 14:05:00,6,50.9347,-113.96399,G05_12,returning
2025-02-04 14:05:00,7,51.047,-114.082,G11_08,staged
2025-02-04 14:05:00,8,51.047,-114.082,G11_08,staged
2025-02-04 14:05:00,9,50.99737,-114.10467,G08_07,on_scene
2025-02-04 14:05:00,10,51.047,-114.082,G11_08,staged
2025-02-04 14:10:00,1,51.047,-114.082,G11_08,staged
2025-02-04 14:10:00,2,50.99667,-114.10282,G08_07,on_scene
2025-02-04 14:10:00,3,51.137,-114.026,G16_10,staged
2025-02-04 14:10:00,4,51.119,-114.194,G15_04,staged
2025-02-04 14:10:00,5,51.065,-113.97,G12_12,staged
2025-02-04 14:10:00,6,50.91181,-113.96833,G03_12,returning
2025-02-04 14:10:00,7,51.047,-114.082,G11_08,staged
2025-02-04 14:10:00,8,51.047,-114.082,G11_08,staged
2025-02-04 14:10:00,9,50.99737,-114.10467,G08_07,on_scene
2025-02-04 14:10:00,10,51.047,-114.082,G11_08,staged
2025-02-04 14:15:00,1,51.047,-114.082,G11_08,staged
2025-02-04 14:15:00,2,50.99667,-114.10282,G08_07,on_scene
2025-02-04 14:15:00,3,51.137,-114.026,G16_10,staged
2025-02-04 14:15:00,4,51.119,-114.194,G15_04,staged
2025-02-04 14:15:00,5,51.065,-113.97,G12_12,staged
2025-02-04 14:15:00,6,50.903,-113.97,G03_12,staged
2025-02-04 14:15:00,7,51.047,-114.082,G11_08,staged
2025-02-04 14:15:00,8,51.047,-114.082,G11_08,staged
2025-02-04 14:15:00,9,50.99737,-114.10467,G08_07,on_scene
2025-02-04 14:15:00,10,51.047,-114.082,G11_08,staged
2025-02-04 14:20:00,1,51.047,-114.082,G11_08,staged
2025-02-04 14:20:00,2,50.99667,-114.10282,G08_07,on_scene
2025-02-04 14:20:00,3,51.137,-114.026,G16_10,staged
2025-02-04 14:20:00,4,51.119,-114.194,G15_04,staged
2025-02-04 14:20:00,5,51.065,-113.97,G12_12,staged
2025-02-04 14:20:00,6,50.903,-113.97,G03_12,staged
2025-02-04 14:20:00,7,51.047,-114.082,G11_08,staged
2025-02-04 14:20:00,8,51.047,-114.082,G11_08,staged
2025-02-04 14:20:00,9,50.99737,-114.10467,G08_07,on_scene
2025-02-04 14:20:00,10,51.047,-114.082,G11_08,staged
2025-02-04 14:25:00,1,51.047,-114.082,G11_08,staged
2025-02-04 14:25:00,2,50.99667,-114.10282,G08_07,on_scene
2025-02-04 14:25:00,3,51.137,-114.026,G16_10,staged
2025-02-04 14:25:00,4,51.119,-114.194,G15_04,staged
2025-02-04 14:25:00,5,51.065,-113.97,G12_12,staged
2025-02-04 14:25:00,6,50.903,-113.97,G03_12,staged
2025-02-04 14:25:00,7,51.047,-114.082,G11_08,staged
2025-02-04 14:25:00,8,51.047,-114.082,G11_08,staged
2025-02-04 14:25:00,9,50.99737,-114.10467,G08_07,on_scene
2025-02-04 14:25:00,10,51.047,-114.082,G11_08,staged
2025-02-04 14:30:00,1,51.05626,-114.09835,G12_07,responding
2025-02-04 14:30:00,2,50.98379,-114.0738,G07_08,returning
2025-02-04 14:30:00,3,51.137,-114.026,G16_10,staged
2025-02-04 14:30:00,4,51.119,-114.194,G15_04,staged
2025-02-04 14:30:00,5,51.065,-113.97,G12_12,staged
2025-02-04 14:30:00,6,50.903,-113.97,G03_12,staged
2025-02-04 14:30:00,7,51.05317,-114.0929,G11_08,responding
2025-02-04 14:30:00,8,51.047,-114.082,G11_08,staged
2025-02-04 14:30:00,9,51.00663,-114.10045,G09_07,returning
2025-02-04 14:30:00,10,51.047,-114.082,G11_08,staged
2025-02-04 14:35:00,1,51.0717,-114.12561,G12_06,responding
2025-02-04 14:35:00,2,50.975,-114.054,G07_09,staged
2025-02-04 14:35:00,3,51.15078,-114.028,G17_10,responding
2025-02-04 14:35:00,4,51.119,-114.194,G15_04,staged
2025-02-04 14:35:00,5,51.065,-113.97,G12_12,staged
2025-02-04 14:35:00,6,50.903,-113.97,G03_12,staged
2025-02-04 14:35:00,7,51.06861,-114.12016,G12_07,responding
2025-02-04 14:35:00,8,51.047,-114.082,G11_08,staged
2025-02-04 14:35:00,9,51.02879,-114.09032,G10_08,returning
2025-02-04 14:35:00,10,51.047,-114.082,G11_08,staged
2025-02-04 14:40:00,1,51.07217,-114.12645,G12_06,on_scene
2025-02-04 14:40:00,2,50.975,-114.054,G07_09,staged
2025-02-04 14:40:00,3,51.15438,-114.02852,G17_10,on_scene
2025-02-04 14:40:00,4,51.119,-114.194,G15_04,staged
2025-02-04 14:40:00,5,51.065,-113.97,G12_12,staged
2025-02-04 14:40:00,6,50.903,-113.97,G03_12,staged
2025-02-04 14:40:00,7,51.07217,-114.12645,G12_06,on_scene
2025-02-04 14:40:00,8,51.047,-114.082,G11_08,staged
2025-02-04 14:40:00,9,51.047,-114.082,G11_08,staged
2025-02-04 14:40:00,10,51.047,-114.082,G11_08,staged
2025-02-04 14:45:00,1,51.07217,-114.12645,G12_06,on_scene
2025-02-04 14:45:00,2,50.975,-114.054,G07_09,staged
2025-02-04 14:45:00,3,51.15438,-114.02852,G17_10,on_scene
2025-02-04 14:45:00,4,51.119,-114.194,G15_04,staged
2025-02-04 14:45:00,5,51.065,-113.97,G12_12,staged
2025-02-04 14:45:00,6,50.903,-113.97,G03_12,staged
2025-02-04 14:45:00,7,51.07217,-114.12645,G12_06,on_scene
2025-02-04 14:45:00,8,51.047,-114.082,G11_08,staged
2025-02-04 14:45:00,9,51.047,-114.082,G11_08,staged
2025-02-04 14:45:00,10,51.047,-114.082,G11_08,staged
2025-02-04 14:50:00,1,51.07217,-114.12645,G12_06,on_scene
2025-02-04 14:50:00,2,50.975,-114.054,G07_09,staged
2025-02-04 14:50:00,3,51.15438,-114.02852,G17_10,on_scene
2025-02-04 14:50:00,4,51.119,-114.194,G15_04,staged
2025-02-04 14:50:00,5,51.065,-113.97,G12_12,responding
2025-02-04 14:50:00,6,50.903,-113.97,G03_12,staged
2025-02-04 14:50:00,7,51.07217,-114.12645,G12_06,on_scene
2025-02-04 14:50:00,8,51.047,-114.082,G11_08,staged
2025-02-04 14:50:00,9,51.047,-114.082,G11_08,staged
2025-02-04 14:50:00,10,51.047,-114.082,G11_08,staged
2025-02-04 14:55:00,1,51.07217,-114.12645,G12_06,on_scene
2025-02-04 14:55:00,2,50.975,-114.054,G07_09,staged
2025-02-04 14:55:00,3,51.15438,-114.02852,G17_10,on_scene
2025-02-04 14:55:00,4,51.119,-114.194,G15_04,staged
2025-02-04 14:55:00,5,51.05326,-113.95582,G11_13,on_scene
2025-02-04 14:55:00,6,50.903,-113.97,G03_12,staged
2025-02-04 14:55:00,7,51.07217,-114.12645,G12_06,on_scene
2025-02-04 14:55:00,8,51.047,-114.082,G11_08,staged
2025-02-04 14:55:00,9,51.047,-114.082,G11_08,staged
2025-02-04 14:55:00,10,51.047,-114.082,G11_08,staged
2025-02-04 15:00:00,1,51.07217,-114.12645,G12_06,on_scene
2025-02-04 15:00:00,2,50.975,-114.054,G07_09,staged
2025-02-04 15:00:00,3,51.15438,-114.02852,G17_10,on_scene
2025-02-04 15:00:00,4,51.119,-114.194,G15_04,staged
2025-02-04 15:00:00,5,51.05326,-113.95582,G11_13,on_scene
2025-02-04 15:00:00,6,50.903,-113.97,G03_12,staged
2025-02-04 15:00:00,7,51.07217,-114.12645,G12_06,on_scene
2025-02-04 15:00:00,8,51.047,-114.082,G11_08,staged
2025-02-04 15:00:00,9,51.047,-114.082,G11_08,staged
2025-02-04 15:00:00,10,51.047,-114.082,G11_08,staged
2025-02-04 15:05:00,1,51.07217,-114.12645,G12_06,on_scene
2025-02-04 15:05:00,2,50.975,-114.054,G07_09,staged
2025-02-04 15:05:00,3,51.15438,-114.02852,G17_10,on_scene
2025-02-04 15:05:00,4,51.119,-114.194,G15_04,staged
2025-02-04 15:05:00,5,51.05326,-113.95582,G11_13,on_scene
2025-02-04 15:05:00,6,50.903,-113.97,G03_12,staged
2025-02-04 15:05:00,7,51.07217,-114.12645,G12_06,on_scene
2025-02-04 15:05:00,8,51.047,-114.082,G11_08,staged
2025-02-04 15:05:00,9,51.047,-114.082,G11_08,staged
2025-02-04 15:05:00,10,51.047,-114.082,G11_08,staged
2025-02-04 15:10:00,1,51.05722,-114.10004,G12_07,returning
2025-02-04 15:10:00,2,50.975,-114.054,G07_09,staged
2025-02-04 15:10:00,3,51.137,-114.026,G16_10,staged
2025-02-04 15:10:00,4,51.119,-114.194,G15_04,staged
2025-02-04 15:10:00,5,51.05326,-113.95582,G11_13,on_scene
2025-02-04 15:10:00,6,50.903,-113.97,G03_12,staged
2025-02-04 15:10:00,7,51.0603,-114.10549,G12_07,returning
2025-02-04 15:10:00,8,51.047,-114.082,G11_08,staged
2025-02-04 15:10:00,9,51.047,-114.082,G11_08,staged
2025-02-04 15:10:00,10,51.047,-114.082,G11_08,staged
2025-02-04 15:15:00,1,51.047,-114.082,G11_08,staged
2025-02-04 15:15:00,2,50.98298,-114.07196,G07_08,responding
2025-02-04 15:15:00,3,51.137,-114.026,G16_10,staged
2025-02-04 15:15:00,4,51.12304,-114.19044,G15_04,responding
2025-02-04 15:15:00,5,51.05326,-113.95582,G11_13,on_scene
2025-02-04 15:15:00,6,50.903,-113.97,G03_12,staged
2025-02-04 15:15:00,7,51.047,-114.082,G11_08,staged
2025-02-04 15:15:00,8,51.047,-114.082,G11_08,staged
2025-02-04 15:15:00,9,51.047,-114.082,G11_08,staged
2025-02-04 15:15:00,10,51.047,-114.082,G11_08,staged
2025-02-04 15:20:00,1,51.05598,-114.08538,G11_08,responding
2025-02-04 15:20:00,2,50.99467,-114.09829,G08_07,on_scene
2025-02-04 15:20:00,3,51.137,-114.026,G16_10,staged
2025-02-04 15:20:00,4,51.14321,-114.17265,G16_05,responding
2025-02-04 15:20:00,5,51.05326,-113.95582,G11_13,on_scene
2025-02-04 15:20:00,6,50.903,-113.97,G03_12,staged
2025-02-04 15:20:00,7,51.047,-114.082,G11_08,staged
2025-02-04 15:20:00,8,51.047,-114.082,G11_08,staged
2025-02-04 15:20:00,9,51.047,-114.082,G11_08,staged
2025-02-04 15:20:00,10,51.047,-114.082,G11_08,staged
2025-02-04 15:25:00,1,51.06687,-114.08948,G12_08,on_scene
2025-02-04 15:25:00,2,50.99467,-114.09829,G08_07,on_scene
2025-02-04 15:25:00,3,51.137,-114.026,G16_10,staged
2025-02-04 15:25:00,4,51.14919,-114.16738,G17_05,on_scene
2025-02-04 15:25:00,5,51.05988,-113.96382,G12_12,returning
2025-02-04 15:25:00,6,50.903,-113.97,G03_12,staged
2025-02-04 15:25:00,7,51.047,-114.082,G11_08,staged
2025-02-04 15:25:00,8,51.047,-114.082,G11_08,staged
2025-02-04 15:25:00,9,51.047,-114.082,G11_08,staged
2025-02-04 15:25:00,10,51.047,-114.082,G11_08,staged
2025-02-04 15:30:00,1,51.06687,-114.08948,G12_08,on_scene
2025-02-04 15:30:00,2,50.99467,-114.09829,G08_07,on_scene
2025-02-04 15:30:00,3,51.137,-114.026,G16_10,staged
2025-02-04 15:30:00,4,51.14919,-114.16738,G17_05,on_scene
2025-02-04 15:30:00,5,51.065,-113.97,G12_12,staged
2025-02-04 15:30:00,6,50.90681,-113.98332,G03_12,responding
2025-02-04 15:30:00,7,51.047,-114.082,G11_08,staged
2025-02-04 15:30:00,8,51.047,-114.082,G11_08,staged
2025-02-04 15:30:00,9,51.047,-114.082,G11_08,staged
2025-02-04 15:30:00,10,51.047,-114.082,G11_08,staged
2025-02-04 15:35:00,1,51.06687,-114.08948,G12_08,on_scene
2025-02-04 15:35:00,2,50.99467,-114.09829,G08_07,on_scene
2025-02-04 15:35:00,3,51.137,-114.026,G16_10,staged
2025-02-04 15:35:00,4,51.14919,-114.16738,G17_05,on_scene
2025-02-04 15:35:00,5,51.065,-113.97,G12_12,staged
2025-02-04 15:35:00,6,50.91634,-114.01663,G03_11,responding
2025-02-04 15:35:00,7,51.047,-114.082,G11_08,staged
2025-02-04 15:35:00,8,51.047,-114.082,G11_08,staged
2025-02-04 15:35:00,9,51.047,-114.082,G11_08,staged
2025-02-04 15:35:00,10,51.047,-114.082,G11_08,staged
2025-02-04 15:40:00,1,51.06687,-114.08948,G12_08,on_scene
2025-02-04 15:40:00,2,50.99467,-114.09829,G08_07,on_scene
2025-02-04 15:40:00,3,51.137,-114.026,G16_10,staged
2025-02-04 15:40:00,4,51.14919,-114.16738,G17_05,on_scene
2025-02-04 15:40:00,5,51.065,-113.97,G12_12,staged
2025-02-04 15:40:00,6,50.92587,-114.04994,G04_09,responding
2025-02-04 15:40:00,7,51.06462,-114.09071,G12_08,responding
2025-02-04 15:40:00,8,51.04378,-114.07675,G11_08,responding
2025-02-04 15:40:00,9,51.047,-114.082,G11_08,staged
2025-02-04 15:40:00,10,51.047,-114.082,G11_08,staged
2025-02-04 15:45:00,1,51.06687,-114.08948,G12_08,on_scene
2025-02-04 15:45:00,2,50.99467,-114.09829,G08_07,on_scene
2025-02-04 15:45:00,3,51.137,-114.026,G16_10,staged
2025-02-04 15:45:00,4,51.14919,-114.16738,G17_05,on_scene
2025-02-04 15:45:00,5,51.065,-113.97,G12_12,staged
2025-02-04 15:45:00,6,50.93158,-114.06989,G05_08,on_scene
2025-02-04 15:45:00,7,51.08513,-114.10085,G13_07,on_scene
2025-02-04 15:45:00,8,51.02769,-114.05048,G10_09,responding
2025-02-04 15:45:00,9,51.047,-114.082,G11_08,staged
2025-02-04 15:45:00,10,51.047,-114.082,G11_08,staged
2025-02-04 15:50:00,1,51.06687,-114.08948,G12_08,on_scene
2025-02-04 15:50:00,2,50.99307,-114.09469,G08_08,returning
2025-02-04 15:50:00,3,51.137,-114.026,G16_10,staged
2025-02-04 15:50:00,4,51.14919,-114.16738,G17_05,on_scene
2025-02-04 15:50:00,5,51.07259,-113.96166,G12_12,responding
2025-02-04 15:50:00,6,50.93158,-114.06989,G05_08,on_scene
2025-02-04 15:50:00,7,51.08513,-114.10085,G13_07,on_scene
2025-02-04 15:50:00,8,51.0116,-114.02422,G09_10,responding
2025-02-04 15:50:00,9,51.05424,-114.09108,G11_08,responding
2025-02-04 15:50:00,10,51.047,-114.082,G11_08,staged
2025-02-04 15:55:00,1,51.05532,-114.08513,G11_08,returning
2025-02-04 15:55:00,2,50.97978,-114.06476,G07_09,returning
2025-02-04 15:55:00,3,51.13171,-114.04637,G16_09,responding
2025-02-04 15:55:00,4,51.14738,-114.19308,G17_04,responding
2025-02-04 15:55:00,5,51.09157,-113.94081,G13_13,responding
2025-02-04 15:55:00,6,50.93158,-114.06989,G05_08,on_scene
2025-02-04 15:55:00,7,51.08513,-114.10085,G13_07,on_scene
2025-02-04 15:55:00,8,51.00867,-114.01943,G09_10,on_scene
2025-02-04 15:55:00,9,51.07236,-114.11379,G12_07,responding
2025-02-04 15:55:00,10,51.047,-114.082,G11_08,staged
2025-02-04 16:00:00,1,51.04358,-114.09562,G11_08,responding
2025-02-04 16:00:00,2,50.975,-114.054,G07_09,staged
2025-02-04 16:00:00,3,51.12521,-114.07138,G15_08,on_scene
2025-02-04 16:00:00,4,51.14482,-114.22961,G16_03,responding
2025-02-04 16:00:00,5,51.09675,-113.93512,G14_13,on_scene
2025-02-04 16:00:00,6,50.93158,-114.06989,G05_08,on_scene
2025-02-04 16:00:00,7,51.08513,-114.10085,G13_07,on_scene
2025-02-04 16:00:00,8,51.00867,-114.01943,G09_10,on_scene
2025-02-04 16:00:00,9,51.07426,-114.11618,G13_07,on_scene
2025-02-04 16:00:00,10,51.047,-114.082,G11_08,staged
2025-02-04 16:05:00,1,51.04247,-114.10003,G11_07,on_scene
2025-02-04 16:05:00,2,50.975,-114.054,G07_09,staged
2025-02-04 16:05:00,3,51.12521,-114.07138,G15_08,on_scene
2025-02-04 16:05:00,4,51.14287,-114.25737,G16_02,on_scene
2025-02-04 16:05:00,5,51.09675,-113.93512,G14_13,on_scene
2025-02-04 16:05:00,6,50.93158,-114.06989,G05_08,on_scene
2025-02-04 16:05:00,7,51.08513,-114.10085,G13_07,on_scene
2025-02-04 16:05:00,8,51.00867,-114.01943,G09_10,on_scene
2025-02-04 16:05:00,9,51.07426,-114.11618,G13_07,on_scene
2025-02-04 16:05:00,10,51.047,-114.082,G11_08,staged
2025-02-04 16:10:00,1,51.04247,-114.10003,G11_07,on_scene
2025-02-04 16:10:00,2,50.975,-114.054,G07_09,staged
2025-02-04 16:10:00,3,51.12521,-114.07138,G15_08,on_scene
2025-02-04 16:10:00,4,51.14287,-114.25737,G16_02,on_scene
2025-02-04 16:10:00,5,51.09675,-113.93512,G14_13,on_scene
2025-02-04 16:10:00,6,50.93158,-114.06989,G05_08,on_scene
2025-02-04 16:10:00,7,51.08513,-114.10085,G13_07,on_scene
2025-02-04 16:10:00,8,51.00867,-114.01943,G09_10,on_scene
2025-02-04 16:10:00,9,51.07426,-114.11618,G13_07,on_scene
2025-02-04 16:10:00,10,51.06002,-114.10281,G12_07,responding
2025-02-04 16:15:00,1,51.04247,-114.10003,G11_07,on_scene
2025-02-04 16:15:00,2,50.975,-114.054,G07_09,staged
2025-02-04 16:15:00,3,51.12521,-114.07138,G15_08,on_scene
2025-02-04 16:15:00,4,51.14287,-114.25737,G16_02,on_scene
2025-02-04 16:15:00,5,51.09675,-113.93512,G14_13,on_scene
2025-02-04 16:15:00,6,50.92776,-114.05653,G04_09,returning
2025-02-04 16:15:00,7,51.08611,-114.09888,G13_07,responding
2025-02-04 16:15:00,8,51.00867,-114.01943,G09_10,on_scene
2025-02-04 16:15:00,9,51.07426,-114.11618,G13_07,on_scene
2025-02-04 16:15:00,10,51.07629,-114.12882,G13_06,responding
2025-02-04 16:20:00,1,51.04247,-114.10003,G11_07,on_scene
2025-02-04 16:20:00,2,50.975,-114.054,G07_09,staged
2025-02-04 16:20:00,3,51.12521,-114.07138,G15_08,on_scene
2025-02-04 16:20:00,4,51.14287,-114.25737,G16_02,on_scene
2025-02-04 16:20:00,5,51.09675,-113.93512,G14_13,on_scene
2025-02-04 16:20:00,6,50.91823,-114.02322,G04_09,returning
2025-02-04 16:20:00,7,51.10038,-114.07004,G14_08,responding
2025-02-04 16:20:00,8,51.00867,-114.01943,G09_10,on_scene
2025-02-04 16:20:00,9,51.07426,-114.11618,G13_07,on_scene
2025-02-04 16:20:00,10,51.09257,-114.15482,G14_05,responding
2025-02-04 16:25:00,1,51.04247,-114.10003,G11_07,on_scene
2025-02-04 16:25:00,2,50.975,-114.054,G07_09,staged
2025-02-04 16:25:00,3,51.12521,-114.07138,G15_08,on_scene
2025-02-04 16:25:00,4,51.14287,-114.25737,G16_02,on_scene
2025-02-04 16:25:00,5,51.09675,-113.93512,G14_13,on_scene
2025-02-04 16:25:00,6,50.9087,-113.98991,G03_11,returning
2025-02-04 16:25:00,7,51.11065,-114.04927,G15_09,on_scene
2025-02-04 16:25:00,8,51.02183,-114.04091,G10_09,returning
2025-02-04 16:25:00,9,51.07426,-114.11618,G13_07,on_scene
2025-02-04 16:25:00,10,51.10884,-114.18083,G14_05,responding
2025-02-04 16:30:00,1,51.04247,-114.10003,G11_07,on_scene
2025-02-04 16:30:00,2,50.975,-114.054,G07_09,staged
2025-02-04 16:30:00,3,51.12753,-114.06244,G15_09,returning
2025-02-04 16:30:00,4,51.14287,-114.25737,G16_02,on_scene
2025-02-04 16:30:00,5,51.08296,-113.95028,G13_13,returning
2025-02-04 16:30:00,6,50.903,-113.97,G03_12,staged
2025-02-04 16:30:00,7,51.11065,-114.04927,G15_09,on_scene
2025-02-04 16:30:00,8,51.03792,-114.06717,G10_09,returning
2025-02-04 16:30:00,9,51.05806,-114.09586,G12_08,returning
2025-02-04 16:30:00,10,51.12512,-114.20684,G15_04,responding
2025-02-04 16:35:00,1,51.047,-114.082,G11_08,staged
2025-02-04 16:35:00,2,50.975,-114.054,G07_09,staged
2025-02-04 16:35:00,3,51.13635,-114.02849,G16_10,returning
2025-02-04 16:35:00,4,51.14002,-114.24981,G16_02,returning
2025-02-04 16:35:00,5,51.065,-113.97,G12_12,staged
2025-02-04 16:35:00,6,50.90316,-113.98462,G03_11,responding
2025-02-04 16:35:00,7,51.11065,-114.04927,G15_09,on_scene
2025-02-04 16:35:00,8,51.047,-114.082,G11_08,staged
2025-02-04 16:35:00,9,51.047,-114.082,G11_08,staged
2025-02-04 16:35:00,10,51.12657,-114.20917,G15_03,on_scene
2025-02-04 16:40:00,1,51.047,-114.082,G11_08,staged
2025-02-04 16:40:00,2,50.975,-114.054,G07_09,staged
2025-02-04 16:40:00,3,51.137,-114.026,G16_10,staged
2025-02-04 16:40:00,4,51.12815,-114.2183,G16_03,returning
2025-02-04 16:40:00,5,51.065,-113.97,G12_12,staged
2025-02-04 16:40:00,6,50.90354,-114.02119,G03_11,responding
2025-02-04 16:40:00,7,51.11065,-114.04927,G15_09,on_scene
2025-02-04 16:40:00,8,51.047,-114.082,G11_08,staged
2025-02-04 16:40:00,9,51.047,-114.082,G11_08,staged
2025-02-04 16:40:00,10,51.12657,-114.20917,G15_03,on_scene
2025-02-04 16:45:00,1,51.047,-114.082,G11_08,staged
2025-02-04 16:45:00,2,50.97641,-114.04703,G07_09,responding
2025-02-04 16:45:00,3,51.137,-114.026,G16_10,staged
2025-02-04 16:45:00,4,51.119,-114.194,G15_04,staged
2025-02-04 16:45:00,5,51.06041,-113.96926,G12_12,responding
2025-02-04 16:45:00,6,50.90393,-114.05775,G03_09,responding
2025-02-04 16:45:00,7,51.11065,-114.04927,G15_09,on_scene
2025-02-04 16:45:00,8,51.047,-114.082,G11_08,staged
2025-02-04 16:45:00,9,51.047,-114.082,G11_08,staged
2025-02-04 16:45:00,10,51.12657,-114.20917,G15_03,on_scene
2025-02-04 16:50:00,1,51.047,-114.082,G11_08,staged
2025-02-04 16:50:00,2,50.98348,-114.01216,G07_10,responding
2025-02-04 16:50:00,3,51.137,-114.026,G16_10,staged
2025-02-04 16:50:00,4,51.119,-114.194,G15_04,staged
2025-02-04 16:50:00,5,51.03747,-113.96557,G10_12,responding
2025-02-04 16:50:00,6,50.90403,-114.06685,G03_09,on_scene
2025-02-04 16:50:00,7,51.11065,-114.04927,G15_09,on_scene
2025-02-04 16:50:00,8,51.047,-114.082,G11_08,staged
2025-02-04 16:50:00,9,51.047,-114.082,G11_08,staged
2025-02-04 16:50:00,10,51.12657,-114.20917,G15_03,on_scene
2025-02-04 16:55:00,1,51.047,-114.082,G11_08,staged
2025-02-04 16:55:00,2,50.99055,-113.97729,G08_12,responding
2025-02-04 16:55:00,3,51.137,-114.026,G16_10,staged
2025-02-04 16:55:00,4,51.119,-114.194,G15_04,staged
2025-02-04 16:55:00,5,51.01453,-113.96188,G09_12,responding
2025-02-04 16:55:00,6,50.90403,-114.06685,G03_09,on_scene
2025-02-04 16:55:00,7,51.1045,-114.05243,G14_09,returning
2025-02-04 16:55:00,8,51.047,-114.082,G11_08,staged
2025-02-04 16:55:00,9,51.047,-114.082,G11_08,staged
2025-02-04 16:55:00,10,51.12657,-114.20917,G15_03,on_scene
2025-02-04 17:00:00,1,51.03055,-114.06873,G10_08,responding
2025-02-04 17:00:00,2,50.99438,-113.95837,G08_12,on_scene
2025-02-04 17:00:00,3,51.137,-114.026,G16_10,staged
2025-02-04 17:00:00,4,51.119,-114.194,G15_04,staged
2025-02-04 17:00:00,5,50.99411,-113.9586,G08_12,on_scene
2025-02-04 17:00:00,6,50.90403,-114.06685,G03_09,on_scene
2025-02-04 17:00:00,7,51.08256,-114.06372,G13_09,returning
2025-02-04 17:00:00,8,51.047,-114.082,G11_08,staged
2025-02-04 17:00:00,9,51.047,-114.082,G11_08,staged
2025-02-04 17:00:00,10,51.12657,-114.20917,G15_03,on_scene
2025-02-04 17:05:00,1,51.00999,-114.05213,G09_09,responding
2025-02-04 17:05:00,2,50.99438,-113.95837,G08_12,on_scene
2025-02-04 17:05:00,3,51.137,-114.026,G16_10,staged
2025-02-04 17:05:00,4,51.119,-114.194,G15_04,staged
2025-02-04 17:05:00,5,50.99411,-113.9586,G08_12,on_scene
2025-02-04 17:05:00,6,50.90403,-114.06685,G03_09,on_scene
2025-02-04 17:05:00,7,51.06062,-114.075,G12_08,returning
2025-02-04 17:05:00,8,51.047,-114.082,G11_08,staged
2025-02-04 17:05:00,9,51.047,-114.082,G11_08,staged
2025-02-04 17:05:00,10,51.11176,-114.18549,G15_04,returning
2025-02-04 17:10:00,1,51.00595,-114.04887,G09_09,on_scene
2025-02-04 17:10:00,2,50.99438,-113.95837,G08_12,on_scene
2025-02-04 17:10:00,3,51.137,-114.026,G16_10,staged
2025-02-04 17:10:00,4,51.119,-114.194,G15_04,staged
2025-02-04 17:10:00,5,50.99411,-113.9586,G08_12,on_scene
2025-02-04 17:10:00,6,50.90403,-114.06685,G03_09,on_scene
2025-02-04 17:10:00,7,51.05078,-114.0778,G11_08,responding
2025-02-04 17:10:00,8,51.047,-114.082,G11_08,responding
2025-02-04 17:10:00,9,51.047,-114.082,G11_08,staged
2025-02-04 17:10:00,10,51.09548,-114.15948,G14_05,returning
2025-02-04 17:15:00,1,51.00595,-114.04887,G09_09,on_scene
2025-02-04 17:15:00,2,50.99438,-113.95837,G08_12,on_scene
2025-02-04 17:15:00,3,51.137,-114.026,G16_10,staged
2025-02-04 17:15:00,4,51.119,-114.194,G15_04,staged
2025-02-04 17:15:00,5,50.99411,-113.9586,G08_12,on_scene
2025-02-04 17:15:00,6,50.90403,-114.06685,G03_09,on_scene
2025-02-04 17:15:00,7,51.0697,-114.05682,G12_09,responding
2025-02-04 17:15:00,8,51.05977,-114.06254,G12_09,on_scene
2025-02-04 17:15:00,9,51.047,-114.082,G11_08,staged
2025-02-04 17:15:00,10,51.07921,-114.13347,G13_06,returning
2025-02-04 17:20:00,1,51.00595,-114.04887,G09_09,on_scene
2025-02-04 17:20:00,2,50.99438,-113.95837,G08_12,on_scene
2025-02-04 17:20:00,3,51.137,-114.026,G16_10,staged
2025-02-04 17:20:00,4,51.119,-114.194,G15_04,staged
2025-02-04 17:20:00,5,50.99411,-113.9586,G08_12,on_scene
2025-02-04 17:20:00,6,50.90374,-114.03939,G03_09,returning
2025-02-04 17:20:00,7,51.08664,-114.03803,G13_10,on_scene
2025-02-04 17:20:00,8,51.05977,-114.06254,G12_09,on_scene
2025-02-04 17:20:00,9,51.047,-114.082,G11_08,staged
2025-02-04 17:20:00,10,51.06293,-114.10747,G12_07,returning
2025-02-04 17:25:00,1,51.00595,-114.04887,G09_09,on_scene
2025-02-04 17:25:00,2,50.99438,-113.95837,G08_12,on_scene
2025-02-04 17:25:00,3,51.137,-114.026,G16_10,staged
2025-02-04 17:25:00,4,51.119,-114.194,G15_04,staged
2025-02-04 17:25:00,5,50.99411,-113.9586,G08_12,on_scene
2025-02-04 17:25:00,6,50.90335,-114.00283,G03_11,returning
2025-02-04 17:25:00,7,51.08664,-114.03803,G13_10,on_scene
2025-02-04 17:25:00,8,51.05977,-114.06254,G12_09,on_scene
2025-02-04 17:25:00,9,51.047,-114.082,G11_08,staged
2025-02-04 17:25:00,10,51.06942,-114.10461,G12_07,responding
2025-02-04 17:30:00,1,51.00595,-114.04887,G09_09,on_scene
2025-02-04 17:30:00,2,50.99115,-113.97432,G08_12,returning
2025-02-04 17:30:00,3,51.137,-114.026,G16_10,staged
2025-02-04 17:30:00,4,51.119,-114.194,G15_04,staged
2025-02-04 17:30:00,5,50.99663,-113.959,G08_12,returning
2025-02-04 17:30:00,6,50.903,-113.97,G03_12,staged
2025-02-04 17:30:00,7,51.08664,-114.03803,G13_10,on_scene
2025-02-04 17:30:00,8,51.05977,-114.06254,G12_09,on_scene
2025-02-04 17:30:00,9,51.047,-114.082,G11_08,staged
2025-02-04 17:30:00,10,51.07234,-114.1063,G12_07,on_scene
2025-02-04 17:35:00,1,51.00595,-114.04887,G09_09,on_scene
2025-02-04 17:35:00,2,51.00173,-114.00356,G08_11,responding
2025-02-04 17:35:00,3,51.137,-114.026,G16_10,staged
2025-02-04 17:35:00,4,51.119,-114.194,G15_04,staged
2025-02-04 17:35:00,5,51.01958,-113.96269,G09_12,returning
2025-02-04 17:35:00,6,50.903,-113.97,G03_12,staged
2025-02-04 17:35:00,7,51.08664,-114.03803,G13_10,on_scene
2025-02-04 17:35:00,8,51.05977,-114.06254,G12_09,on_scene
2025-02-04 17:35:00,9,51.047,-114.082,G11_08,staged
2025-02-04 17:35:00,10,51.07234,-114.1063,G12_07,on_scene
2025-02-04 17:40:00,1,51.02247,-114.0622,G10_09,returning
2025-02-04 17:40:00,2,51.00627,-114.01198,G09_11,on_scene
2025-02-04 17:40:00,3,51.137,-114.026,G16_10,staged
2025-02-04 17:40:00,4,51.119,-114.194,G15_04,staged
2025-02-04 17:40:00,5,51.04252,-113.96638,G11_12,returning
2025-02-04 17:40:00,6,50.903,-113.97,G03_12,staged
2025-02-04 17:40:00,7,51.08664,-114.03803,G13_10,on_scene
2025-02-04 17:40:00,8,51.05977,-114.06254,G12_09,on_scene
2025-02-04 17:40:00,9,51.047,-114.082,G11_08,staged
2025-02-04 17:40:00,10,51.07234,-114.1063,G12_07,on_scene
2025-02-04 17:45:00,1,51.04303,-114.0788,G11_08,returning
2025-02-04 17:45:00,2,51.00627,-114.01198,G09_11,on_scene
2025-02-04 17:45:00,3,51.137,-114.026,G16_10,staged
2025-02-04 17:45:00,4,51.119,-114.194,G15_04,staged
2025-02-04 17:45:00,5,51.065,-113.97,G12_12,staged
2025-02-04 17:45:00,6,50.903,-113.97,G03_12,staged
2025-02-04 17:45:00,7,51.08664,-114.03803,G13_10,on_scene
2025-02-04 17:45:00,8,51.05589,-114.06845,G11_08,responding
2025-02-04 17:45:00,9,51.047,-114.082,G11_08,staged
2025-02-04 17:45:00,10,51.07234,-114.1063,G12_07,on_scene
2025-02-04 17:50:00,1,51.047,-114.082,G11_08,staged
2025-02-04 17:50:00,2,51.00627,-114.01198,G09_11,on_scene
2025-02-04 17:50:00,3,51.137,-114.026,G16_10,staged
2025-02-04 17:50:00,4,51.119,-114.194,G15_04,staged
2025-02-04 17:50:00,5,51.065,-113.97,G12_12,staged
2025-02-04 17:50:00,6,50.903,-113.97,G03_12,staged
2025-02-04 17:50:00,7,51.08466,-114.04023,G13_09,returning
2025-02-04 17:50:00,8,51.07153,-114.0562,G12_09,on_scene
2025-02-04 17:50:00,9,51.047,-114.082,G11_08,staged
2025-02-04 17:50:00,10,51.07234,-114.1063,G12_07,on_scene
2025-02-04 17:55:00,1,51.047,-114.082,G11_08,staged
2025-02-04 17:55:00,2,51.00627,-114.01198,G09_11,on_scene
2025-02-04 17:55:00,3,51.137,-114.026,G16_10,staged
2025-02-04 17:55:00,4,51.119,-114.194,G15_04,staged
2025-02-04 17:55:00,5,51.065,-113.97,G12_12,staged
2025-02-04 17:55:00,6,50.903,-113.97,G03_12,staged
2025-02-04 17:55:00,7,51.06574,-114.06121,G12_09,returning
2025-02-04 17:55:00,8,51.07153,-114.0562,G12_09,on_scene
2025-02-04 17:55:00,9,51.047,-114.082,G11_08,staged
2025-02-04 17:55:00,10,51.07234,-114.1063,G12_07,on_scene
2025-02-04 18:00:00,1,51.047,-114.082,G11_08,staged
2025-02-04 18:00:00,2,51.00627,-114.01198,G09_11,on_scene
2025-02-04 18:00:00,3,51.137,-114.026,G16_10,staged
2025-02-04 18:00:00,4,51.119,-114.194,G15_04,staged
2025-02-04 18:00:00,5,51.065,-113.97,G12_12,staged
2025-02-04 18:00:00,6,50.903,-113.97,G03_12,staged
2025-02-04 18:00:00,7,51.047,-114.082,G11_08,staged
2025-02-04 18:00:00,8,51.07153,-114.0562,G12_09,on_scene
2025-02-04 18:00:00,9,51.047,-114.082,G11_08,staged
2025-02-04 18:00:00,10,51.05524,-114.0899,G11_08,returning
2025-02-04 18:05:00,1,51.047,-114.082,G11_08,staged
2025-02-04 18:05:00,2,51.00627,-114.01198,G09_11,on_scene
2025-02-04 18:05:00,3,51.1354,-114.05529,G16_09,responding
2025-02-04 18:05:00,4,51.119,-114.194,G15_04,staged
2025-02-04 18:05:00,5,51.065,-113.97,G12_12,staged
2025-02-04 18:05:00,6,50.903,-113.97,G03_12,staged
2025-02-04 18:05:00,7,51.047,-114.082,G11_08,staged
2025-02-04 18:05:00,8,51.07153,-114.0562,G12_09,on_scene
2025-02-04 18:05:00,9,51.047,-114.082,G11_08,staged
2025-02-04 18:05:00,10,51.047,-114.082,G11_08,staged
2025-02-04 18:10:00,1,51.05747,-114.09471,G12_08,on_scene
2025-02-04 18:10:00,2,50.99399,-114.02848,G08_10,returning
2025-02-04 18:10:00,3,51.13356,-114.08915,G16_08,on_scene
2025-02-04 18:10:00,4,51.119,-114.194,G15_04,staged
2025-02-04 18:10:00,5,51.065,-113.97,G12_12,staged
2025-02-04 18:10:00,6,50.903,-113.97,G03_12,staged
2025-02-04 18:10:00,7,51.047,-114.082,G11_08,staged
2025-02-04 18:10:00,8,51.07153,-114.0562,G12_09,on_scene
2025-02-04 18:10:00,9,51.047,-114.082,G11_08,staged
2025-02-04 18:10:00,10,51.047,-114.082,G11_08,staged
2025-02-04 18:15:00,1,51.05747,-114.09471,G12_08,on_scene
2025-02-04 18:15:00,2,50.97638,-114.05214,G07_09,returning
2025-02-04 18:15:00,3,51.13356,-114.08915,G16_08,on_scene
2025-02-04 18:15:00,4,51.119,-114.194,G15_04,staged
2025-02-04 18:15:00,5,51.065,-113.97,G12_12,staged
2025-02-04 18:15:00,6,50.903,-113.97,G03_12,staged
2025-02-04 18:15:00,7,51.05122,-114.08496,G11_08,responding
2025-02-04 18:15:00,8,51.07153,-114.0562,G12_09,on_scene
2025-02-04 18:15:00,9,51.047,-114.082,G11_08,staged
2025-02-04 18:15:00,10,51.047,-114.082,G11_08,staged
2025-02-04 18:20:00,1,51.05747,-114.09471,G12_08,on_scene
2025-02-04 18:20:00,2,50.975,-114.054,G07_09,staged
2025-02-04 18:20:00,3,51.13356,-114.08915,G16_08,on_scene
2025-02-04 18:20:00,4,51.119,-114.194,G15_04,staged
2025-02-04 18:20:00,5,51.065,-113.97,G12_12,staged
2025-02-04 18:20:00,6,50.903,-113.97,G03_12,staged
2025-02-04 18:20:00,7,51.06702,-114.09604,G12_07,on_scene
2025-02-04 18:20:00,8,51.06683,-114.06114,G12_09,returning
2025-02-04 18:20:00,9,51.047,-114.082,G11_08,staged
2025-02-04 18:20:00,10,51.047,-114.082,G11_08,staged
2025-02-04 18:25:00,1,51.05747,-114.09471,G12_08,on_scene
2025-02-04 18:25:00,2,50.975,-114.054,G07_09,staged
2025-02-04 18:25:00,3,51.13356,-114.08915,G16_08,on_scene
2025-02-04 18:25:00,4,51.119,-114.194,G15_04,staged
2025-02-04 18:25:00,5,51.065,-113.97,G12_12,staged
2025-02-04 18:25:00,6,50.903,-113.97,G03_12,staged
2025-02-04 18:25:00,7,51.06702,-114.09604,G12_07,on_scene
2025-02-04 18:25:00,8,51.0476,-114.08137,G11_08,returning
2025-02-04 18:25:00,9,51.047,-114.082,G11_08,staged
2025-02-04 18:25:00,10,51.047,-114.082,G11_08,staged
2025-02-04 18:30:00,1,51.05747,-114.09471,G12_08,on_scene
2025-02-04 18:30:00,2,50.975,-114.054,G07_09,staged
2025-02-04 18:30:00,3,51.13356,-114.08915,G16_08,on_scene
2025-02-04 18:30:00,4,51.119,-114.194,G15_04,staged
2025-02-04 18:30:00,5,51.065,-113.97,G12_12,staged
2025-02-04 18:30:00,6,50.903,-113.97,G03_12,staged
2025-02-04 18:30:00,7,51.06702,-114.09604,G12_07,on_scene
2025-02-04 18:30:00,8,51.047,-114.082,G11_08,staged
2025-02-04 18:30:00,9,51.047,-114.082,G11_08,staged
2025-02-04 18:30:00,10,51.047,-114.082,G11_08,staged
2025-02-04 18:35:00,1,51.05747,-114.09471,G12_08,on_scene
2025-02-04 18:35:00,2,50.975,-114.054,G07_09,staged
2025-02-04 18:35:00,3,51.13356,-114.08915,G16_08,on_scene
2025-02-04 18:35:00,4,51.119,-114.194,G15_04,staged
2025-02-04 18:35:00,5,51.065,-113.97,G12_12,staged
2025-02-04 18:35:00,6,50.903,-113.97,G03_12,staged
2025-02-04 18:35:00,7,51.06702,-114.09604,G12_07,on_scene
2025-02-04 18:35:00,8,51.047,-114.082,G11_08,staged
2025-02-04 18:35:00,9,51.047,-114.082,G11_08,staged
2025-02-04 18:35:00,10,51.047,-114.082,G11_08,staged
2025-02-04 18:40:00,1,51.05694,-114.09407,G12_08,returning
2025-02-04 18:40:00,2,50.975,-114.054,G07_09,staged
2025-02-04 18:40:00,3,51.13497,-114.08756,G16_08,responding
2025-02-04 18:40:00,4,51.119,-114.194,G15_04,staged
2025-02-04 18:40:00,5,51.065,-113.97,G12_12,staged
2025-02-04 18:40:00,6,50.903,-113.97,G03_12,staged
2025-02-04 18:40:00,7,51.06702,-114.09604,G12_07,on_scene
2025-02-04 18:40:00,8,51.047,-114.082,G11_08,staged
2025-02-04 18:40:00,9,51.047,-114.082,G11_08,staged
2025-02-04 18:40:00,10,51.047,-114.082,G11_08,staged
2025-02-04 18:45:00,1,51.047,-114.082,G11_08,staged
2025-02-04 18:45:00,2,50.975,-114.054,G07_09,staged
2025-02-04 18:45:00,3,51.15305,-114.06708,G17_09,on_scene
2025-02-04 18:45:00,4,51.119,-114.194,G15_04,staged
2025-02-04 18:45:00,5,51.0572,-113.97783,G12_12,responding
2025-02-04 18:45:00,6,50.89517,-113.97772,G03_12,responding
2025-02-04 18:45:00,7,51.06702,-114.09604,G12_07,on_scene
2025-02-04 18:45:00,8,51.047,-114.082,G11_08,staged
2025-02-04 18:45:00,9,51.047,-114.082,G11_08,staged
2025-02-04 18:45:00,10,51.047,-114.082,G11_08,staged
2025-02-04 18:50:00,1,51.047,-114.082,G11_08,staged
2025-02-04 18:50:00,2,50.975,-114.054,G07_09,staged
2025-02-04 18:50:00,3,51.15305,-114.06708,G17_09,on_scene
2025-02-04 18:50:00,4,51.119,-114.194,G15_04,staged
2025-02-04 18:50:00,5,51.05214,-113.98292,G11_12,on_scene
2025-02-04 18:50:00,6,50.87559,-113.99704,G01_12,responding
2025-02-04 18:50:00,7,51.06171,-114.09232,G12_08,returning
2025-02-04 18:50:00,8,51.047,-114.082,G11_08,staged
2025-02-04 18:50:00,9,51.047,-114.082,G11_08,staged
2025-02-04 18:50:00,10,51.047,-114.082,G11_08,staged
2025-02-04 18:55:00,1,51.047,-114.082,G11_08,staged
2025-02-04 18:55:00,2,50.975,-114.054,G07_09,staged
2025-02-04 18:55:00,3,51.15305,-114.06708,G17_09,on_scene
2025-02-04 18:55:00,4,51.119,-114.194,G15_04,staged
2025-02-04 18:55:00,5,51.05214,-113.98292,G11_12,on_scene
2025-02-04 18:55:00,6,50.86317,-114.00929,G01_10,on_scene
2025-02-04 18:55:00,7,51.047,-114.082,G11_08,staged
2025-02-04 18:55:00,8,51.047,-114.082,G11_08,staged
2025-02-04 18:55:00,9,51.047,-114.082,G11_08,staged
2025-02-04 18:55:00,10,51.047,-114.082,G11_08,staged
2025-02-04 19:00:00,1,51.047,-114.082,G11_08,staged
2025-02-04 19:00:00,2,50.975,-114.054,G07_09,staged
2025-02-04 19:00:00,3,51.15305,-114.06708,G17_09,on_scene
2025-02-04 19:00:00,4,51.119,-114.194,G15_04,staged
2025-02-04 19:00:00,5,51.05214,-113.98292,G11_12,on_scene
2025-02-04 19:00:00,6,50.86317,-114.00929,G01_10,on_scene
2025-02-04 19:00:00,7,51.047,-114.082,G11_08,staged
2025-02-04 19:00:00,8,51.047,-114.082,G11_08,staged
2025-02-04 19:00:00,9,51.047,-114.082,G11_08,staged
2025-02-04 19:00:00,10,51.047,-114.082,G11_08,staged
2025-02-04 19:05:00,1,51.047,-114.082,G11_08,staged
2025-02-04 19:05:00,2,50.975,-114.054,G07_09,staged
2025-02-04 19:05:00,3,51.15305,-114.06708,G17_09,on_scene
2025-02-04 19:05:00,4,51.119,-114.194,G15_04,staged
2025-02-04 19:05:00,5,51.05214,-113.98292,G11_12,on_scene
2025-02-04 19:05:00,6,50.86317,-114.00929,G01_10,on_scene
2025-02-04 19:05:00,7,51.047,-114.082,G11_08,staged
2025-02-04 19:05:00,8,51.047,-114.082,G11_08,staged
2025-02-04 19:05:00,9,51.047,-114.082,G11_08,staged
2025-02-04 19:05:00,10,51.047,-114.082,G11_08,staged
2025-02-04 19:10:00,1,51.04311,-114.07807,G11_08,responding
2025-02-04 19:10:00,2,50.97049,-114.05246,G07_09,responding
2025-02-04 19:10:00,3,51.15305,-114.06708,G17_09,on_scene
2025-02-04 19:10:00,4,51.119,-114.194,G15_04,staged
2025-02-04 19:10:00,5,51.05214,-113.98292,G11_12,on_scene
2025-02-04 19:10:00,6,50.86317,-114.00929,G01_10,on_scene
2025-02-04 19:10:00,7,51.047,-114.082,G11_08,staged
2025-02-04 19:10:00,8,51.047,-114.082,G11_08,staged
2025-02-04 19:10:00,9,51.047,-114.082,G11_08,staged
2025-02-04 19:10:00,10,51.047,-114.082,G11_08,staged
2025-02-04 19:15:00,1,51.02365,-114.05841,G10_09,responding
2025-02-04 19:15:00,2,50.94795,-114.04474,G05_09,responding
2025-02-04 19:15:00,3,51.15259,-114.06589,G17_09,returning
2025-02-04 19:15:00,4,51.119,-114.194,G15_04,staged
2025-02-04 19:15:00,5,51.05214,-113.98292,G11_12,on_scene
2025-02-04 19:15:00,6,50.86317,-114.00929,G01_10,on_scene
2025-02-04 19:15:00,7,51.047,-114.082,G11_08,staged
2025-02-04 19:15:00,8,51.047,-114.082,G11_08,staged
2025-02-04 19:15:00,9,51.047,-114.082,G11_08,staged
2025-02-04 19:15:00,10,51.047,-114.082,G11_08,staged
2025-02-04 19:20:00,1,51.0042,-114.03874,G09_10,responding
2025-02-04 19:20:00,2,50.92541,-114.03702,G04_09,responding
2025-02-04 19:20:00,3,51.1404,-114.03469,G16_10,returning
2025-02-04 19:20:00,4,51.119,-114.194,G15_04,staged
2025-02-04 19:20:00,5,51.065,-113.97,G12_12,staged
2025-02-04 19:20:00,6,50.86317,-114.00929,G01_10,on_scene
2025-02-04 19:20:00,7,51.047,-114.082,G11_08,staged
2025-02-04 19:20:00,8,51.047,-114.082,G11_08,staged
2025-02-04 19:20:00,9,51.047,-114.082,G11_08,staged
2025-02-04 19:20:00,10,51.047,-114.082,G11_08,staged
2025-02-04 19:25:00,1,50.98474,-114.01908,G08_10,responding
2025-02-04 19:25:00,2,50.90287,-114.0293,G03_09,responding
2025-02-04 19:25:00,3,51.137,-114.026,G16_10,staged
2025-02-04 19:25:00,4,51.119,-114.194,G15_04,staged
2025-02-04 19:25:00,5,51.065,-113.97,G12_12,staged
2025-02-04 19:25:00,6,50.87032,-114.00223,G01_10,returning
2025-02-04 19:25:00,7,51.047,-114.082,G11_08,responding
2025-02-04 19:25:00,8,51.047,-114.082,G11_08,staged
2025-02-04 19:25:00,9,51.047,-114.082,G11_08,staged
2025-02-04 19:25:00,10,51.047,-114.082,G11_08,staged
2025-02-04 19:30:00,1,50.96528,-113.99942,G06_11,responding
2025-02-04 19:30:00,2,50.89113,-114.02527,G02_10,on_scene
2025-02-04 19:30:00,3,51.137,-114.026,G16_10,staged
2025-02-04 19:30:00,4,51.119,-114.194,G15_04,staged
2025-02-04 19:30:00,5,51.065,-113.97,G12_12,staged
2025-02-04 19:30:00,6,50.8899,-113.98292,G02_12,returning
2025-02-04 19:30:00,7,51.06485,-114.05877,G12_09,responding
2025-02-04 19:30:00,8,51.047,-114.082,G11_08,staged
2025-02-04 19:30:00,9,51.047,-114.082,G11_08,staged
2025-02-04 19:30:00,10,51.047,-114.082,G11_08,staged
2025-02-04 19:35:00,1,50.94583,-113.97976,G05_12,responding
2025-02-04 19:35:00,2,50.89113,-114.02527,G02_10,on_scene
2025-02-04 19:35:00,3,51.137,-114.026,G16_10,staged
2025-02-04 19:35:00,4,51.119,-114.194,G15_04,staged
2025-02-04 19:35:00,5,51.065,-113.97,G12_12,staged
2025-02-04 19:35:00,6,50.903,-113.97,G03_12,staged
2025-02-04 19:35:00,7,51.06684,-114.05617,G12_09,on_scene
2025-02-04 19:35:00,8,51.047,-114.082,G11_08,staged
2025-02-04 19:35:00,9,51.047,-114.082,G11_08,staged
2025-02-04 19:35:00,10,51.047,-114.082,G11_08,staged
2025-02-04 19:40:00,1,50.93211,-113.9659,G05_12,on_scene
2025-02-04 19:40:00,2,50.89113,-114.02527,G02_10,on_scene
2025-02-04 19:40:00,3,51.137,-114.026,G16_10,staged
2025-02-04 19:40:00,4,51.119,-114.194,G15_04,staged
2025-02-04 19:40:00,5,51.065,-113.97,G12_12,staged
2025-02-04 19:40:00,6,50.903,-113.97,G03_12,staged
2025-02-04 19:40:00,7,51.06684,-114.05617,G12_09,on_scene
2025-02-04 19:40:00,8,51.047,-114.082,G11_08,staged
2025-02-04 19:40:00,9,51.047,-114.082,G11_08,staged
2025-02-04 19:40:00,10,51.047,-114.082,G11_08,staged
2025-02-04 19:45:00,1,50.93211,-113.9659,G05_12,on_scene
2025-02-04 19:45:00,2,50.89113,-114.02527,G02_10,on_scene
2025-02-04 19:45:00,3,51.137,-114.026,G16_10,staged
2025-02-04 19:45:00,4,51.119,-114.194,G15_04,staged
2025-02-04 19:45:00,5,51.065,-113.97,G12_12,staged
2025-02-04 19:45:00,6,50.903,-113.97,G03_12,staged
2025-02-04 19:45:00,7,51.06684,-114.05617,G12_09,on_scene
2025-02-04 19:45:00,8,51.047,-114.082,G11_08,staged
2025-02-04 19:45:00,9,51.047,-114.082,G11_08,staged
2025-02-04 19:45:00,10,51.047,-114.082,G11_08,staged
2025-02-04 19:50:00,1,50.93211,-113.9659,G05_12,on_scene
2025-02-04 19:50:00,2,50.89113,-114.02527,G02_10,on_scene
2025-02-04 19:50:00,3,51.14097,-114.02973,G16_10,responding
2025-02-04 19:50:00,4,51.119,-114.194,G15_04,staged
2025-02-04 19:50:00,5,51.065,-113.97,G12_12,staged
2025-02-04 19:50:00,6,50.903,-113.97,G03_12,staged
2025-02-04 19:50:00,7,51.06684,-114.05617,G12_09,on_scene
2025-02-04 19:50:00,8,51.047,-114.082,G11_08,staged
2025-02-04 19:50:00,9,51.047,-114.082,G11_08,staged
2025-02-04 19:50:00,10,51.047,-114.082,G11_08,staged
2025-02-04 19:55:00,1,50.93211,-113.9659,G05_12,on_scene
2025-02-04 19:55:00,2,50.89113,-114.02527,G02_10,on_scene
2025-02-04 19:55:00,3,51.16085,-114.04838,G17_09,responding
2025-02-04 19:55:00,4,51.119,-114.194,G15_04,staged
2025-02-04 19:55:00,5,51.065,-113.97,G12_12,staged
2025-02-04 19:55:00,6,50.903,-113.97,G03_12,staged
2025-02-04 19:55:00,7,51.06684,-114.05617,G12_09,on_scene
2025-02-04 19:55:00,8,51.047,-114.082,G11_08,staged
2025-02-04 19:55:00,9,51.047,-114.082,G11_08,staged
2025-02-04 19:55:00,10,51.047,-114.082,G11_08,staged
2025-02-04 20:00:00,1,50.93211,-113.9659,G05_12,on_scene
2025-02-04 20:00:00,2,50.90193,-114.02897,G03_09,returning
2025-02-04 20:00:00,3,51.18072,-114.06703,G18_09,responding
2025-02-04 20:00:00,4,51.119,-114.194,G15_04,staged
2025-02-04 20:00:00,5,51.065,-113.97,G12_12,staged
2025-02-04 20:00:00,6,50.903,-113.97,G03_12,staged
2025-02-04 20:00:00,7,51.06684,-114.05617,G12_09,on_scene
2025-02-04 20:00:00,8,51.047,-114.082,G11_08,staged
2025-02-04 20:00:00,9,51.047,-114.082,G11_08,staged
2025-02-04 20:00:00,10,51.047,-114.082,G11_08,staged
2025-02-04 20:05:00,1,50.93211,-113.9659,G05_12,on_scene
2025-02-04 20:05:00,2,50.92447,-114.03669,G04_09,returning
2025-02-04 20:05:00,3,51.18347,-114.06961,G19_08,on_scene
2025-02-04 20:05:00,4,51.119,-114.194,G15_04,staged
2025-02-04 20:05:00,5,51.065,-113.97,G12_12,staged
2025-02-04 20:05:00,6,50.903,-113.97,G03_12,staged
2025-02-04 20:05:00,7,51.05099,-114.0768,G11_08,returning
2025-02-04 20:05:00,8,51.047,-114.082,G11_08,staged
2025-02-04 20:05:00,9,51.047,-114.082,G11_08,staged
2025-02-04 20:05:00,10,51.047,-114.082,G11_08,staged
2025-02-04 20:10:00,1,50.93785,-113.9717,G05_12,returning
2025-02-04 20:10:00,2,50.94701,-114.04441,G05_09,returning
2025-02-04 20:10:00,3,51.18347,-114.06961,G19_08,on_scene
2025-02-04 20:10:00,4,51.119,-114.194,G15_04,staged
2025-02-04 20:10:00,5,51.065,-113.97,G12_12,staged
2025-02-04 20:10:00,6,50.903,-113.97,G03_12,staged
2025-02-04 20:10:00,7,51.047,-114.082,G11_08,staged
2025-02-04 20:10:00,8,51.047,-114.082,G11_08,staged
2025-02-04 20:10:00,9,51.047,-114.082,G11_08,staged
2025-02-04 20:10:00,10,51.047,-114.082,G11_08,staged
2025-02-04 20:15:00,1,50.95731,-113.99136,G06_11,returning
2025-02-04 20:15:00,2,50.96956,-114.05214,G07_09,returning
2025-02-04 20:15:00,3,51.18347,-114.06961,G19_08,on_scene
2025-02-04 20:15:00,4,51.119,-114.194,G15_04,staged
2025-02-04 20:15:00,5,51.065,-113.97,G12_12,staged
2025-02-04 20:15:00,6,50.903,-113.97,G03_12,staged
2025-02-04 20:15:00,7,51.047,-114.082,G11_08,staged
2025-02-04 20:15:00,8,51.047,-114.082,G11_08,staged
2025-02-04 20:15:00,9,51.047,-114.082,G11_08,staged
2025-02-04 20:15:00,10,51.047,-114.082,G11_08,staged
2025-02-04 20:20:00,1,50.97676,-114.01102,G07_11,returning
2025-02-04 20:20:00,2,50.975,-114.054,G07_09,staged
2025-02-04 20:20:00,3,51.18347,-114.06961,G19_08,on_scene
2025-02-04 20:20:00,4,51.119,-114.194,G15_04,staged
2025-02-04 20:20:00,5,51.065,-113.97,G12_12,staged
2025-02-04 20:20:00,6,50.903,-113.97,G03_12,staged
2025-02-04 20:20:00,7,51.047,-114.082,G11_08,staged
2025-02-04 20:20:00,8,51.047,-114.082,G11_08,staged
2025-02-04 20:20:00,9,51.047,-114.082,G11_08,staged
2025-02-04 20:20:00,10,51.047,-114.082,G11_08,staged
2025-02-04 20:25:00,1,50.99622,-114.03069,G08_10,returning
2025-02-04 20:25:00,2,50.975,-114.054,G07_09,staged
2025-02-04 20:25:00,3,51.18347,-114.06961,G19_08,on_scene
2025-02-04 20:25:00,4,51.119,-114.194,G15_04,staged
2025-02-04 20:25:00,5,51.065,-113.97,G12_12,staged
2025-02-04 20:25:00,6,50.903,-113.97,G03_12,staged
2025-02-04 20:25:00,7,51.047,-114.082,G11_08,staged
2025-02-04 20:25:00,8,51.047,-114.082,G11_08,staged
2025-02-04 20:25:00,9,51.047,-114.082,G11_08,staged
2025-02-04 20:25:00,10,51.047,-114.082,G11_08,staged
2025-02-04 20:30:00,1,51.01568,-114.05035,G09_09,returning
2025-02-04 20:30:00,2,50.975,-114.054,G07_09,staged
2025-02-04 20:30:00,3,51.18347,-114.06961,G19_08,on_scene
2025-02-04 20:30:00,4,51.119,-114.194,G15_04,staged
2025-02-04 20:30:00,5,51.065,-113.97,G12_12,staged
2025-02-04 20:30:00,6,50.903,-113.97,G03_12,staged
2025-02-04 20:30:00,7,51.047,-114.082,G11_08,staged
2025-02-04 20:30:00,8,51.047,-114.082,G11_08,staged
2025-02-04 20:30:00,9,51.047,-114.082,G11_08,staged
2025-02-04 20:30:00,10,51.047,-114.082,G11_08,staged
2025-02-04 20:35:00,1,51.03513,-114.07001,G10_08,returning
2025-02-04 20:35:00,2,50.975,-114.054,G07_09,staged
2025-02-04 20:35:00,3,51.16634,-114.05354,G18_09,returning
2025-02-04 20:35:00,4,51.119,-114.194,G15_04,staged
2025-02-04 20:35:00,5,51.065,-113.97,G12_12,staged
2025-02-04 20:35:00,6,50.903,-113.97,G03_12,staged
2025-02-04 20:35:00,7,51.047,-114.082,G11_08,staged
2025-02-04 20:35:00,8,51.047,-114.082,G11_08,staged
2025-02-04 20:35:00,9,51.047,-114.082,G11_08,staged
2025-02-04 20:35:00,10,51.047,-114.082,G11_08,staged
2025-02-04 20:40:00,1,51.047,-114.082,G11_08,staged
2025-02-04 20:40:00,2,50.975,-114.054,G07_09,staged
2025-02-04 20:40:00,3,51.14647,-114.03489,G17_10,returning
2025-02-04 20:40:00,4,51.119,-114.194,G15_04,staged
2025-02-04 20:40:00,5,51.065,-113.97,G12_12,staged
2025-02-04 20:40:00,6,50.903,-113.97,G03_12,staged
2025-02-04 20:40:00,7,51.047,-114.082,G11_08,staged
2025-02-04 20:40:00,8,51.047,-114.082,G11_08,staged
2025-02-04 20:40:00,9,51.047,-114.082,G11_08,staged
2025-02-04 20:40:00,10,51.047,-114.082,G11_08,staged
2025-02-04 20:45:00,1,51.047,-114.082,G11_08,staged
2025-02-04 20:45:00,2,50.975,-114.054,G07_09,staged
2025-02-04 20:45:00,3,51.137,-114.026,G16_10,staged
2025-02-04 20:45:00,4,51.119,-114.194,G15_04,staged
2025-02-04 20:45:00,5,51.065,-113.97,G12_12,staged
2025-02-04 20:45:00,6,50.903,-113.97,G03_12,staged
2025-02-04 20:45:00,7,51.047,-114.082,G11_08,staged
2025-02-04 20:45:00,8,51.047,-114.082,G11_08,staged
2025-02-04 20:45:00,9,51.047,-114.082,G11_08,staged
2025-02-04 20:45:00,10,51.047,-114.082,G11_08,staged
2025-02-04 20:50:00,1,51.047,-114.082,G11_08,staged
2025-02-04 20:50:00,2,50.975,-114.054,G07_09,staged
2025-02-04 20:50:00,3,51.137,-114.026,G16_10,staged
2025-02-04 20:50:00,4,51.119,-114.194,G15_04,staged
2025-02-04 20:50:00,5,51.065,-113.97,G12_12,staged
2025-02-04 20:50:00,6,50.903,-113.97,G03_12,staged
2025-02-04 20:50:00,7,51.047,-114.082,G11_08,staged
2025-02-04 20:50:00,8,51.047,-114.082,G11_08,staged
2025-02-04 20:50:00,9,51.047,-114.082,G11_08,staged
2025-02-04 20:50:00,10,51.047,-114.082,G11_08,staged
2025-02-04 20:55:00,1,51.047,-114.082,G11_08,staged
2025-02-04 20:55:00,2,50.975,-114.054,G07_09,staged
2025-02-04 20:55:00,3,51.137,-114.026,G16_10,staged
2025-02-04 20:55:00,4,51.119,-114.194,G15_04,staged
2025-02-04 20:55:00,5,51.065,-113.97,G12_12,staged
2025-02-04 20:55:00,6,50.903,-113.97,G03_12,staged
2025-02-04 20:55:00,7,51.047,-114.082,G11_08,staged
2025-02-04 20:55:00,8,51.047,-114.082,G11_08,staged
2025-02-04 20:55:00,9,51.047,-114.082,G11_08,staged
2025-02-04 20:55:00,10,51.047,-114.082,G11_08,staged
2025-02-04 21:00:00,1,51.047,-114.082,G11_08,staged
2025-02-04 21:00:00,2,50.975,-114.054,G07_09,staged
2025-02-04 21:00:00,3,51.137,-114.026,G16_10,staged
2025-02-04 21:00:00,4,51.119,-114.194,G15_04,staged
2025-02-04 21:00:00,5,51.065,-113.97,G12_12,staged
2025-02-04 21:00:00,6,50.903,-113.97,G03_12,staged
2025-02-04 21:00:00,7,51.047,-114.082,G11_08,staged
2025-02-04 21:00:00,8,51.047,-114.082,G11_08,staged
2025-02-04 21:00:00,9,51.047,-114.082,G11_08,staged
2025-02-04 21:00:00,10,51.047,-114.082,G11_08,staged
2025-02-04 21:05:00,1,51.047,-114.082,G11_08,staged
2025-02-04 21:05:00,2,50.975,-114.054,G07_09,staged
2025-02-04 21:05:00,3,51.137,-114.026,G16_10,staged
2025-02-04 21:05:00,4,51.119,-114.194,G15_04,staged
2025-02-04 21:05:00,5,51.065,-113.97,G12_12,staged
2025-02-04 21:05:00,6,50.903,-113.97,G03_12,staged
2025-02-04 21:05:00,7,51.047,-114.082,G11_08,staged
2025-02-04 21:05:00,8,51.047,-114.082,G11_08,staged
2025-02-04 21:05:00,9,51.047,-114.082,G11_08,staged
2025-02-04 21:05:00,10,51.047,-114.082,G11_08,staged
2025-02-04 21:10:00,1,51.047,-114.082,G11_08,staged
2025-02-04 21:10:00,2,50.975,-114.054,G07_09,staged
2025-02-04 21:10:00,3,51.137,-114.026,G16_10,staged
2025-02-04 21:10:00,4,51.119,-114.194,G15_04,staged
2025-02-04 21:10:00,5,51.065,-113.97,G12_12,staged
2025-02-04 21:10:00,6,50.903,-113.97,G03_12,staged
2025-02-04 21:10:00,7,51.047,-114.082,G11_08,staged
2025-02-04 21:10:00,8,51.047,-114.082,G11_08,staged
2025-02-04 21:10:00,9,51.047,-114.082,G11_08,staged
2025-02-04 21:10:00,10,51.047,-114.082,G11_08,staged
2025-02-04 21:15:00,1,51.047,-114.082,G11_08,staged
2025-02-04 21:15:00,2,50.975,-114.054,G07_09,staged
2025-02-04 21:15:00,3,51.137,-114.026,G16_10,staged
2025-02-04 21:15:00,4,51.119,-114.194,G15_04,staged
2025-02-04 21:15:00,5,51.065,-113.97,G12_12,staged
2025-02-04 21:15:00,6,50.903,-113.97,G03_12,staged
2025-02-04 21:15:00,7,51.047,-114.082,G11_08,staged
2025-02-04 21:15:00,8,51.047,-114.082,G11_08,staged
2025-02-04 21:15:00,9,51.047,-114.082,G11_08,staged
2025-02-04 21:15:00,10,51.047,-114.082,G11_08,staged
2025-02-04 21:20:00,1,51.047,-114.082,G11_08,staged
2025-02-04 21:20:00,2,50.975,-114.054,G07_09,staged
2025-02-04 21:20:00,3,51.137,-114.026,G16_10,staged
2025-02-04 21:20:00,4,51.119,-114.194,G15_04,staged
2025-02-04 21:20:00,5,51.065,-113.97,G12_12,staged
2025-02-04 21:20:00,6,50.903,-113.97,G03_12,staged
2025-02-04 21:20:00,7,51.047,-114.082,G11_08,staged
2025-02-04 21:20:00,8,51.047,-114.082,G11_08,staged
2025-02-04 21:20:00,9,51.047,-114.082,G11_08,staged
2025-02-04 21:20:00,10,51.047,-114.082,G11_08,staged
2025-02-04 21:25:00,1,51.047,-114.082,G11_08,staged
2025-02-04 21:25:00,2,50.975,-114.054,G07_09,staged
2025-02-04 21:25:00,3,51.137,-114.026,G16_10,staged
2025-02-04 21:25:00,4,51.119,-114.194,G15_04,staged
2025-02-04 21:25:00,5,51.065,-113.97,G12_12,staged
2025-02-04 21:25:00,6,50.903,-113.97,G03_12,staged
2025-02-04 21:25:00,7,51.047,-114.082,G11_08,staged
2025-02-04 21:25:00,8,51.047,-114.082,G11_08,staged
2025-02-04 21:25:00,9,51.047,-114.082,G11_08,staged
2025-02-04 21:25:00,10,51.047,-114.082,G11_08,staged
2025-02-04 21:30:00,1,51.047,-114.082,G11_08,staged
2025-02-04 21:30:00,2,50.975,-114.054,G07_09,staged
2025-02-04 21:30:00,3,51.137,-114.026,G16_10,staged
2025-02-04 21:30:00,4,51.119,-114.194,G15_04,staged
2025-02-04 21:30:00,5,51.065,-113.97,G12_12,staged
2025-02-04 21:30:00,6,50.903,-113.97,G03_12,staged
2025-02-04 21:30:00,7,51.047,-114.082,G11_08,staged
2025-02-04 21:30:00,8,51.047,-114.082,G11_08,staged
2025-02-04 21:30:00,9,51.047,-114.082,G11_08,staged
2025-02-04 21:30:00,10,51.047,-114.082,G11_08,staged
2025-02-04 21:35:00,1,51.047,-114.082,G11_08,staged
2025-02-04 21:35:00,2,50.975,-114.054,G07_09,staged
2025-02-04 21:35:00,3,51.137,-114.026,G16_10,staged
2025-02-04 21:35:00,4,51.119,-114.194,G15_04,staged
2025-02-04 21:35:00,5,51.065,-113.97,G12_12,staged
2025-02-04 21:35:00,6,50.903,-113.97,G03_12,staged
2025-02-04 21:35:00,7,51.047,-114.082,G11_08,staged
2025-02-04 21:35:00,8,51.047,-114.082,G11_08,staged
2025-02-04 21:35:00,9,51.047,-114.082,G11_08,staged
2025-02-04 21:35:00,10,51.047,-114.082,G11_08,staged
2025-02-04 21:40:00,1,51.047,-114.082,G11_08,staged
2025-02-04 21:40:00,2,50.975,-114.054,G07_09,staged
2025-02-04 21:40:00,3,51.137,-114.026,G16_10,staged
2025-02-04 21:40:00,4,51.119,-114.194,G15_04,staged
2025-02-04 21:40:00,5,51.065,-113.97,G12_12,staged
2025-02-04 21:40:00,6,50.903,-113.97,G03_12,staged
2025-02-04 21:40:00,7,51.047,-114.082,G11_08,staged
2025-02-04 21:40:00,8,51.047,-114.082,G11_08,staged
2025-02-04 21:40:00,9,51.047,-114.082,G11_08,staged
2025-02-04 21:40:00,10,51.047,-114.082,G11_08,staged
2025-02-04 21:45:00,1,51.047,-114.082,G11_08,staged
2025-02-04 21:45:00,2,50.975,-114.054,G07_09,staged
2025-02-04 21:45:00,3,51.137,-114.026,G16_10,staged
2025-02-04 21:45:00,4,51.119,-114.194,G15_04,staged
2025-02-04 21:45:00,5,51.065,-113.97,G12_12,staged
2025-02-04 21:45:00,6,50.903,-113.97,G03_12,staged
2025-02-04 21:45:00,7,51.047,-114.082,G11_08,staged
2025-02-04 21:45:00,8,51.047,-114.082,G11_08,staged
2025-02-04 21:45:00,9,51.047,-114.082,G11_08,staged
2025-02-04 21:45:00,10,51.047,-114.082,G11_08,staged
2025-02-04 21:50:00,1,51.047,-114.082,G11_08,staged
2025-02-04 21:50:00,2,50.975,-114.054,G07_09,staged
2025-02-04 21:50:00,3,51.137,-114.026,G16_10,staged
2025-02-04 21:50:00,4,51.119,-114.194,G15_04,staged
2025-02-04 21:50:00,5,51.065,-113.97,G12_12,staged
2025-02-04 21:50:00,6,50.903,-113.97,G03_12,staged
2025-02-04 21:50:00,7,51.047,-114.082,G11_08,staged
2025-02-04 21:50:00,8,51.047,-114.082,G11_08,staged
2025-02-04 21:50:00,9,51.047,-114.082,G11_08,staged
2025-02-04 21:50:00,10,51.047,-114.082,G11_08,staged
2025-02-04 21:55:00,1,51.047,-114.082,G11_08,staged
2025-02-04 21:55:00,2,50.975,-114.054,G07_09,staged
2025-02-04 21:55:00,3,51.137,-114.026,G16_10,staged
2025-02-04 21:55:00,4,51.119,-114.194,G15_04,staged
2025-02-04 21:55:00,5,51.065,-113.97,G12_12,staged
2025-02-04 21:55:00,6,50.903,-113.97,G03_12,staged
2025-02-04 21:55:00,7,51.047,-114.082,G11_08,staged
2025-02-04 21:55:00,8,51.047,-114.082,G11_08,staged
2025-02-04 21:55:00,9,51.047,-114.082,G11_08,staged
2025-02-04 21:55:00,10,51.047,-114.082,G11_08,staged
2025-02-04 22:00:00,1,51.047,-114.082,G11_08,staged
2025-02-04 22:00:00,2,50.975,-114.054,G07_09,staged
2025-02-04 22:00:00,3,51.137,-114.026,G16_10,staged
2025-02-04 22:00:00,4,51.119,-114.194,G15_04,staged
2025-02-04 22:00:00,5,51.065,-113.97,G12_12,staged
2025-02-04 22:00:00,6,50.903,-113.97,G03_12,staged
2025-02-04 22:05:00,1,51.04384,-114.08139,G11_08,on_scene
2025-02-04 22:05:00,2,50.975,-114.054,G07_09,staged
2025-02-04 22:05:00,3,51.137,-114.026,G16_10,staged
2025-02-04 22:05:00,4,51.10927,-114.20967,G14_03,responding
2025-02-04 22:05:00,5,51.065,-113.97,G12_12,staged
2025-02-04 22:05:00,6,50.903,-113.97,G03_12,staged
2025-02-04 22:10:00,1,51.04384,-114.08139,G11_08,on_scene
2025-02-04 22:10:00,2,50.975,-114.054,G07_09,staged
2025-02-04 22:10:00,3,51.137,-114.026,G16_10,staged
2025-02-04 22:10:00,4,51.10454,-114.2173,G14_03,on_scene
2025-02-04 22:10:00,5,51.065,-113.97,G12_12,staged
2025-02-04 22:10:00,6,50.903,-113.97,G03_12,staged
2025-02-04 22:15:00,1,51.04384,-114.08139,G11_08,on_scene
2025-02-04 22:15:00,2,50.975,-114.054,G07_09,staged
2025-02-04 22:15:00,3,51.137,-114.026,G16_10,staged
2025-02-04 22:15:00,4,51.10454,-114.2173,G14_03,on_scene
2025-02-04 22:15:00,5,51.065,-113.97,G12_12,staged
2025-02-04 22:15:00,6,50.903,-113.97,G03_12,staged
2025-02-04 22:20:00,1,51.04384,-114.08139,G11_08,on_scene
2025-02-04 22:20:00,2,50.975,-114.054,G07_09,staged
2025-02-04 22:20:00,3,51.137,-114.026,G16_10,staged
2025-02-04 22:20:00,4,51.10454,-114.2173,G14_03,on_scene
2025-02-04 22:20:00,5,51.065,-113.97,G12_12,staged
2025-02-04 22:20:00,6,50.903,-113.97,G03_12,staged
2025-02-04 22:25:00,1,51.04384,-114.08139,G11_08,on_scene
2025-02-04 22:25:00,2,50.975,-114.054,G07_09,staged
2025-02-04 22:25:00,3,51.137,-114.026,G16_10,staged
2025-02-04 22:25:00,4,51.10454,-114.2173,G14_03,on_scene
2025-02-04 22:25:00,5,51.065,-113.97,G12_12,staged
2025-02-04 22:25:00,6,50.903,-113.97,G03_12,staged
2025-02-04 22:30:00,1,51.04384,-114.08139,G11_08,on_scene
2025-02-04 22:30:00,2,50.975,-114.054,G07_09,staged
2025-02-04 22:30:00,3,51.137,-114.026,G16_10,staged
2025-02-04 22:30:00,4,51.10454,-114.2173,G14_03,on_scene
2025-02-04 22:30:00,5,51.065,-113.97,G12_12,staged
2025-02-04 22:30:00,6,50.903,-113.97,G03_12,staged
2025-02-04 22:35:00,1,51.04525,-114.08166,G11_08,returning
2025-02-04 22:35:00,2,50.975,-114.054,G07_09,staged
2025-02-04 22:35:00,3,51.137,-114.026,G16_10,staged
2025-02-04 22:35:00,4,51.10454,-114.2173,G14_03,on_scene
2025-02-04 22:35:00,5,51.065,-113.97,G12_12,staged
2025-02-04 22:35:00,6,50.903,-113.97,G03_12,staged
2025-02-04 22:40:00,1,51.047,-114.082,G11_08,staged
2025-02-04 22:40:00,2,50.975,-114.054,G07_09,staged
2025-02-04 22:40:00,3,51.137,-114.026,G16_10,staged
2025-02-04 22:40:00,4,51.11602,-114.19881,G15_04,returning
2025-02-04 22:40:00,5,51.065,-113.97,G12_12,staged
2025-02-04 22:40:00,6,50.903,-113.97,G03_12,staged
2025-02-04 22:45:00,1,51.047,-114.082,G11_08,staged
2025-02-04 22:45:00,2,50.975,-114.054,G07_09,staged
2025-02-04 22:45:00,3,51.137,-114.026,G16_10,staged
2025-02-04 22:45:00,4,51.119,-114.194,G15_04,staged
2025-02-04 22:45:00,5,51.065,-113.97,G12_12,staged
2025-02-04 22:45:00,6,50.903,-113.97,G03_12,staged
2025-02-04 22:50:00,1,51.047,-114.082,G11_08,staged
2025-02-04 22:50:00,2,50.975,-114.054,G07_09,staged
2025-02-04 22:50:00,3,51.137,-114.026,G16_10,staged
2025-02-04 22:50:00,4,51.119,-114.194,G15_04,staged
2025-02-04 22:50:00,5,51.065,-113.97,G12_12,staged
2025-02-04 22:50:00,6,50.903,-113.97,G03_12,staged
2025-02-04 22:55:00,1,51.047,-114.082,G11_08,staged
2025-02-04 22:55:00,2,50.975,-114.054,G07_09,staged
2025-02-04 22:55:00,3,51.137,-114.026,G16_10,staged
2025-02-04 22:55:00,4,51.119,-114.194,G15_04,staged
2025-02-04 22:55:00,5,51.065,-113.97,G12_12,staged
2025-02-04 22:55:00,6,50.903,-113.97,G03_12,staged
2025-02-04 23:00:00,1,51.047,-114.082,G11_08,staged
2025-02-04 23:00:00,2,50.975,-114.054,G07_09,staged
2025-02-04 23:00:00,3,51.137,-114.026,G16_10,staged
2025-02-04 23:00:00,4,51.119,-114.194,G15_04,staged
2025-02-04 23:00:00,5,51.065,-113.97,G12_12,staged
2025-02-04 23:00:00,6,50.903,-113.97,G03_12,staged
2025-02-04 23:05:00,1,51.047,-114.082,G11_08,staged
2025-02-04 23:05:00,2,50.975,-114.054,G07_09,staged
2025-02-04 23:05:00,3,51.137,-114.026,G16_10,staged
2025-02-04 23:05:00,4,51.119,-114.194,G15_04,staged
2025-02-04 23:05:00,5,51.065,-113.97,G12_12,staged
2025-02-04 23:05:00,6,50.903,-113.97,G03_12,staged
2025-02-04 23:10:00,1,51.047,-114.082,G11_08,staged
2025-02-04 23:10:00,2,50.975,-114.054,G07_09,staged
2025-02-04 23:10:00,3,51.137,-114.026,G16_10,staged
2025-02-04 23:10:00,4,51.119,-114.194,G15_04,staged
2025-02-04 23:10:00,5,51.065,-113.97,G12_12,staged
2025-02-04 23:10:00,6,50.903,-113.97,G03_12,staged
2025-02-04 23:15:00,1,51.047,-114.082,G11_08,staged
2025-02-04 23:15:00,2,50.975,-114.054,G07_09,staged
2025-02-04 23:15:00,3,51.137,-114.026,G16_10,staged
2025-02-04 23:15:00,4,51.119,-114.194,G15_04,staged
2025-02-04 23:15:00,5,51.065,-113.97,G12_12,staged
2025-02-04 23:15:00,6,50.903,-113.97,G03_12,staged
2025-02-04 23:20:00,1,51.047,-114.082,G11_08,staged
2025-02-04 23:20:00,2,50.975,-114.054,G07_09,staged
2025-02-04 23:20:00,3,51.137,-114.026,G16_10,staged
2025-02-04 23:20:00,4,51.119,-114.194,G15_04,staged
2025-02-04 23:20:00,5,51.065,-113.97,G12_12,staged
2025-02-04 23:20:00,6,50.903,-113.97,G03_12,staged
2025-02-04 23:25:00,1,51.047,-114.082,G11_08,staged
2025-02-04 23:25:00,2,50.975,-114.054,G07_09,staged
2025-02-04 23:25:00,3,51.137,-114.026,G16_10,staged
2025-02-04 23:25:00,4,51.119,-114.194,G15_04,staged
2025-02-04 23:25:00,5,51.065,-113.97,G12_12,staged
2025-02-04 23:25:00,6,50.903,-113.97,G03_12,staged
2025-02-04 23:30:00,1,51.047,-114.082,G11_08,staged
2025-02-04 23:30:00,2,50.975,-114.054,G07_09,staged
2025-02-04 23:30:00,3,51.137,-114.026,G16_10,staged
2025-02-04 23:30:00,4,51.119,-114.194,G15_04,staged
2025-02-04 23:30:00,5,51.065,-113.97,G12_12,staged
2025-02-04 23:30:00,6,50.903,-113.97,G03_12,staged
2025-02-04 23:35:00,1,51.047,-114.082,G11_08,staged
2025-02-04 23:35:00,2,50.975,-114.054,G07_09,staged
2025-02-04 23:35:00,3,51.137,-114.026,G16_10,staged
2025-02-04 23:35:00,4,51.119,-114.194,G15_04,staged
2025-02-04 23:35:00,5,51.065,-113.97,G12_12,staged
2025-02-04 23:35:00,6,50.903,-113.97,G03_12,staged
2025-02-04 23:40:00,1,51.047,-114.082,G11_08,staged
2025-02-04 23:40:00,2,50.975,-114.054,G07_09,staged
2025-02-04 23:40:00,3,51.137,-114.026,G16_10,staged
2025-02-04 23:40:00,4,51.119,-114.194,G15_04,staged
2025-02-04 23:40:00,5,51.065,-113.97,G12_12,staged
2025-02-04 23:40:00,6,50.903,-113.97,G03_12,staged
2025-02-04 23:45:00,1,51.047,-114.082,G11_08,staged
2025-02-04 23:45:00,2,50.975,-114.054,G07_09,staged
2025-02-04 23:45:00,3,51.137,-114.026,G16_10,staged
2025-02-04 23:45:00,4,51.119,-114.194,G15_04,staged
2025-02-04 23:45:00,5,51.065,-113.97,G12_12,staged
2025-02-04 23:45:00,6,50.903,-113.97,G03_12,staged
2025-02-04 23:50:00,1,51.047,-114.082,G11_08,staged
2025-02-04 23:50:00,2,50.975,-114.054,G07_09,staged
2025-02-04 23:50:00,3,51.137,-114.026,G16_10,staged
2025-02-04 23:50:00,4,51.119,-114.194,G15_04,staged
2025-02-04 23:50:00,5,51.065,-113.97,G12_12,staged
2025-02-04 23:50:00,6,50.903,-113.97,G03_12,staged
2025-02-04 23:55:00,1,51.047,-114.082,G11_08,staged
2025-02-04 23:55:00,2,50.975,-114.054,G07_09,staged
2025-02-04 23:55:00,3,51.137,-114.026,G16_10,staged
2025-02-04 23:55:00,4,51.119,-114.194,G15_04,staged
2025-02-04 23:55:00,5,51.065,-113.97,G12_12,staged
2025-02-04 23:55:00,6,50.903,-113.97,G03_12,staged
