time,unit_id,lat,lon,zone_id,status
2025-11-24 00:00:00,1,51.047,-114.054,G11_09,staged
2025-11-24 00:00:00,2,50.939,-114.082,G05_08,staged
2025-11-24 00:00:00,3,51.101,-114.054,G14_09,staged
2025-11-24 00:00:00,4,51.065,-113.97,G12_12,staged
2025-11-24 00:00:00,5,51.137,-114.166,G16_05,staged
2025-11-24 00:00:00,6,50.903,-113.97,G03_12,staged
2025-11-24 00:00:00,7,50.993,-114.082,G08_08,staged
2025-11-24 00:00:00,8,51.137,-113.97,G16_12,staged
2025-11-24 00:00:00,9,51.011,-113.998,G09_11,staged
2025-11-24 00:00:00,10,51.047,-114.138,G11_06,staged
2025-11-24 00:05:00,1,51.047,-114.054,G11_09,staged
2025-11-24 00:05:00,2,50.939,-114.082,G05_08,staged
2025-11-24 00:05:00,3,51.101,-114.054,G14_09,staged
2025-11-24 00:05:00,4,51.065,-113.97,G12_12,staged
2025-11-24 00:05:00,5,51.137,-114.166,G16_05,staged
2025-11-24 00:05:00,6,50.903,-113.97,G03_12,staged
2025-11-24 00:05:00,7,50.993,-114.082,G08_08,staged
2025-11-24 00:05:00,8,51.137,-113.97,G16_12,staged
2025-11-24 00:05:00,9,51.011,-113.998,G09_11,staged
2025-11-24 00:05:00,10,51.047,-114.138,G11_06,staged
2025-11-24 00:10:00,1,51.047,-114.054,G11_09,staged
2025-11-24 00:10:00,2,50.939,-114.082,G05_08,staged
2025-11-24 00:10:00,3,51.101,-114.054,G14_09,staged
2025-11-24 00:10:00,4,51.065,-113.97,G12_12,staged
2025-11-24 00:10:00,5,51.137,-114.166,G16_05,staged
2025-11-24 00:10:00,6,50.903,-113.97,G03_12,staged
2025-11-24 00:10:00,7,50.993,-114.082,G08_08,staged
2025-11-24 00:10:00,8,51.137,-113.97,G16_12,staged
2025-11-24 00:10:00,9,51.011,-113.998,G09_11,staged
2025-11-24 00:10:00,10,51.047,-114.138,G11_06,staged
2025-11-24 00:15:00,1,51.047,-114.054,G11_09,staged
2025-11-24 00:15:00,2,50.939,-114.082,G05_08,staged
2025-11-24 00:15:00,3,51.101,-114.054,G14_09,staged
2025-11-24 00:15:00,4,51.065,-113.97,G12_12,staged
2025-11-24 00:15:00,5,51.137,-114.166,G16_05,staged
2025-11-24 00:15:00,6,50.903,-113.97,G03_12,staged
2025-11-24 00:15:00,7,50.993,-114.082,G08_08,staged
2025-11-24 00:15:00,8,51.137,-113.97,G16_12,staged
2025-11-24 00:15:00,9,51.011,-113.998,G09_11,staged
2025-11-24 00:15:00,10,51.047,-114.138,G11_06,staged
2025-11-24 00:20:00,1,51.047,-114.054,G11_09,staged
2025-11-24 00:20:00,2,50.939,-114.082,G05_08,staged
2025-11-24 00:20:00,3,51.101,-114.054,G14_09,staged
2025-11-24 00:20:00,4,51.065,-113.97,G12_12,staged
2025-11-24 00:20:00,5,51.137,-114.166,G16_05,staged
2025-11-24 00:20:00,6,50.903,-113.97,G03_12,staged
2025-11-24 00:20:00,7,50.993,-114.082,G08_08,staged
2025-11-24 00:20:00,8,51.137,-113.97,G16_12,staged
2025-11-24 00:20:00,9,51.011,-113.998,G09_11,staged
2025-11-24 00:20:00,10,51.047,-114.138,G11_06,staged
2025-11-24 00:25:00,1,51.047,-114.054,G11_09,staged
2025-11-24 00:25:00,2,50.939,-114.082,G05_08,staged
2025-11-24 00:25:00,3,51.101,-114.054,G14_09,staged
2025-11-24 00:25:00,4,51.065,-113.97,G12_12,staged
2025-11-24 00:25:00,5,51.137,-114.166,G16_05,staged
2025-11-24 00:25:00,6,50.903,-113.97,G03_12,staged
2025-11-24 00:25:00,7,50.993,-114.082,G08_08,staged
2025-11-24 00:25:00,8,51.137,-113.97,G16_12,staged
2025-11-24 00:25:00,9,51.011,-113.998,G09_11,staged
2025-11-24 00:25:00,10,51.047,-114.138,G11_06,staged
2025-11-24 00:30:00,1,51.047,-114.054,G11_09,staged
2025-11-24 00:30:00,2,50.939,-114.082,G05_08,staged
2025-11-24 00:30:00,3,51.101,-114.054,G14_09,staged
2025-11-24 00:30:00,4,51.065,-113.97,G12_12,staged
2025-11-24 00:30:00,5,51.137,-114.166,G16_05,staged
2025-11-24 00:30:00,6,50.903,-113.97,G03_12,staged
2025-11-24 00:30:00,7,50.993,-114.082,G08_08,staged
2025-11-24 00:30:00,8,51.137,-113.97,G16_12,staged
2025-11-24 00:30:00,9,51.011,-113.998,G09_11,staged
2025-11-24 00:30:00,10,51.047,-114.138,G11_06,staged
2025-11-24 00:35:00,1,51.047,-114.054,G11_09,staged
2025-11-24 00:35:00,2,50.939,-114.082,G05_08,staged
2025-11-24 00:35:00,3,51.101,-114.054,G14_09,staged
2025-11-24 00:35:00,4,51.065,-113.97,G12_12,staged
2025-11-24 00:35:00,5,51.137,-114.166,G16_05,staged
2025-11-24 00:35:00,6,50.903,-113.97,G03_12,staged
2025-11-24 00:35:00,7,50.993,-114.082,G08_08,staged
2025-11-24 00:35:00,8,51.137,-113.97,G16_12,staged
2025-11-24 00:35:00,9,51.011,-113.998,G09_11,staged
2025-11-24 00:35:00,10,51.047,-114.138,G11_06,staged
2025-11-24 00:40:00,1,51.047,-114.054,G11_09,staged
2025-11-24 00:40:00,2,50.939,-114.082,G05_08,staged
2025-11-24 00:40:00,3,51.101,-114.054,G14_09,staged
2025-11-24 00:40:00,4,51.065,-113.97,G12_12,staged
2025-11-24 00:40:00,5,51.137,-114.166,G16_05,staged
2025-11-24 00:40:00,6,50.903,-113.97,G03_12,staged
2025-11-24 00:40:00,7,50.993,-114.082,G08_08,staged
2025-11-24 00:40:00,8,51.137,-113.97,G16_12,staged
2025-11-24 00:40:00,9,51.011,-113.998,G09_11,staged
2025-11-24 00:40:00,10,51.047,-114.138,G11_06,staged
2025-11-24 00:45:00,1,51.047,-114.054,G11_09,staged
2025-11-24 00:45:00,2,50.939,-114.082,G05_08,staged
2025-11-24 00:45:00,3,51.101,-114.054,G14_09,staged
2025-11-24 00:45:00,4,51.065,-113.97,G12_12,staged
2025-11-24 00:45:00,5,51.137,-114.166,G16_05,staged
2025-11-24 00:45:00,6,50.903,-113.97,G03_12,staged
2025-11-24 00:45:00,7,50.993,-114.082,G08_08,staged
2025-11-24 00:45:00,8,51.137,-113.97,G16_12,staged
2025-11-24 00:45:00,9,51.011,-113.998,G09_11,staged
2025-11-24 00:45:00,10,51.047,-114.138,G11_06,staged
2025-11-24 00:50:00,1,51.047,-114.054,G11_09,staged
2025-11-24 00:50:00,2,50.939,-114.082,G05_08,staged
2025-11-24 00:50:00,3,51.101,-114.054,G14_09,staged
2025-11-24 00:50:00,4,51.065,-113.97,G12_12,staged
2025-11-24 00:50:00,5,51.137,-114.166,G16_05,staged
2025-11-24 00:50:00,6,50.903,-113.97,G03_12,staged
2025-11-24 00:50:00,7,50.993,-114.082,G08_08,staged
2025-11-24 00:50:00,8,51.137,-113.97,G16_12,staged
2025-11-24 00:50:00,9,51.011,-113.998,G09_11,staged
2025-11-24 00:50:00,10,51.047,-114.138,G11_06,staged
2025-11-24 00:55:00,1,51.047,-114.054,G11_09,staged
2025-11-24 00:55:00,2,50.939,-114.082,G05_08,staged
2025-11-24 00:55:00,3,51.101,-114.054,G14_09,staged
2025-11-24 00:55:00,4,51.065,-113.97,G12_12,staged
2025-11-24 00:55:00,5,51.137,-114.166,G16_05,staged
2025-11-24 00:55:00,6,50.903,-113.97,G03_12,staged
2025-11-24 00:55:00,7,50.993,-114.082,G08_08,staged
2025-11-24 00:55:00,8,51.137,-113.97,G16_12,staged
2025-11-24 00:55:00,9,51.011,-113.998,G09_11,staged
2025-11-24 00:55:00,10,51.047,-114.138,G11_06,staged
2025-11-24 01:00:00,1,51.047,-114.054,G11_09,staged
2025-11-24 01:00:00,2,50.939,-114.082,G05_08,staged
2025-11-24 01:00:00,3,51.101,-114.054,G14_09,staged
2025-11-24 01:00:00,4,51.065,-113.97,G12_12,staged
2025-11-24 01:00:00,5,51.137,-114.166,G16_05,staged
2025-11-24 01:00:00,6,50.903,-113.97,G03_12,staged
2025-11-24 01:00:00,7,50.993,-114.082,G08_08,staged
2025-11-24 01:00:00,8,51.137,-113.97,G16_12,staged
2025-11-24 01:00:00,9,51.011,-113.998,G09_11,staged
2025-11-24 01:00:00,10,51.047,-114.138,G11_06,staged
2025-11-24 01:05:00,1,51.047,-114.054,G11_09,staged
2025-11-24 01:05:00,2,50.939,-114.082,G05_08,staged
2025-11-24 01:05:00,3,51.101,-114.054,G14_09,staged
2025-11-24 01:05:00,4,51.065,-113.97,G12_12,staged
2025-11-24 01:05:00,5,51.137,-114.166,G16_05,staged
2025-11-24 01:05:00,6,50.903,-113.97,G03_12,staged
2025-11-24 01:05:00,7,50.993,-114.082,G08_08,staged
2025-11-24 01:05:00,8,51.137,-113.97,G16_12,staged
2025-11-24 01:05:00,9,51.011,-113.998,G09_11,staged
2025-11-24 01:05:00,10,51.047,-114.138,G11_06,staged
2025-11-24 01:10:00,1,51.047,-114.054,G11_09,staged
2025-11-24 01:10:00,2,50.939,-114.082,G05_08,staged
2025-11-24 01:10:00,3,51.101,-114.054,G14_09,staged
2025-11-24 01:10:00,4,51.065,-113.97,G12_12,staged
2025-11-24 01:10:00,5,51.137,-114.166,G16_05,staged
2025-11-24 01:10:00,6,50.903,-113.97,G03_12,staged
2025-11-24 01:10:00,7,50.993,-114.082,G08_08,staged
2025-11-24 01:10:00,8,51.137,-113.97,G16_12,staged
2025-11-24 01:10:00,9,51.011,-113.998,G09_11,staged
2025-11-24 01:10:00,10,51.047,-114.138,G11_06,staged
2025-11-24 01:15:00,1,51.047,-114.054,G11_09,staged
2025-11-24 01:15:00,2,50.939,-114.082,G05_08,staged
2025-11-24 01:15:00,3,51.101,-114.054,G14_09,staged
2025-11-24 01:15:00,4,51.065,-113.97,G12_12,staged
2025-11-24 01:15:00,5,51.137,-114.166,G16_05,staged
2025-11-24 01:15:00,6,50.903,-113.97,G03_12,staged
2025-11-24 01:15:00,7,50.993,-114.082,G08_08,staged
2025-11-24 01:15:00,8,51.137,-113.97,G16_12,staged
2025-11-24 01:15:00,9,51.011,-113.998,G09_11,staged
2025-11-24 01:15:00,10,51.047,-114.138,G11_06,staged
2025-11-24 01:20:00,1,51.047,-114.054,G11_09,staged
2025-11-24 01:20:00,2,50.939,-114.082,G05_08,staged
2025-11-24 01:20:00,3,51.101,-114.054,G14_09,staged
2025-11-24 01:20:00,4,51.065,-113.97,G12_12,staged
2025-11-24 01:20:00,5,51.137,-114.166,G16_05,staged
2025-11-24 01:20:00,6,50.903,-113.97,G03_12,staged
2025-11-24 01:20:00,7,50.993,-114.082,G08_08,staged
2025-11-24 01:20:00,8,51.137,-113.97,G16_12,staged
2025-11-24 01:20:00,9,51.011,-113.998,G09_11,staged
2025-11-24 01:20:00,10,51.047,-114.138,G11_06,staged
2025-11-24 01:25:00,1,51.047,-114.054,G11_09,staged
2025-11-24 01:25:00,2,50.939,-114.082,G05_08,staged
2025-11-24 01:25:00,3,51.101,-114.054,G14_09,staged
2025-11-24 01:25:00,4,51.065,-113.97,G12_12,staged
2025-11-24 01:25:00,5,51.137,-114.166,G16_05,staged
2025-11-24 01:25:00,6,50.903,-113.97,G03_12,staged
2025-11-24 01:25:00,7,50.993,-114.082,G08_08,staged
2025-11-24 01:25:00,8,51.137,-113.97,G16_12,staged
2025-11-24 01:25:00,9,51.011,-113.998,G09_11,staged
2025-11-24 01:25:00,10,51.047,-114.138,G11_06,staged
2025-11-24 01:30:00,1,51.047,-114.054,G11_09,staged
2025-11-24 01:30:00,2,50.939,-114.082,G05_08,staged
2025-11-24 01:30:00,3,51.101,-114.054,G14_09,staged
2025-11-24 01:30:00,4,51.065,-113.97,G12_12,staged
2025-11-24 01:30:00,5,51.137,-114.166,G16_05,staged
2025-11-24 01:30:00,6,50.903,-113.97,G03_12,staged
2025-11-24 01:30:00,7,50.993,-114.082,G08_08,staged
2025-11-24 01:30:00,8,51.137,-113.97,G16_12,staged
2025-11-24 01:30:00,9,51.011,-113.998,G09_11,staged
2025-11-24 01:30:00,10,51.047,-114.138,G11_06,staged
2025-11-24 01:35:00,1,51.047,-114.054,G11_09,staged
2025-11-24 01:35:00,2,50.939,-114.082,G05_08,staged
2025-11-24 01:35:00,3,51.101,-114.054,G14_09,staged
2025-11-24 01:35:00,4,51.065,-113.97,G12_12,staged
2025-11-24 01:35:00,5,51.137,-114.166,G16_05,staged
2025-11-24 01:35:00,6,50.903,-113.97,G03_12,staged
2025-11-24 01:35:00,7,50.993,-114.082,G08_08,staged
2025-11-24 01:35:00,8,51.137,-113.97,G16_12,staged
2025-11-24 01:35:00,9,51.011,-113.998,G09_11,staged
2025-11-24 01:35:00,10,51.047,-114.138,G11_06,staged
2025-11-24 01:40:00,1,51.047,-114.054,G11_09,staged
2025-11-24 01:40:00,2,50.939,-114.082,G05_08,staged
2025-11-24 01:40:00,3,51.101,-114.054,G14_09,staged
2025-11-24 01:40:00,4,51.065,-113.97,G12_12,staged
2025-11-24 01:40:00,5,51.137,-114.166,G16_05,staged
2025-11-24 01:40:00,6,50.903,-113.97,G03_12,staged
2025-11-24 01:40:00,7,50.993,-114.082,G08_08,staged
2025-11-24 01:40:00,8,51.137,-113.97,G16_12,staged
2025-11-24 01:40:00,9,51.011,-113.998,G09_11,staged
2025-11-24 01:40:00,10,51.047,-114.138,G11_06,staged
2025-11-24 01:45:00,1,51.047,-114.054,G11_09,staged
2025-11-24 01:45:00,2,50.939,-114.082,G05_08,staged
2025-11-24 01:45:00,3,51.101,-114.054,G14_09,staged
2025-11-24 01:45:00,4,51.065,-113.97,G12_12,staged
2025-11-24 01:45:00,5,51.137,-114.166,G16_05,staged
2025-11-24 01:45:00,6,50.903,-113.97,G03_12,staged
2025-11-24 01:45:00,7,50.993,-114.082,G08_08,staged
2025-11-24 01:45:00,8,51.137,-113.97,G16_12,staged
2025-11-24 01:45:00,9,51.011,-113.998,G09_11,staged
2025-11-24 01:45:00,10,51.047,-114.138,G11_06,staged
2025-11-24 01:50:00,1,51.047,-114.054,G11_09,staged
2025-11-24 01:50:00,2,50.939,-114.082,G05_08,staged
2025-11-24 01:50:00,3,51.101,-114.054,G14_09,staged
2025-11-24 01:50:00,4,51.065,-113.97,G12_12,staged
2025-11-24 01:50:00,5,51.137,-114.166,G16_05,staged
2025-11-24 01:50:00,6,50.903,-113.97,G03_12,staged
2025-11-24 01:50:00,7,50.993,-114.082,G08_08,staged
2025-11-24 01:50:00,8,51.137,-113.97,G16_12,staged
2025-11-24 01:50:00,9,51.011,-113.998,G09_11,staged
2025-11-24 01:50:00,10,51.047,-114.138,G11_06,staged
2025-11-24 01:55:00,1,51.047,-114.054,G11_09,staged
2025-11-24 01:55:00,2,50.939,-114.082,G05_08,staged
2025-11-24 01:55:00,3,51.101,-114.054,G14_09,staged
2025-11-24 01:55:00,4,51.065,-113.97,G12_12,staged
2025-11-24 01:55:00,5,51.137,-114.166,G16_05,staged
2025-11-24 01:55:00,6,50.903,-113.97,G03_12,staged
2025-11-24 01:55:00,7,50.993,-114.082,G08_08,staged
2025-11-24 01:55:00,8,51.137,-113.97,G16_12,staged
2025-11-24 01:55:00,9,51.011,-113.998,G09_11,staged
2025-11-24 01:55:00,10,51.047,-114.138,G11_06,staged
2025-11-24 02:00:00,1,51.047,-114.054,G11_09,staged
2025-11-24 02:00:00,2,50.939,-114.082,G05_08,staged
2025-11-24 02:00:00,3,51.101,-114.054,G14_09,staged
2025-11-24 02:00:00,4,51.065,-113.97,G12_12,staged
2025-11-24 02:00:00,5,51.137,-114.166,G16_05,staged
2025-11-24 02:00:00,6,50.903,-113.97,G03_12,staged
2025-11-24 02:00:00,7,50.993,-114.082,G08_08,staged
2025-11-24 02:00:00,8,51.137,-113.97,G16_12,staged
2025-11-24 02:00:00,9,51.011,-113.998,G09_11,staged
2025-11-24 02:00:00,10,51.047,-114.138,G11_06,staged
2025-11-24 02:05:00,1,51.047,-114.054,G11_09,staged
2025-11-24 02:05:00,2,50.939,-114.082,G05_08,staged
2025-11-24 02:05:00,3,51.101,-114.054,G14_09,staged
2025-11-24 02:05:00,4,51.065,-113.97,G12_12,staged
2025-11-24 02:05:00,5,51.137,-114.166,G16_05,staged
2025-11-24 02:05:00,6,50.903,-113.97,G03_12,staged
2025-11-24 02:05:00,7,50.993,-114.082,G08_08,staged
2025-11-24 02:05:00,8,51.137,-113.97,G16_12,staged
2025-11-24 02:05:00,9,51.011,-113.998,G09_11,staged
2025-11-24 02:05:00,10,51.047,-114.138,G11_06,staged
2025-11-24 02:10:00,1,51.047,-114.054,G11_09,staged
2025-11-24 02:10:00,2,50.939,-114.082,G05_08,staged
2025-11-24 02:10:00,3,51.101,-114.054,G14_09,staged
2025-11-24 02:10:00,4,51.065,-113.97,G12_12,staged
2025-11-24 02:10:00,5,51.137,-114.166,G16_05,staged
2025-11-24 02:10:00,6,50.903,-113.97,G03_12,staged
2025-11-24 02:10:00,7,50.993,-114.082,G08_08,staged
2025-11-24 02:10:00,8,51.137,-113.97,G16_12,staged
2025-11-24 02:10:00,9,51.011,-113.998,G09_11,staged
2025-11-24 02:10:00,10,51.047,-114.138,G11_06,staged
2025-11-24 02:15:00,1,51.047,-114.054,G11_09,staged
2025-11-24 02:15:00,2,50.939,-114.082,G05_08,staged
2025-11-24 02:15:00,3,51.101,-114.054,G14_09,staged
2025-11-24 02:15:00,4,51.065,-113.97,G12_12,staged
2025-11-24 02:15:00,5,51.137,-114.166,G16_05,staged
2025-11-24 02:15:00,6,50.903,-113.97,G03_12,staged
2025-11-24 02:15:00,7,50.993,-114.082,G08_08,staged
2025-11-24 02:15:00,8,51.137,-113.97,G16_12,staged
2025-11-24 02:15:00,9,51.011,-113.998,G09_11,staged
2025-11-24 02:15:00,10,51.047,-114.138,G11_06,staged
2025-11-24 02:20:00,1,51.047,-114.054,G11_09,staged
2025-11-24 02:20:00,2,50.939,-114.082,G05_08,staged
2025-11-24 02:20:00,3,51.101,-114.054,G14_09,staged
2025-11-24 02:20:00,4,51.065,-113.97,G12_12,staged
2025-11-24 02:20:00,5,51.137,-114.166,G16_05,staged
2025-11-24 02:20:00,6,50.903,-113.97,G03_12,staged
2025-11-24 02:20:00,7,50.993,-114.082,G08_08,staged
2025-11-24 02:20:00,8,51.137,-113.97,G16_12,staged
2025-11-24 02:20:00,9,51.011,-113.998,G09_11,staged
2025-11-24 02:20:00,10,51.047,-114.138,G11_06,staged
2025-11-24 02:25:00,1,51.047,-114.054,G11_09,staged
2025-11-24 02:25:00,2,50.939,-114.082,G05_08,staged
2025-11-24 02:25:00,3,51.101,-114.054,G14_09,staged
2025-11-24 02:25:00,4,51.065,-113.97,G12_12,staged
2025-11-24 02:25:00,5,51.137,-114.166,G16_05,staged
2025-11-24 02:25:00,6,50.903,-113.97,G03_12,staged
2025-11-24 02:25:00,7,50.993,-114.082,G08_08,staged
2025-11-24 02:25:00,8,51.137,-113.97,G16_12,staged
2025-11-24 02:25:00,9,51.011,-113.998,G09_11,staged
2025-11-24 02:25:00,10,51.047,-114.138,G11_06,staged
2025-11-24 02:30:00,1,51.047,-114.054,G11_09,staged
2025-11-24 02:30:00,2,50.939,-114.082,G05_08,staged
2025-11-24 02:30:00,3,51.101,-114.054,G14_09,staged
2025-11-24 02:30:00,4,51.065,-113.97,G12_12,staged
2025-11-24 02:30:00,5,51.137,-114.166,G16_05,staged
2025-11-24 02:30:00,6,50.903,-113.97,G03_12,staged
2025-11-24 02:30:00,7,50.993,-114.082,G08_08,staged
2025-11-24 02:30:00,8,51.137,-113.97,G16_12,staged
2025-11-24 02:30:00,9,51.011,-113.998,G09_11,staged
2025-11-24 02:30:00,10,51.047,-114.138,G11_06,staged
2025-11-24 02:35:00,1,51.047,-114.054,G11_09,staged
2025-11-24 02:35:00,2,50.939,-114.082,G05_08,staged
2025-11-24 02:35:00,3,51.101,-114.054,G14_09,staged
2025-11-24 02:35:00,4,51.065,-113.97,G12_12,staged
2025-11-24 02:35:00,5,51.137,-114.166,G16_05,staged
2025-11-24 02:35:00,6,50.903,-113.97,G03_12,staged
2025-11-24 02:35:00,7,50.993,-114.082,G08_08,staged
2025-11-24 02:35:00,8,51.137,-113.97,G16_12,staged
2025-11-24 02:35:00,9,51.011,-113.998,G09_11,staged
2025-11-24 02:35:00,10,51.047,-114.138,G11_06,staged
2025-11-24 02:40:00,1,51.047,-114.054,G11_09,staged
2025-11-24 02:40:00,2,50.939,-114.082,G05_08,staged
2025-11-24 02:40:00,3,51.101,-114.054,G14_09,staged
2025-11-24 02:40:00,4,51.065,-113.97,G12_12,staged
2025-11-24 02:40:00,5,51.137,-114.166,G16_05,staged
2025-11-24 02:40:00,6,50.903,-113.97,G03_12,staged
2025-11-24 02:40:00,7,50.993,-114.082,G08_08,staged
2025-11-24 02:40:00,8,51.137,-113.97,G16_12,staged
2025-11-24 02:40:00,9,51.011,-113.998,G09_11,staged
2025-11-24 02:40:00,10,51.047,-114.138,G11_06,staged
2025-11-24 02:45:00,1,51.047,-114.054,G11_09,staged
2025-11-24 02:45:00,2,50.939,-114.082,G05_08,staged
2025-11-24 02:45:00,3,51.101,-114.054,G14_09,staged
2025-11-24 02:45:00,4,51.065,-113.97,G12_12,staged
2025-11-24 02:45:00,5,51.137,-114.166,G16_05,staged
2025-11-24 02:45:00,6,50.903,-113.97,G03_12,staged
2025-11-24 02:45:00,7,50.993,-114.082,G08_08,staged
2025-11-24 02:45:00,8,51.137,-113.97,G16_12,staged
2025-11-24 02:45:00,9,51.011,-113.998,G09_11,staged
2025-11-24 02:45:00,10,51.047,-114.138,G11_06,staged
2025-11-24 02:50:00,1,51.047,-114.054,G11_09,staged
2025-11-24 02:50:00,2,50.939,-114.082,G05_08,staged
2025-11-24 02:50:00,3,51.101,-114.054,G14_09,staged
2025-11-24 02:50:00,4,51.065,-113.97,G12_12,staged
2025-11-24 02:50:00,5,51.137,-114.166,G16_05,staged
2025-11-24 02:50:00,6,50.903,-113.97,G03_12,staged
2025-11-24 02:50:00,7,50.993,-114.082,G08_08,staged
2025-11-24 02:50:00,8,51.137,-113.97,G16_12,staged
2025-11-24 02:50:00,9,51.011,-113.998,G09_11,staged
2025-11-24 02:50:00,10,51.047,-114.138,G11_06,staged
2025-11-24 02:55:00,1,51.047,-114.054,G11_09,staged
2025-11-24 02:55:00,2,50.939,-114.082,G05_08,staged
2025-11-24 02:55:00,3,51.101,-114.054,G14_09,staged
2025-11-24 02:55:00,4,51.065,-113.97,G12_12,staged
2025-11-24 02:55:00,5,51.137,-114.166,G16_05,staged
2025-11-24 02:55:00,6,50.903,-113.97,G03_12,staged
2025-11-24 02:55:00,7,50.993,-114.082,G08_08,staged
2025-11-24 02:55:00,8,51.137,-113.97,G16_12,staged
2025-11-24 02:55:00,9,51.011,-113.998,G09_11,staged
2025-11-24 02:55:00,10,51.047,-114.138,G11_06,staged
2025-11-24 03:00:00,1,51.047,-114.054,G11_09,staged
2025-11-24 03:00:00,2,50.939,-114.082,G05_08,staged
2025-11-24 03:00:00,3,51.101,-114.054,G14_09,staged
2025-11-24 03:00:00,4,51.065,-113.97,G12_12,staged
2025-11-24 03:00:00,5,51.137,-114.166,G16_05,staged
2025-11-24 03:00:00,6,50.903,-113.97,G03_12,staged
2025-11-24 03:00:00,7,50.993,-114.082,G08_08,staged
2025-11-24 03:00:00,8,51.137,-113.97,G16_12,staged
2025-11-24 03:00:00,9,51.011,-113.998,G09_11,staged
2025-11-24 03:00:00,10,51.047,-114.138,G11_06,staged
2025-11-24 03:05:00,1,51.047,-114.054,G11_09,staged
2025-11-24 03:05:00,2,50.939,-114.082,G05_08,staged
2025-11-24 03:05:00,3,51.101,-114.054,G14_09,staged
2025-11-24 03:05:00,4,51.065,-113.97,G12_12,staged
2025-11-24 03:05:00,5,51.137,-114.166,G16_05,staged
2025-11-24 03:05:00,6,50.903,-113.97,G03_12,staged
2025-11-24 03:05:00,7,50.993,-114.082,G08_08,staged
2025-11-24 03:05:00,8,51.137,-113.97,G16_12,staged
2025-11-24 03:05:00,9,51.011,-113.998,G09_11,staged
2025-11-24 03:05:00,10,51.047,-114.138,G11_06,staged
2025-11-24 03:10:00,1,51.047,-114.054,G11_09,staged
2025-11-24 03:10:00,2,50.939,-114.082,G05_08,staged
2025-11-24 03:10:00,3,51.101,-114.054,G14_09,staged
2025-11-24 03:10:00,4,51.065,-113.97,G12_12,staged
2025-11-24 03:10:00,5,51.137,-114.166,G16_05,staged
2025-11-24 03:10:00,6,50.903,-113.97,G03_12,staged
2025-11-24 03:10:00,7,50.993,-114.082,G08_08,staged
2025-11-24 03:10:00,8,51.137,-113.97,G16_12,staged
2025-11-24 03:10:00,9,51.011,-113.998,G09_11,staged
2025-11-24 03:10:00,10,51.047,-114.138,G11_06,staged
2025-11-24 03:15:00,1,51.047,-114.054,G11_09,staged
2025-11-24 03:15:00,2,50.939,-114.082,G05_08,staged
2025-11-24 03:15:00,3,51.101,-114.054,G14_09,staged
2025-11-24 03:15:00,4,51.065,-113.97,G12_12,staged
2025-11-24 03:15:00,5,51.137,-114.166,G16_05,staged
2025-11-24 03:15:00,6,50.903,-113.97,G03_12,staged
2025-11-24 03:15:00,7,50.993,-114.082,G08_08,staged
2025-11-24 03:15:00,8,51.137,-113.97,G16_12,staged
2025-11-24 03:15:00,9,51.011,-113.998,G09_11,staged
2025-11-24 03:15:00,10,51.047,-114.138,G11_06,staged
2025-11-24 03:20:00,1,51.047,-114.054,G11_09,staged
2025-11-24 03:20:00,2,50.939,-114.082,G05_08,staged
2025-11-24 03:20:00,3,51.101,-114.054,G14_09,staged
2025-11-24 03:20:00,4,51.065,-113.97,G12_12,staged
2025-11-24 03:20:00,5,51.137,-114.166,G16_05,staged
2025-11-24 03:20:00,6,50.903,-113.97,G03_12,staged
2025-11-24 03:20:00,7,50.993,-114.082,G08_08,staged
2025-11-24 03:20:00,8,51.137,-113.97,G16_12,staged
2025-11-24 03:20:00,9,51.011,-113.998,G09_11,staged
2025-11-24 03:20:00,10,51.047,-114.138,G11_06,staged
2025-11-24 03:25:00,1,51.047,-114.054,G11_09,staged
2025-11-24 03:25:00,2,50.939,-114.082,G05_08,staged
2025-11-24 03:25:00,3,51.101,-114.054,G14_09,staged
2025-11-24 03:25:00,4,51.065,-113.97,G12_12,staged
2025-11-24 03:25:00,5,51.137,-114.166,G16_05,staged
2025-11-24 03:25:00,6,50.903,-113.97,G03_12,staged
2025-11-24 03:25:00,7,50.993,-114.082,G08_08,staged
2025-11-24 03:25:00,8,51.137,-113.97,G16_12,staged
2025-11-24 03:25:00,9,51.011,-113.998,G09_11,staged
2025-11-24 03:25:00,10,51.047,-114.138,G11_06,staged
2025-11-24 03:30:00,1,51.047,-114.054,G11_09,staged
2025-11-24 03:30:00,2,50.939,-114.082,G05_08,staged
2025-11-24 03:30:00,3,51.101,-114.054,G14_09,staged
2025-11-24 03:30:00,4,51.065,-113.97,G12_12,staged
2025-11-24 03:30:00,5,51.137,-114.166,G16_05,staged
2025-11-24 03:30:00,6,50.903,-113.97,G03_12,staged
2025-11-24 03:30:00,7,50.993,-114.082,G08_08,staged
2025-11-24 03:30:00,8,51.137,-113.97,G16_12,staged
2025-11-24 03:30:00,9,51.011,-113.998,G09_11,staged
2025-11-24 03:30:00,10,51.047,-114.138,G11_06,staged
2025-11-24 03:35:00,1,51.047,-114.054,G11_09,staged
2025-11-24 03:35:00,2,50.939,-114.082,G05_08,staged
2025-11-24 03:35:00,3,51.101,-114.054,G14_09,staged
2025-11-24 03:35:00,4,51.065,-113.97,G12_12,staged
2025-11-24 03:35:00,5,51.137,-114.166,G16_05,staged
2025-11-24 03:35:00,6,50.903,-113.97,G03_12,staged
2025-11-24 03:35:00,7,50.993,-114.082,G08_08,staged
2025-11-24 03:35:00,8,51.137,-113.97,G16_12,staged
2025-11-24 03:35:00,9,51.011,-113.998,G09_11,staged
2025-11-24 03:35:00,10,51.047,-114.138,G11_06,staged
2025-11-24 03:40:00,1,51.047,-114.054,G11_09,staged
2025-11-24 03:40:00,2,50.939,-114.082,G05_08,staged
2025-11-24 03:40:00,3,51.101,-114.054,G14_09,staged
2025-11-24 03:40:00,4,51.065,-113.97,G12_12,staged
2025-11-24 03:40:00,5,51.137,-114.166,G16_05,staged
2025-11-24 03:40:00,6,50.903,-113.97,G03_12,staged
2025-11-24 03:40:00,7,50.993,-114.082,G08_08,staged
2025-11-24 03:40:00,8,51.137,-113.97,G16_12,staged
2025-11-24 03:40:00,9,51.011,-113.998,G09_11,staged
2025-11-24 03:40:00,10,51.047,-114.138,G11_06,staged
2025-11-24 03:45:00,1,51.047,-114.054,G11_09,staged
2025-11-24 03:45:00,2,50.939,-114.082,G05_08,staged
2025-11-24 03:45:00,3,51.101,-114.054,G14_09,staged
2025-11-24 03:45:00,4,51.065,-113.97,G12_12,staged
2025-11-24 03:45:00,5,51.137,-114.166,G16_05,staged
2025-11-24 03:45:00,6,50.903,-113.97,G03_12,staged
2025-11-24 03:45:00,7,50.993,-114.082,G08_08,staged
2025-11-24 03:45:00,8,51.137,-113.97,G16_12,staged
2025-11-24 03:45:00,9,51.011,-113.998,G09_11,staged
2025-11-24 03:45:00,10,51.047,-114.138,G11_06,staged
2025-11-24 03:50:00,1,51.047,-114.054,G11_09,staged
2025-11-24 03:50:00,2,50.939,-114.082,G05_08,staged
2025-11-24 03:50:00,3,51.101,-114.054,G14_09,staged
2025-11-24 03:50:00,4,51.065,-113.97,G12_12,staged
2025-11-24 03:50:00,5,51.137,-114.166,G16_05,staged
2025-11-24 03:50:00,6,50.903,-113.97,G03_12,staged
2025-11-24 03:50:00,7,50.993,-114.082,G08_08,staged
2025-11-24 03:50:00,8,51.137,-113.97,G16_12,staged
2025-11-24 03:50:00,9,51.011,-113.998,G09_11,staged
2025-11-24 03:50:00,10,51.047,-114.138,G11_06,staged
2025-11-24 03:55:00,1,51.047,-114.054,G11_09,staged
2025-11-24 03:55:00,2,50.939,-114.082,G05_08,staged
2025-11-24 03:55:00,3,51.101,-114.054,G14_09,staged
2025-11-24 03:55:00,4,51.065,-113.97,G12_12,staged
2025-11-24 03:55:00,5,51.137,-114.166,G16_05,staged
2025-11-24 03:55:00,6,50.903,-113.97,G03_12,staged
2025-11-24 03:55:00,7,50.993,-114.082,G08_08,staged
2025-11-24 03:55:00,8,51.137,-113.97,G16_12,staged
2025-11-24 03:55:00,9,51.011,-113.998,G09_11,staged
2025-11-24 03:55:00,10,51.047,-114.138,G11_06,staged
2025-11-24 04:00:00,1,51.047,-114.054,G11_09,staged
2025-11-24 04:00:00,2,50.939,-114.082,G05_08,staged
2025-11-24 04:00:00,3,51.101,-114.054,G14_09,staged
2025-11-24 04:00:00,4,51.065,-113.97,G12_12,staged
2025-11-24 04:00:00,5,51.137,-114.166,G16_05,staged
2025-11-24 04:00:00,6,50.903,-113.97,G03_12,staged
2025-11-24 04:00:00,7,50.993,-114.082,G08_08,staged
2025-11-24 04:00:00,8,51.137,-113.97,G16_12,staged
2025-11-24 04:00:00,9,51.011,-113.998,G09_11,staged
2025-11-24 04:00:00,10,51.047,-114.138,G11_06,staged
2025-11-24 04:05:00,1,51.047,-114.054,G11_09,staged
2025-11-24 04:05:00,2,50.939,-114.082,G05_08,staged
2025-11-24 04:05:00,3,51.101,-114.054,G14_09,staged
2025-11-24 04:05:00,4,51.065,-113.97,G12_12,staged
2025-11-24 04:05:00,5,51.137,-114.166,G16_05,staged
2025-11-24 04:05:00,6,50.903,-113.97,G03_12,staged
2025-11-24 04:05:00,7,50.993,-114.082,G08_08,staged
2025-11-24 04:05:00,8,51.137,-113.97,G16_12,staged
2025-11-24 04:05:00,9,51.011,-113.998,G09_11,staged
2025-11-24 04:05:00,10,51.047,-114.138,G11_06,staged
2025-11-24 04:10:00,1,51.047,-114.054,G11_09,staged
2025-11-24 04:10:00,2,50.939,-114.082,G05_08,staged
2025-11-24 04:10:00,3,51.101,-114.054,G14_09,staged
2025-11-24 04:10:00,4,51.065,-113.97,G12_12,staged
2025-11-24 04:10:00,5,51.137,-114.166,G16_05,staged
2025-11-24 04:10:00,6,50.903,-113.97,G03_12,staged
2025-11-24 04:10:00,7,50.993,-114.082,G08_08,staged
2025-11-24 04:10:00,8,51.137,-113.97,G16_12,staged
2025-11-24 04:10:00,9,51.011,-113.998,G09_11,staged
2025-11-24 04:10:00,10,51.047,-114.138,G11_06,staged
2025-11-24 04:15:00,1,51.047,-114.054,G11_09,staged
2025-11-24 04:15:00,2,50.939,-114.082,G05_08,staged
2025-11-24 04:15:00,3,51.101,-114.054,G14_09,staged
2025-11-24 04:15:00,4,51.065,-113.97,G12_12,staged
2025-11-24 04:15:00,5,51.137,-114.166,G16_05,staged
2025-11-24 04:15:00,6,50.903,-113.97,G03_12,staged
2025-11-24 04:15:00,7,50.993,-114.082,G08_08,staged
2025-11-24 04:15:00,8,51.137,-113.97,G16_12,staged
2025-11-24 04:15:00,9,51.011,-113.998,G09_11,staged
2025-11-24 04:15:00,10,51.047,-114.138,G11_06,staged
2025-11-24 04:20:00,1,51.047,-114.054,G11_09,staged
2025-11-24 04:20:00,2,50.939,-114.082,G05_08,staged
2025-11-24 04:20:00,3,51.101,-114.054,G14_09,staged
2025-11-24 04:20:00,4,51.065,-113.97,G12_12,staged
2025-11-24 04:20:00,5,51.137,-114.166,G16_05,staged
2025-11-24 04:20:00,6,50.903,-113.97,G03_12,staged
2025-11-24 04:20:00,7,50.993,-114.082,G08_08,staged
2025-11-24 04:20:00,8,51.137,-113.97,G16_12,staged
2025-11-24 04:20:00,9,51.011,-113.998,G09_11,staged
2025-11-24 04:20:00,10,51.047,-114.138,G11_06,staged
2025-11-24 04:25:00,1,51.047,-114.054,G11_09,staged
2025-11-24 04:25:00,2,50.939,-114.082,G05_08,staged
2025-11-24 04:25:00,3,51.101,-114.054,G14_09,staged
2025-11-24 04:25:00,4,51.065,-113.97,G12_12,staged
2025-11-24 04:25:00,5,51.137,-114.166,G16_05,staged
2025-11-24 04:25:00,6,50.903,-113.97,G03_12,staged
2025-11-24 04:25:00,7,50.993,-114.082,G08_08,staged
2025-11-24 04:25:00,8,51.137,-113.97,G16_12,staged
2025-11-24 04:25:00,9,51.011,-113.998,G09_11,staged
2025-11-24 04:25:00,10,51.047,-114.138,G11_06,staged
2025-11-24 04:30:00,1,51.047,-114.054,G11_09,staged
2025-11-24 04:30:00,2,50.939,-114.082,G05_08,staged
2025-11-24 04:30:00,3,51.101,-114.054,G14_09,staged
2025-11-24 04:30:00,4,51.065,-113.97,G12_12,staged
2025-11-24 04:30:00,5,51.137,-114.166,G16_05,staged
2025-11-24 04:30:00,6,50.903,-113.97,G03_12,staged
2025-11-24 04:30:00,7,50.993,-114.082,G08_08,staged
2025-11-24 04:30:00,8,51.137,-113.97,G16_12,staged
2025-11-24 04:30:00,9,51.011,-113.998,G09_11,staged
2025-11-24 04:30:00,10,51.047,-114.138,G11_06,staged
2025-11-24 04:35:00,1,51.047,-114.054,G11_09,staged
2025-11-24 04:35:00,2,50.939,-114.082,G05_08,staged
2025-11-24 04:35:00,3,51.101,-114.054,G14_09,staged
2025-11-24 04:35:00,4,51.065,-113.97,G12_12,staged
2025-11-24 04:35:00,5,51.137,-114.166,G16_05,staged
2025-11-24 04:35:00,6,50.903,-113.97,G03_12,staged
2025-11-24 04:35:00,7,50.993,-114.082,G08_08,staged
2025-11-24 04:35:00,8,51.15083,-113.97075,G17_12,responding
2025-11-24 04:35:00,9,51.011,-113.998,G09_11,staged
2025-11-24 04:35:00,10,51.047,-114.138,G11_06,staged
2025-11-24 04:40:00,1,51.047,-114.054,G11_09,staged
2025-11-24 04:40:00,2,50.939,-114.082,G05_08,staged
2025-11-24 04:40:00,3,51.101,-114.054,G14_09,staged
2025-11-24 04:40:00,4,51.065,-113.97,G12_12,staged
2025-11-24 04:40:00,5,51.137,-114.166,G16_05,staged
2025-11-24 04:40:00,6,50.903,-113.97,G03_12,staged
2025-11-24 04:40:00,7,50.993,-114.082,G08_08,staged
2025-11-24 04:40:00,8,51.16545,-113.97155,G18_12,on_scene
2025-11-24 04:40:00,9,51.011,-113.998,G09_11,staged
2025-11-24 04:40:00,10,51.047,-114.138,G11_06,staged
2025-11-24 04:45:00,1,51.047,-114.054,G11_09,staged
2025-11-24 04:45:00,2,50.939,-114.082,G05_08,staged
2025-11-24 04:45:00,3,51.101,-114.054,G14_09,staged
2025-11-24 04:45:00,4,51.065,-113.97,G12_12,staged
2025-11-24 04:45:00,5,51.137,-114.166,G16_05,staged
2025-11-24 04:45:00,6,50.903,-113.97,G03_12,staged
2025-11-24 04:45:00,7,50.993,-114.082,G08_08,staged
2025-11-24 04:45:00,8,51.16545,-113.97155,G18_12,on_scene
2025-11-24 04:45:00,9,51.011,-113.998,G09_11,staged
2025-11-24 04:45:00,10,51.047,-114.138,G11_06,staged
2025-11-24 04:50:00,1,51.047,-114.054,G11_09,staged
2025-11-24 04:50:00,2,50.939,-114.082,G05_08,staged
2025-11-24 04:50:00,3,51.101,-114.054,G14_09,staged
2025-11-24 04:50:00,4,51.065,-113.97,G12_12,staged
2025-11-24 04:50:00,5,51.137,-114.166,G16_05,staged
2025-11-24 04:50:00,6,50.903,-113.97,G03_12,staged
2025-11-24 04:50:00,7,50.993,-114.082,G08_08,staged
2025-11-24 04:50:00,8,51.16545,-113.97155,G18_12,on_scene
2025-11-24 04:50:00,9,51.011,-113.998,G09_11,staged
2025-11-24 04:50:00,10,51.047,-114.138,G11_06,staged
2025-11-24 04:55:00,1,51.047,-114.054,G11_09,staged
2025-11-24 04:55:00,2,50.939,-114.082,G05_08,staged
2025-11-24 04:55:00,3,51.101,-114.054,G14_09,staged
2025-11-24 04:55:00,4,51.065,-113.97,G12_12,staged
2025-11-24 04:55:00,5,51.137,-114.166,G16_05,staged
2025-11-24 04:55:00,6,50.903,-113.97,G03_12,staged
2025-11-24 04:55:00,7,50.993,-114.082,G08_08,staged
2025-11-24 04:55:00,8,51.16545,-113.97155,G18_12,on_scene
2025-11-24 04:55:00,9,51.011,-113.998,G09_11,staged
2025-11-24 04:55:00,10,51.047,-114.138,G11_06,staged
2025-11-24 05:00:00,1,51.047,-114.054,G11_09,staged
2025-11-24 05:00:00,2,50.939,-114.082,G05_08,staged
2025-11-24 05:00:00,3,51.101,-114.054,G14_09,staged
2025-11-24 05:00:00,4,51.065,-113.97,G12_12,staged
2025-11-24 05:00:00,5,51.137,-114.166,G16_05,staged
2025-11-24 05:00:00,6,50.903,-113.97,G03_12,staged
2025-11-24 05:00:00,7,50.993,-114.082,G08_08,staged
2025-11-24 05:00:00,8,51.16545,-113.97155,G18_12,on_scene
2025-11-24 05:00:00,9,51.011,-113.998,G09_11,staged
2025-11-24 05:00:00,10,51.047,-114.138,G11_06,staged
2025-11-24 05:05:00,1,51.047,-114.054,G11_09,staged
2025-11-24 05:05:00,2,50.939,-114.082,G05_08,staged
2025-11-24 05:05:00,3,51.101,-114.054,G14_09,staged
2025-11-24 05:05:00,4,51.065,-113.97,G12_12,staged
2025-11-24 05:05:00,5,51.137,-114.166,G16_05,staged
2025-11-24 05:05:00,6,50.903,-113.97,G03_12,staged
2025-11-24 05:05:00,7,50.993,-114.082,G08_08,staged
2025-11-24 05:05:00,8,51.16545,-113.97155,G18_12,on_scene
2025-11-24 05:05:00,9,51.011,-113.998,G09_11,staged
2025-11-24 05:05:00,10,51.047,-114.138,G11_06,staged
2025-11-24 05:10:00,1,51.047,-114.054,G11_09,staged
2025-11-24 05:10:00,2,50.939,-114.082,G05_08,staged
2025-11-24 05:10:00,3,51.101,-114.054,G14_09,staged
2025-11-24 05:10:00,4,51.065,-113.97,G12_12,staged
2025-11-24 05:10:00,5,51.137,-114.166,G16_05,staged
2025-11-24 05:10:00,6,50.903,-113.97,G03_12,staged
2025-11-24 05:10:00,7,50.993,-114.082,G08_08,staged
2025-11-24 05:10:00,8,51.15702,-113.97109,G17_12,returning
2025-11-24 05:10:00,9,51.011,-113.998,G09_11,staged
2025-11-24 05:10:00,10,51.047,-114.138,G11_06,staged
2025-11-24 05:15:00,1,51.047,-114.054,G11_09,staged
2025-11-24 05:15:00,2,50.939,-114.082,G05_08,staged
2025-11-24 05:15:00,3,51.101,-114.054,G14_09,staged
2025-11-24 05:15:00,4,51.065,-113.97,G12_12,staged
2025-11-24 05:15:00,5,51.137,-114.166,G16_05,staged
2025-11-24 05:15:00,6,50.903,-113.97,G03_12,staged
2025-11-24 05:15:00,7,50.993,-114.082,G08_08,staged
2025-11-24 05:15:00,8,51.137,-113.97,G16_12,staged
2025-11-24 05:15:00,9,51.011,-113.998,G09_11,staged
2025-11-24 05:15:00,10,51.047,-114.138,G11_06,staged
2025-11-24 05:20:00,1,51.047,-114.054,G11_09,staged
2025-11-24 05:20:00,2,50.939,-114.082,G05_08,staged
2025-11-24 05:20:00,3,51.101,-114.054,G14_09,staged
2025-11-24 05:20:00,4,51.065,-113.97,G12_12,staged
2025-11-24 05:20:00,5,51.137,-114.166,G16_05,staged
2025-11-24 05:20:00,6,50.903,-113.97,G03_12,staged
2025-11-24 05:20:00,7,50.993,-114.082,G08_08,staged
2025-11-24 05:20:00,8,51.137,-113.97,G16_12,staged
2025-11-24 05:20:00,9,51.011,-113.998,G09_11,staged
2025-11-24 05:20:00,10,51.047,-114.138,G11_06,staged
2025-11-24 05:25:00,1,51.047,-114.054,G11_09,staged
2025-11-24 05:25:00,2,50.939,-114.082,G05_08,staged
2025-11-24 05:25:00,3,51.101,-114.054,G14_09,staged
2025-11-24 05:25:00,4,51.065,-113.97,G12_12,staged
2025-11-24 05:25:00,5,51.137,-114.166,G16_05,staged
2025-11-24 05:25:00,6,50.903,-113.97,G03_12,staged
2025-11-24 05:25:00,7,50.993,-114.082,G08_08,staged
2025-11-24 05:25:00,8,51.137,-113.97,G16_12,staged
2025-11-24 05:25:00,9,51.011,-113.998,G09_11,staged
2025-11-24 05:25:00,10,51.047,-114.138,G11_06,staged
2025-11-24 05:30:00,1,51.047,-114.054,G11_09,staged
2025-11-24 05:30:00,2,50.939,-114.082,G05_08,staged
2025-11-24 05:30:00,3,51.101,-114.054,G14_09,staged
2025-11-24 05:30:00,4,51.065,-113.97,G12_12,staged
2025-11-24 05:30:00,5,51.137,-114.166,G16_05,staged
2025-11-24 05:30:00,6,50.903,-113.97,G03_12,staged
2025-11-24 05:30:00,7,50.993,-114.082,G08_08,staged
2025-11-24 05:30:00,8,51.137,-113.97,G16_12,staged
2025-11-24 05:30:00,9,51.011,-113.998,G09_11,staged
2025-11-24 05:30:00,10,51.047,-114.138,G11_06,staged
2025-11-24 05:35:00,1,51.047,-114.054,G11_09,staged
2025-11-24 05:35:00,2,50.939,-114.082,G05_08,staged
2025-11-24 05:35:00,3,51.101,-114.054,G14_09,staged
2025-11-24 05:35:00,4,51.065,-113.97,G12_12,staged
2025-11-24 05:35:00,5,51.137,-114.166,G16_05,staged
2025-11-24 05:35:00,6,50.903,-113.97,G03_12,staged
2025-11-24 05:35:00,7,50.993,-114.082,G08_08,staged
2025-11-24 05:35:00,8,51.137,-113.97,G16_12,staged
2025-11-24 05:35:00,9,51.011,-113.998,G09_11,staged
2025-11-24 05:35:00,10,51.047,-114.138,G11_06,staged
2025-11-24 05:40:00,1,51.047,-114.054,G11_09,staged
2025-11-24 05:40:00,2,50.939,-114.082,G05_08,staged
2025-11-24 05:40:00,3,51.101,-114.054,G14_09,staged
2025-11-24 05:40:00,4,51.065,-113.97,G12_12,staged
2025-11-24 05:40:00,5,51.137,-114.166,G16_05,staged
2025-11-24 05:40:00,6,50.903,-113.97,G03_12,staged
2025-11-24 05:40:00,7,50.993,-114.082,G08_08,staged
2025-11-24 05:40:00,8,51.137,-113.97,G16_12,staged
2025-11-24 05:40:00,9,51.011,-113.998,G09_11,staged
2025-11-24 05:40:00,10,51.047,-114.138,G11_06,staged
2025-11-24 05:45:00,1,51.047,-114.054,G11_09,staged
2025-11-24 05:45:00,2,50.939,-114.082,G05_08,staged
2025-11-24 05:45:00,3,51.101,-114.054,G14_09,staged
2025-11-24 05:45:00,4,51.065,-113.97,G12_12,staged
2025-11-24 05:45:00,5,51.137,-114.166,G16_05,staged
2025-11-24 05:45:00,6,50.903,-113.97,G03_12,staged
2025-11-24 05:45:00,7,50.993,-114.082,G08_08,staged
2025-11-24 05:45:00,8,51.137,-113.97,G16_12,staged
2025-11-24 05:45:00,9,51.011,-113.998,G09_11,staged
2025-11-24 05:45:00,10,51.047,-114.138,G11_06,staged
2025-11-24 05:50:00,1,51.047,-114.054,G11_09,staged
2025-11-24 05:50:00,2,50.939,-114.082,G05_08,staged
2025-11-24 05:50:00,3,51.101,-114.054,G14_09,staged
2025-11-24 05:50:00,4,51.065,-113.97,G12_12,staged
2025-11-24 05:50:00,5,51.137,-114.166,G16_05,staged
2025-11-24 05:50:00,6,50.903,-113.97,G03_12,staged
2025-11-24 05:50:00,7,50.993,-114.082,G08_08,staged
2025-11-24 05:50:00,8,51.137,-113.97,G16_12,staged
2025-11-24 05:50:00,9,51.011,-113.998,G09_11,staged
2025-11-24 05:50:00,10,51.047,-114.138,G11_06,staged
2025-11-24 05:55:00,1,51.047,-114.054,G11_09,staged
2025-11-24 05:55:00,2,50.939,-114.082,G05_08,staged
2025-11-24 05:55:00,3,51.101,-114.054,G14_09,staged
2025-11-24 05:55:00,4,51.065,-113.97,G12_12,staged
2025-11-24 05:55:00,5,51.137,-114.166,G16_05,staged
2025-11-24 05:55:00,6,50.903,-113.97,G03_12,staged
2025-11-24 05:55:00,7,50.993,-114.082,G08_08,staged
2025-11-24 05:55:00,8,51.137,-113.97,G16_12,staged
2025-11-24 05:55:00,9,51.011,-113.998,G09_11,staged
2025-11-24 05:55:00,10,51.047,-114.138,G11_06,staged
2025-11-24 06:00:00,1,51.047,-114.054,G11_09,staged
2025-11-24 06:00:00,2,50.939,-114.082,G05_08,staged
2025-11-24 06:00:00,3,51.101,-114.054,G14_09,staged
2025-11-24 06:00:00,4,51.065,-113.97,G12_12,staged
2025-11-24 06:00:00,5,51.137,-114.166,G16_05,staged
2025-11-24 06:00:00,6,50.903,-113.97,G03_12,staged
2025-11-24 06:00:00,7,50.993,-114.082,G08_08,staged
2025-11-24 06:00:00,8,51.137,-113.97,G16_12,staged
2025-11-24 06:00:00,9,51.011,-113.998,G09_11,staged
2025-11-24 06:00:00,10,51.047,-114.138,G11_06,staged
2025-11-24 06:05:00,1,51.047,-114.054,G11_09,staged
2025-11-24 06:05:00,2,50.939,-114.082,G05_08,staged
2025-11-24 06:05:00,3,51.101,-114.054,G14_09,staged
2025-11-24 06:05:00,4,51.065,-113.97,G12_12,staged
2025-11-24 06:05:00,5,51.137,-114.166,G16_05,staged
2025-11-24 06:05:00,6,50.903,-113.97,G03_12,staged
2025-11-24 06:05:00,7,50.993,-114.082,G08_08,staged
2025-11-24 06:05:00,8,51.137,-113.97,G16_12,staged
2025-11-24 06:05:00,9,51.011,-113.998,G09_11,staged
2025-11-24 06:05:00,10,51.047,-114.138,G11_06,staged
2025-11-24 06:10:00,1,51.047,-114.054,G11_09,staged
2025-11-24 06:10:00,2,50.939,-114.082,G05_08,staged
2025-11-24 06:10:00,3,51.101,-114.054,G14_09,staged
2025-11-24 06:10:00,4,51.065,-113.97,G12_12,staged
2025-11-24 06:10:00,5,51.137,-114.166,G16_05,staged
2025-11-24 06:10:00,6,50.903,-113.97,G03_12,staged
2025-11-24 06:10:00,7,50.993,-114.082,G08_08,staged
2025-11-24 06:10:00,8,51.137,-113.97,G16_12,staged
2025-11-24 06:10:00,9,51.011,-113.998,G09_11,staged
2025-11-24 06:10:00,10,51.047,-114.138,G11_06,staged
2025-11-24 06:15:00,1,51.047,-114.054,G11_09,staged
2025-11-24 06:15:00,2,50.939,-114.082,G05_08,staged
2025-11-24 06:15:00,3,51.101,-114.054,G14_09,staged
2025-11-24 06:15:00,4,51.065,-113.97,G12_12,staged
2025-11-24 06:15:00,5,51.13119,-114.17741,G16_05,responding
2025-11-24 06:15:00,6,50.903,-113.97,G03_12,staged
2025-11-24 06:15:00,7,50.993,-114.082,G08_08,staged
2025-11-24 06:15:00,8,51.137,-113.97,G16_12,staged
2025-11-24 06:15:00,9,51.011,-113.998,G09_11,staged
2025-11-24 06:15:00,10,51.047,-114.138,G11_06,staged
2025-11-24 06:20:00,1,51.047,-114.054,G11_09,staged
2025-11-24 06:20:00,2,50.939,-114.082,G05_08,staged
2025-11-24 06:20:00,3,51.101,-114.054,G14_09,staged
2025-11-24 06:20:00,4,51.065,-113.97,G12_12,staged
2025-11-24 06:20:00,5,51.11666,-114.20594,G15_04,responding
2025-11-24 06:20:00,6,50.903,-113.97,G03_12,staged
2025-11-24 06:20:00,7,50.99864,-114.10991,G08_07,responding
2025-11-24 06:20:00,8,51.137,-113.97,G16_12,staged
2025-11-24 06:20:00,9,51.011,-113.998,G09_11,staged
2025-11-24 06:20:00,10,51.047,-114.138,G11_06,staged
2025-11-24 06:25:00,1,51.047,-114.054,G11_09,staged
2025-11-24 06:25:00,2,50.939,-114.082,G05_08,staged
2025-11-24 06:25:00,3,51.101,-114.054,G14_09,staged
2025-11-24 06:25:00,4,51.065,-113.97,G12_12,staged
2025-11-24 06:25:00,5,51.10214,-114.23446,G14_03,responding
2025-11-24 06:25:00,6,50.903,-113.97,G03_12,staged
2025-11-24 06:25:00,7,51.00022,-114.11773,G08_07,on_scene
2025-11-24 06:25:00,8,51.137,-113.97,G16_12,staged
2025-11-24 06:25:00,9,51.011,-113.998,G09_11,staged
2025-11-24 06:25:00,10,51.047,-114.138,G11_06,staged
2025-11-24 06:30:00,1,51.047,-114.054,G11_09,staged
2025-11-24 06:30:00,2,50.94161,-114.06969,G05_08,on_scene
2025-11-24 06:30:00,3,51.101,-114.054,G14_09,staged
2025-11-24 06:30:00,4,51.0688,-113.97415,G12_12,responding
2025-11-24 06:30:00,5,51.0885,-114.26123,G13_02,on_scene
2025-11-24 06:30:00,6,50.903,-113.97,G03_12,staged
2025-11-24 06:30:00,7,51.00022,-114.11773,G08_07,on_scene
2025-11-24 06:30:00,8,51.137,-113.97,G16_12,staged
2025-11-24 06:30:00,9,51.011,-113.998,G09_11,staged
2025-11-24 06:30:00,10,51.047,-114.138,G11_06,staged
2025-11-24 06:35:00,1,51.0491,-114.05539,G11_09,on_scene
2025-11-24 06:35:00,2,50.94161,-114.06969,G05_08,on_scene
2025-11-24 06:35:00,3,51.101,-114.054,G14_09,staged
2025-11-24 06:35:00,4,51.076,-113.98202,G13_12,on_scene
2025-11-24 06:35:00,5,51.0885,-114.26123,G13_02,on_scene
2025-11-24 06:35:00,6,50.903,-113.97,G03_12,staged
2025-11-24 06:35:00,7,51.00022,-114.11773,G08_07,on_scene
2025-11-24 06:35:00,8,51.137,-113.97,G16_12,staged
2025-11-24 06:35:00,9,51.011,-113.998,G09_11,staged
2025-11-24 06:35:00,10,51.047,-114.138,G11_06,staged
2025-11-24 06:40:00,1,51.0491,-114.05539,G11_09,on_scene
2025-11-24 06:40:00,2,50.94161,-114.06969,G05_08,on_scene
2025-11-24 06:40:00,3,51.101,-114.054,G14_09,staged
2025-11-24 06:40:00,4,51.076,-113.98202,G13_12,on_scene
2025-11-24 06:40:00,5,51.0885,-114.26123,G13_02,on_scene
2025-11-24 06:40:00,6,50.903,-113.97,G03_12,staged
2025-11-24 06:40:00,7,51.00022,-114.11773,G08_07,on_scene
2025-11-24 06:40:00,8,51.137,-113.97,G16_12,staged
2025-11-24 06:40:00,9,51.011,-113.998,G09_11,staged
2025-11-24 06:40:00,10,51.047,-114.138,G11_06,staged
2025-11-24 06:45:00,1,51.0491,-114.05539,G11_09,on_scene
2025-11-24 06:45:00,2,50.94161,-114.06969,G05_08,on_scene
2025-11-24 06:45:00,3,51.101,-114.054,G14_09,staged
2025-11-24 06:45:00,4,51.076,-113.98202,G13_12,on_scene
2025-11-24 06:45:00,5,51.0885,-114.26123,G13_02,on_scene
2025-11-24 06:45:00,6,50.903,-113.97,G03_12,staged
2025-11-24 06:45:00,7,51.00022,-114.11773,G08_07,on_scene
2025-11-24 06:45:00,8,51.137,-113.97,G16_12,staged
2025-11-24 06:45:00,9,51.011,-113.998,G09_11,staged
2025-11-24 06:45:00,10,51.047,-114.138,G11_06,staged
2025-11-24 06:50:00,1,51.0491,-114.05539,G11_09,on_scene
2025-11-24 06:50:00,2,50.94161,-114.06969,G05_08,on_scene
2025-11-24 06:50:00,3,51.101,-114.054,G14_09,staged
2025-11-24 06:50:00,4,51.076,-113.98202,G13_12,on_scene
2025-11-24 06:50:00,5,51.0885,-114.26123,G13_02,on_scene
2025-11-24 06:50:00,6,50.903,-113.97,G03_12,staged
2025-11-24 06:50:00,7,51.00022,-114.11773,G08_07,on_scene
2025-11-24 06:50:00,8,51.137,-113.97,G16_12,staged
2025-11-24 06:50:00,9,51.011,-113.998,G09_11,staged
2025-11-24 06:50:00,10,51.03938,-114.16271,G11_05,on_scene
2025-11-24 06:55:00,1,51.0491,-114.05539,G11_09,on_scene
2025-11-24 06:55:00,2,50.94161,-114.06969,G05_08,on_scene
2025-11-24 06:55:00,3,51.101,-114.054,G14_09,staged
2025-11-24 06:55:00,4,51.076,-113.98202,G13_12,on_scene
2025-11-24 06:55:00,5,51.0885,-114.26123,G13_02,on_scene
2025-11-24 06:55:00,6,50.903,-113.97,G03_12,staged
2025-11-24 06:55:00,7,50.99475,-114.09066,G08_08,responding
2025-11-24 06:55:00,8,51.137,-113.97,G16_12,staged
2025-11-24 06:55:00,9,51.011,-113.998,G09_11,staged
2025-11-24 06:55:00,10,51.03938,-114.16271,G11_05,on_scene
2025-11-24 07:00:00,1,51.0491,-114.05539,G11_09,on_scene
2025-11-24 07:00:00,2,50.93932,-114.06149,G05_09,responding
2025-11-24 07:00:00,3,51.101,-114.054,G14_09,staged
2025-11-24 07:00:00,4,51.076,-113.98202,G13_12,on_scene
2025-11-24 07:00:00,5,51.0894,-114.25948,G13_02,returning
2025-11-24 07:00:00,6,50.903,-113.97,G03_12,staged
2025-11-24 07:00:00,7,50.99429,-114.09229,G08_08,on_scene
2025-11-24 07:00:00,8,51.137,-113.97,G16_12,staged
2025-11-24 07:00:00,9,51.011,-113.998,G09_11,staged
2025-11-24 07:00:00,10,51.03938,-114.16271,G11_05,on_scene
2025-11-24 07:05:00,1,51.047,-114.054,G11_09,staged
2025-11-24 07:05:00,2,50.93115,-114.03225,G05_10,on_scene
2025-11-24 07:05:00,3,51.101,-114.054,G14_09,staged
2025-11-24 07:05:00,4,51.065,-113.97,G12_12,staged
2025-11-24 07:05:00,5,51.10392,-114.23095,G14_03,returning
2025-11-24 07:05:00,6,50.903,-113.97,G03_12,staged
2025-11-24 07:05:00,7,50.99429,-114.09229,G08_08,on_scene
2025-11-24 07:05:00,8,51.15463,-113.97865,G17_12,responding
2025-11-24 07:05:00,9,51.011,-113.998,G09_11,staged
2025-11-24 07:05:00,10,51.03938,-114.16271,G11_05,on_scene
2025-11-24 07:10:00,1,51.047,-114.054,G11_09,staged
2025-11-24 07:10:00,2,50.93115,-114.03225,G05_10,on_scene
2025-11-24 07:10:00,3,51.101,-114.054,G14_09,staged
2025-11-24 07:10:00,4,51.06923,-113.96708,G12_12,responding
2025-11-24 07:10:00,5,51.11845,-114.20242,G15_04,returning
2025-11-24 07:10:00,6,50.903,-113.97,G03_12,staged
2025-11-24 07:10:00,7,50.99429,-114.09229,G08_08,on_scene
2025-11-24 07:10:00,8,51.17525,-113.98876,G18_11,on_scene
2025-11-24 07:10:00,9,51.011,-113.998,G09_11,staged
2025-11-24 07:10:00,10,51.03938,-114.16271,G11_05,on_scene
2025-11-24 07:15:00,1,51.047,-114.054,G11_09,staged
2025-11-24 07:15:00,2,50.93115,-114.03225,G05_10,on_scene
2025-11-24 07:15:00,3,51.101,-114.054,G14_09,staged
2025-11-24 07:15:00,4,51.09039,-113.95248,G13_13,responding
2025-11-24 07:15:00,5,51.13298,-114.1739,G16_05,returning
2025-11-24 07:15:00,6,50.903,-113.97,G03_12,staged
2025-11-24 07:15:00,7,50.99429,-114.09229,G08_08,on_scene
2025-11-24 07:15:00,8,51.17525,-113.98876,G18_11,on_scene
2025-11-24 07:15:00,9,51.011,-113.998,G09_11,staged
2025-11-24 07:15:00,10,51.03938,-114.16271,G11_05,on_scene
2025-11-24 07:20:00,1,51.047,-114.054,G11_09,staged
2025-11-24 07:20:00,2,50.93115,-114.03225,G05_10,on_scene
2025-11-24 07:20:00,3,51.101,-114.054,G14_09,staged
2025-11-24 07:20:00,4,51.11155,-113.93789,G15_13,responding
2025-11-24 07:20:00,5,51.137,-114.166,G16_05,staged
2025-11-24 07:20:00,6,50.903,-113.97,G03_12,staged
2025-11-24 07:20:00,7,50.99429,-114.09229,G08_08,on_scene
2025-11-24 07:20:00,8,51.17525,-113.98876,G18_11,on_scene
2025-11-24 07:20:00,9,51.011,-113.998,G09_11,staged
2025-11-24 07:20:00,10,51.03988,-114.16109,G11_05,returning
2025-11-24 07:25:00,1,51.047,-114.054,G11_09,staged
2025-11-24 07:25:00,2,50.93115,-114.03225,G05_10,on_scene
2025-11-24 07:25:00,3,51.101,-114.054,G14_09,staged
2025-11-24 07:25:00,4,51.13271,-113.92329,G16_14,responding
2025-11-24 07:25:00,5,51.137,-114.166,G16_05,responding
2025-11-24 07:25:00,6,50.903,-113.97,G03_12,staged
2025-11-24 07:25:00,7,50.99429,-114.09229,G08_08,on_scene
2025-11-24 07:25:00,8,51.17525,-113.98876,G18_11,on_scene
2025-11-24 07:25:00,9,51.011,-113.998,G09_11,staged
2025-11-24 07:25:00,10,51.047,-114.138,G11_06,staged
2025-11-24 07:30:00,1,51.047,-114.054,G11_09,staged
2025-11-24 07:30:00,2,50.93115,-114.03225,G05_10,on_scene
2025-11-24 07:30:00,3,51.101,-114.054,G14_09,staged
2025-11-24 07:30:00,4,51.13645,-113.92071,G16_14,on_scene
2025-11-24 07:30:00,5,51.11841,-114.14427,G15_06,responding
2025-11-24 07:30:00,6,50.903,-113.97,G03_12,staged
2025-11-24 07:30:00,7,50.993,-114.082,G08_08,staged
2025-11-24 07:30:00,8,51.17525,-113.98876,G18_11,on_scene
2025-11-24 07:30:00,9,51.011,-113.998,G09_11,staged
2025-11-24 07:30:00,10,51.047,-114.138,G11_06,staged
2025-11-24 07:35:00,1,51.047,-114.054,G11_09,staged
2025-11-24 07:35:00,2,50.93186,-114.03672,G05_10,returning
2025-11-24 07:35:00,3,51.10821,-114.06317,G14_09,responding
2025-11-24 07:35:00,4,51.13645,-113.92071,G16_14,on_scene
2025-11-24 07:35:00,5,51.10196,-114.12506,G14_06,on_scene
2025-11-24 07:35:00,6,50.903,-113.97,G03_12,staged
2025-11-24 07:35:00,7,50.993,-114.082,G08_08,staged
2025-11-24 07:35:00,8,51.17525,-113.98876,G18_11,on_scene
2025-11-24 07:35:00,9,51.011,-113.998,G09_11,staged
2025-11-24 07:35:00,10,51.047,-114.138,G11_06,staged
2025-11-24 07:40:00,1,51.047,-114.054,G11_09,staged
2025-11-24 07:40:00,2,50.93746,-114.07221,G05_08,returning
2025-11-24 07:40:00,3,51.12623,-114.08609,G15_08,responding
2025-11-24 07:40:00,4,51.13645,-113.92071,G16_14,on_scene
2025-11-24 07:40:00,5,51.10196,-114.12506,G14_06,on_scene
2025-11-24 07:40:00,6,50.903,-113.97,G03_12,staged
2025-11-24 07:40:00,7,50.993,-114.082,G08_08,staged
2025-11-24 07:40:00,8,51.17382,-113.98806,G18_11,returning
2025-11-24 07:40:00,9,51.011,-113.998,G09_11,staged
2025-11-24 07:40:00,10,51.047,-114.138,G11_06,staged
2025-11-24 07:45:00,1,51.047,-114.054,G11_09,staged
2025-11-24 07:45:00,2,50.939,-114.082,G05_08,staged
2025-11-24 07:45:00,3,51.14426,-114.10901,G16_07,responding
2025-11-24 07:45:00,4,51.13645,-113.92071,G16_14,on_scene
2025-11-24 07:45:00,5,51.10196,-114.12506,G14_06,on_scene
2025-11-24 07:45:00,6,50.903,-113.97,G03_12,staged
2025-11-24 07:45:00,7,50.993,-114.082,G08_08,staged
2025-11-24 07:45:00,8,51.15178,-113.97725,G17_12,returning
2025-11-24 07:45:00,9,51.011,-113.998,G09_11,staged
2025-11-24 07:45:00,10,51.047,-114.138,G11_06,staged
2025-11-24 07:50:00,1,51.047,-114.054,G11_09,staged
2025-11-24 07:50:00,2,50.939,-114.082,G05_08,staged
2025-11-24 07:50:00,3,51.16228,-114.13193,G17_06,responding
2025-11-24 07:50:00,4,51.13645,-113.92071,G16_14,on_scene
2025-11-24 07:50:00,5,51.10196,-114.12506,G14_06,on_scene
2025-11-24 07:50:00,6,50.903,-113.97,G03_12,staged
2025-11-24 07:50:00,7,51.00218,-114.08057,G09_08,responding
2025-11-24 07:50:00,8,51.137,-113.97,G16_12,staged
2025-11-24 07:50:00,9,51.011,-113.998,G09_11,staged
2025-11-24 07:50:00,10,51.047,-114.138,G11_06,staged
2025-11-24 07:55:00,1,51.047,-114.054,G11_09,staged
2025-11-24 07:55:00,2,50.939,-114.082,G05_08,staged
2025-11-24 07:55:00,3,51.16813,-114.13938,G18_06,on_scene
2025-11-24 07:55:00,4,51.13645,-113.92071,G16_14,on_scene
2025-11-24 07:55:00,5,51.10196,-114.12506,G14_06,on_scene
2025-11-24 07:55:00,6,50.903,-113.97,G03_12,staged
2025-11-24 07:55:00,7,51.01688,-114.07828,G09_08,on_scene
2025-11-24 07:55:00,8,51.137,-113.97,G16_12,staged
2025-11-24 07:55:00,9,51.011,-113.998,G09_11,staged
2025-11-24 07:55:00,10,51.047,-114.138,G11_06,staged
2025-11-24 08:00:00,1,51.047,-114.054,G11_09,staged
2025-11-24 08:00:00,2,50.939,-114.082,G05_08,staged
2025-11-24 08:00:00,3,51.16813,-114.13938,G18_06,on_scene
2025-11-24 08:00:00,4,51.11902,-113.93273,G15_13,returning
2025-11-24 08:00:00,5,51.10196,-114.12506,G14_06,on_scene
2025-11-24 08:00:00,6,50.903,-113.97,G03_12,staged
2025-11-24 08:00:00,7,51.01688,-114.07828,G09_08,on_scene
2025-11-24 08:00:00,8,51.137,-113.97,G16_12,staged
2025-11-24 08:00:00,9,51.011,-113.998,G09_11,staged
2025-11-24 08:00:00,10,51.047,-114.138,G11_06,staged
2025-11-24 08:05:00,1,51.047,-114.054,G11_09,staged
2025-11-24 08:05:00,2,50.939,-114.082,G05_08,staged
2025-11-24 08:05:00,3,51.16813,-114.13938,G18_06,on_scene
2025-11-24 08:05:00,4,51.09786,-113.94733,G14_13,returning
2025-11-24 08:05:00,5,51.10411,-114.12757,G14_06,returning
2025-11-24 08:05:00,6,50.903,-113.97,G03_12,staged
2025-11-24 08:05:00,7,51.01688,-114.07828,G09_08,on_scene
2025-11-24 08:05:00,8,51.137,-113.97,G16_12,staged
2025-11-24 08:05:00,9,51.011,-113.998,G09_11,staged
2025-11-24 08:05:00,10,51.047,-114.138,G11_06,staged
2025-11-24 08:10:00,1,51.047,-114.054,G11_09,staged
2025-11-24 08:10:00,2,50.939,-114.082,G05_08,staged
2025-11-24 08:10:00,3,51.16813,-114.13938,G18_06,on_scene
2025-11-24 08:10:00,4,51.0767,-113.96192,G13_12,returning
2025-11-24 08:10:00,5,51.1227,-114.14929,G15_06,returning
2025-11-24 08:10:00,6,50.903,-113.97,G03_12,staged
2025-11-24 08:10:00,7,51.01688,-114.07828,G09_08,on_scene
2025-11-24 08:10:00,8,51.137,-113.97,G16_12,staged
2025-11-24 08:10:00,9,51.011,-113.998,G09_11,staged
2025-11-24 08:10:00,10,51.047,-114.138,G11_06,staged
2025-11-24 08:15:00,1,51.047,-114.054,G11_09,staged
2025-11-24 08:15:00,2,50.939,-114.082,G05_08,staged
2025-11-24 08:15:00,3,51.16813,-114.13938,G18_06,on_scene
2025-11-24 08:15:00,4,51.065,-113.97,G12_12,staged
2025-11-24 08:15:00,5,51.137,-114.166,G16_05,staged
2025-11-24 08:15:00,6,50.903,-113.97,G03_12,staged
2025-11-24 08:15:00,7,51.01688,-114.07828,G09_08,on_scene
2025-11-24 08:15:00,8,51.137,-113.97,G16_12,staged
2025-11-24 08:15:00,9,51.011,-113.998,G09_11,staged
2025-11-24 08:15:00,10,51.047,-114.138,G11_06,staged
2025-11-24 08:20:00,1,51.047,-114.054,G11_09,staged
2025-11-24 08:20:00,2,50.939,-114.082,G05_08,staged
2025-11-24 08:20:00,3,51.16813,-114.13938,G18_06,on_scene
2025-11-24 08:20:00,4,51.065,-113.97,G12_12,staged
2025-11-24 08:20:00,5,51.137,-114.166,G16_05,staged
2025-11-24 08:20:00,6,50.903,-113.97,G03_12,staged
2025-11-24 08:20:00,7,51.01688,-114.07828,G09_08,on_scene
2025-11-24 08:20:00,8,51.137,-113.97,G16_12,staged
2025-11-24 08:20:00,9,51.011,-113.998,G09_11,staged
2025-11-24 08:20:00,10,51.047,-114.138,G11_06,staged
2025-11-24 08:25:00,1,51.047,-114.054,G11_09,staged
2025-11-24 08:25:00,2,50.939,-114.082,G05_08,staged
2025-11-24 08:25:00,3,51.15596,-114.1239,G17_07,returning
2025-11-24 08:25:00,4,51.065,-113.97,G12_12,staged
2025-11-24 08:25:00,5,51.137,-114.166,G16_05,staged
2025-11-24 08:25:00,6,50.903,-113.97,G03_12,staged
2025-11-24 08:25:00,7,51.00864,-114.07957,G09_08,returning
2025-11-24 08:25:00,8,51.137,-113.97,G16_12,staged
2025-11-24 08:25:00,9,51.011,-113.998,G09_11,staged
2025-11-24 08:25:00,10,51.047,-114.138,G11_06,staged
2025-11-24 08:30:00,1,51.047,-114.054,G11_09,staged
2025-11-24 08:30:00,2,50.939,-114.082,G05_08,staged
2025-11-24 08:30:00,3,51.13794,-114.10097,G16_07,returning
2025-11-24 08:30:00,4,51.065,-113.97,G12_12,staged
2025-11-24 08:30:00,5,51.137,-114.166,G16_05,staged
2025-11-24 08:30:00,6,50.903,-113.97,G03_12,staged
2025-11-24 08:30:00,7,50.993,-114.082,G08_08,staged
2025-11-24 08:30:00,8,51.137,-113.97,G16_12,staged
2025-11-24 08:30:00,9,51.011,-113.998,G09_11,staged
2025-11-24 08:30:00,10,51.047,-114.138,G11_06,staged
2025-11-24 08:35:00,1,51.047,-114.054,G11_09,staged
2025-11-24 08:35:00,2,50.939,-114.082,G05_08,staged
2025-11-24 08:35:00,3,51.11991,-114.07805,G15_08,returning
2025-11-24 08:35:00,4,51.065,-113.97,G12_12,staged
2025-11-24 08:35:00,5,51.137,-114.166,G16_05,staged
2025-11-24 08:35:00,6,50.903,-113.97,G03_12,staged
2025-11-24 08:35:00,7,50.993,-114.082,G08_08,staged
2025-11-24 08:35:00,8,51.137,-113.97,G16_12,staged
2025-11-24 08:35:00,9,51.011,-113.998,G09_11,staged
2025-11-24 08:35:00,10,51.047,-114.138,G11_06,staged
2025-11-24 08:40:00,1,51.03799,-114.05713,G10_09,responding
2025-11-24 08:40:00,2,50.939,-114.082,G05_08,staged
2025-11-24 08:40:00,3,51.10189,-114.05513,G14_09,returning
2025-11-24 08:40:00,4,51.065,-113.97,G12_12,staged
2025-11-24 08:40:00,5,51.137,-114.166,G16_05,staged
2025-11-24 08:40:00,6,50.903,-113.97,G03_12,staged
2025-11-24 08:40:00,7,50.993,-114.082,G08_08,staged
2025-11-24 08:40:00,8,51.137,-113.97,G16_12,staged
2025-11-24 08:40:00,9,51.011,-113.998,G09_11,staged
2025-11-24 08:40:00,10,51.047,-114.138,G11_06,staged
2025-11-24 08:45:00,1,51.03052,-114.05973,G10_09,on_scene
2025-11-24 08:45:00,2,50.939,-114.082,G05_08,staged
2025-11-24 08:45:00,3,51.101,-114.054,G14_09,staged
2025-11-24 08:45:00,4,51.065,-113.97,G12_12,staged
2025-11-24 08:45:00,5,51.137,-114.166,G16_05,staged
2025-11-24 08:45:00,6,50.903,-113.97,G03_12,staged
2025-11-24 08:45:00,7,50.993,-114.082,G08_08,staged
2025-11-24 08:45:00,8,51.137,-113.97,G16_12,staged
2025-11-24 08:45:00,9,51.011,-113.998,G09_11,staged
2025-11-24 08:45:00,10,51.047,-114.138,G11_06,staged
2025-11-24 08:50:00,1,51.03052,-114.05973,G10_09,on_scene
2025-11-24 08:50:00,2,50.939,-114.082,G05_08,staged
2025-11-24 08:50:00,3,51.101,-114.054,G14_09,staged
2025-11-24 08:50:00,4,51.065,-113.97,G12_12,staged
2025-11-24 08:50:00,5,51.137,-114.166,G16_05,staged
2025-11-24 08:50:00,6,50.903,-113.97,G03_12,staged
2025-11-24 08:50:00,7,50.993,-114.082,G08_08,staged
2025-11-24 08:50:00,8,51.137,-113.97,G16_12,staged
2025-11-24 08:50:00,9,51.011,-113.998,G09_11,staged
2025-11-24 08:50:00,10,51.047,-114.138,G11_06,staged
2025-11-24 08:55:00,1,51.03052,-114.05973,G10_09,on_scene
2025-11-24 08:55:00,2,50.939,-114.082,G05_08,staged
2025-11-24 08:55:00,3,51.101,-114.054,G14_09,staged
2025-11-24 08:55:00,4,51.065,-113.97,G12_12,staged
2025-11-24 08:55:00,5,51.137,-114.166,G16_05,staged
2025-11-24 08:55:00,6,50.903,-113.97,G03_12,staged
2025-11-24 08:55:00,7,50.993,-114.082,G08_08,staged
2025-11-24 08:55:00,8,51.137,-113.97,G16_12,staged
2025-11-24 08:55:00,9,51.011,-113.998,G09_11,staged
2025-11-24 08:55:00,10,51.047,-114.138,G11_06,staged
2025-11-24 09:00:00,1,51.03052,-114.05973,G10_09,on_scene
2025-11-24 09:00:00,2,50.939,-114.082,G05_08,staged
2025-11-24 09:00:00,3,51.101,-114.054,G14_09,staged
2025-11-24 09:00:00,4,51.065,-113.97,G12_12,staged
2025-11-24 09:00:00,5,51.137,-114.166,G16_05,staged
2025-11-24 09:00:00,6,50.903,-113.97,G03_12,staged
2025-11-24 09:00:00,7,50.993,-114.082,G08_08,staged
2025-11-24 09:00:00,8,51.137,-113.97,G16_12,staged
2025-11-24 09:00:00,9,51.00887,-114.01973,G09_10,responding
2025-11-24 09:00:00,10,51.047,-114.138,G11_06,staged
2025-11-24 09:05:00,1,51.03052,-114.05973,G10_09,on_scene
2025-11-24 09:05:00,2,50.939,-114.082,G05_08,staged
2025-11-24 09:05:00,3,51.101,-114.054,G14_09,staged
2025-11-24 09:05:00,4,51.065,-113.97,G12_12,staged
2025-11-24 09:05:00,5,51.137,-114.166,G16_05,staged
2025-11-24 09:05:00,6,50.903,-113.97,G03_12,staged
2025-11-24 09:05:00,7,50.993,-114.082,G08_08,staged
2025-11-24 09:05:00,8,51.137,-113.97,G16_12,staged
2025-11-24 09:05:00,9,51.00838,-114.02472,G09_10,on_scene
2025-11-24 09:05:00,10,51.05332,-114.16557,G11_05,responding
2025-11-24 09:10:00,1,51.03052,-114.05973,G10_09,on_scene
2025-11-24 09:10:00,2,50.939,-114.082,G05_08,staged
2025-11-24 09:10:00,3,51.101,-114.054,G14_09,staged
2025-11-24 09:10:00,4,51.065,-113.97,G12_12,staged
2025-11-24 09:10:00,5,51.137,-114.166,G16_05,staged
2025-11-24 09:10:00,6,50.903,-113.97,G03_12,staged
2025-11-24 09:10:00,7,50.993,-114.082,G08_08,staged
2025-11-24 09:10:00,8,51.137,-113.97,G16_12,staged
2025-11-24 09:10:00,9,51.00838,-114.02472,G09_10,on_scene
2025-11-24 09:10:00,10,51.06122,-114.20004,G12_04,responding
2025-11-24 09:15:00,1,51.04558,-114.05449,G11_09,returning
2025-11-24 09:15:00,2,50.939,-114.082,G05_08,staged
2025-11-24 09:15:00,3,51.101,-114.054,G14_09,staged
2025-11-24 09:15:00,4,51.065,-113.97,G12_12,staged
2025-11-24 09:15:00,5,51.137,-114.166,G16_05,staged
2025-11-24 09:15:00,6,50.903,-113.97,G03_12,staged
2025-11-24 09:15:00,7,50.993,-114.082,G08_08,staged
2025-11-24 09:15:00,8,51.137,-113.97,G16_12,staged
2025-11-24 09:15:00,9,51.00838,-114.02472,G09_10,on_scene
2025-11-24 09:15:00,10,51.06705,-114.2255,G12_03,on_scene
2025-11-24 09:20:00,1,51.047,-114.054,G11_09,staged
2025-11-24 09:20:00,2,50.939,-114.082,G05_08,staged
2025-11-24 09:20:00,3,51.101,-114.054,G14_09,staged
2025-11-24 09:20:00,4,51.065,-113.97,G12_12,staged
2025-11-24 09:20:00,5,51.137,-114.166,G16_05,staged
2025-11-24 09:20:00,6,50.903,-113.97,G03_12,staged
2025-11-24 09:20:00,7,50.993,-114.082,G08_08,staged
2025-11-24 09:20:00,8,51.137,-113.97,G16_12,staged
2025-11-24 09:20:00,9,51.00838,-114.02472,G09_10,on_scene
2025-11-24 09:20:00,10,51.06705,-114.2255,G12_03,on_scene
2025-11-24 09:25:00,1,51.047,-114.054,G11_09,staged
2025-11-24 09:25:00,2,50.939,-114.082,G05_08,staged
2025-11-24 09:25:00,3,51.101,-114.054,G14_09,staged
2025-11-24 09:25:00,4,51.065,-113.97,G12_12,staged
2025-11-24 09:25:00,5,51.137,-114.166,G16_05,staged
2025-11-24 09:25:00,6,50.903,-113.97,G03_12,staged
2025-11-24 09:25:00,7,50.993,-114.082,G08_08,staged
2025-11-24 09:25:00,8,51.137,-113.97,G16_12,staged
2025-11-24 09:25:00,9,51.00838,-114.02472,G09_10,on_scene
2025-11-24 09:25:00,10,51.06705,-114.2255,G12_03,on_scene
2025-11-24 09:30:00,1,51.047,-114.054,G11_09,staged
2025-11-24 09:30:00,2,50.939,-114.082,G05_08,staged
2025-11-24 09:30:00,3,51.101,-114.054,G14_09,staged
2025-11-24 09:30:00,4,51.065,-113.97,G12_12,staged
2025-11-24 09:30:00,5,51.137,-114.166,G16_05,staged
2025-11-24 09:30:00,6,50.903,-113.97,G03_12,staged
2025-11-24 09:30:00,7,50.993,-114.082,G08_08,staged
2025-11-24 09:30:00,8,51.137,-113.97,G16_12,staged
2025-11-24 09:30:00,9,51.00838,-114.02472,G09_10,on_scene
2025-11-24 09:30:00,10,51.06705,-114.2255,G12_03,on_scene
2025-11-24 09:35:00,1,51.05063,-114.04947,G11_09,responding
2025-11-24 09:35:00,2,50.939,-114.082,G05_08,staged
2025-11-24 09:35:00,3,51.101,-114.054,G14_09,staged
2025-11-24 09:35:00,4,51.065,-113.97,G12_12,staged
2025-11-24 09:35:00,5,51.137,-114.166,G16_05,staged
2025-11-24 09:35:00,6,50.903,-113.97,G03_12,staged
2025-11-24 09:35:00,7,50.993,-114.082,G08_08,staged
2025-11-24 09:35:00,8,51.137,-113.97,G16_12,staged
2025-11-24 09:35:00,9,51.011,-113.998,G09_11,staged
2025-11-24 09:35:00,10,51.06705,-114.2255,G12_03,on_scene
2025-11-24 09:40:00,1,51.06739,-114.02856,G12_10,on_scene
2025-11-24 09:40:00,2,50.939,-114.082,G05_08,staged
2025-11-24 09:40:00,3,51.101,-114.054,G14_09,staged
2025-11-24 09:40:00,4,51.07389,-113.96607,G12_12,responding
2025-11-24 09:40:00,5,51.137,-114.166,G16_05,staged
2025-11-24 09:40:00,6,50.903,-113.97,G03_12,staged
2025-11-24 09:40:00,7,50.993,-114.082,G08_08,staged
2025-11-24 09:40:00,8,51.137,-113.97,G16_12,staged
2025-11-24 09:40:00,9,51.011,-113.998,G09_11,staged
2025-11-24 09:40:00,10,51.06705,-114.2255,G12_03,on_scene
2025-11-24 09:45:00,1,51.06739,-114.02856,G12_10,on_scene
2025-11-24 09:45:00,2,50.92691,-114.09267,G04_08,responding
2025-11-24 09:45:00,3,51.101,-114.054,G14_09,staged
2025-11-24 09:45:00,4,51.09147,-113.95831,G13_12,on_scene
2025-11-24 09:45:00,5,51.137,-114.166,G16_05,staged
2025-11-24 09:45:00,6,50.903,-113.97,G03_12,staged
2025-11-24 09:45:00,7,50.993,-114.082,G08_08,staged
2025-11-24 09:45:00,8,51.137,-113.97,G16_12,staged
2025-11-24 09:45:00,9,51.011,-113.998,G09_11,staged
2025-11-24 09:45:00,10,51.06498,-114.21649,G12_03,returning
2025-11-24 09:50:00,1,51.06739,-114.02856,G12_10,on_scene
2025-11-24 09:50:00,2,50.90676,-114.11045,G03_07,responding
2025-11-24 09:50:00,3,51.101,-114.054,G14_09,staged
2025-11-24 09:50:00,4,51.09147,-113.95831,G13_12,on_scene
2025-11-24 09:50:00,5,51.137,-114.166,G16_05,staged
2025-11-24 09:50:00,6,50.903,-113.97,G03_12,staged
2025-11-24 09:50:00,7,50.993,-114.082,G08_08,staged
2025-11-24 09:50:00,8,51.137,-113.97,G16_12,staged
2025-11-24 09:50:00,9,51.011,-113.998,G09_11,staged
2025-11-24 09:50:00,10,51.07158,-114.18708,G12_04,responding
2025-11-24 09:55:00,1,51.06739,-114.02856,G12_10,on_scene
2025-11-24 09:55:00,2,50.90666,-114.11053,G03_07,on_scene
2025-11-24 09:55:00,3,51.101,-114.054,G14_09,staged
2025-11-24 09:55:00,4,51.09147,-113.95831,G13_12,on_scene
2025-11-24 09:55:00,5,51.137,-114.166,G16_05,staged
2025-11-24 09:55:00,6,50.903,-113.97,G03_12,staged
2025-11-24 09:55:00,7,50.993,-114.082,G08_08,staged
2025-11-24 09:55:00,8,51.137,-113.97,G16_12,staged
2025-11-24 09:55:00,9,51.011,-113.998,G09_11,staged
2025-11-24 09:55:00,10,51.08017,-114.17331,G13_05,on_scene
2025-11-24 10:00:00,1,51.06739,-114.02856,G12_10,on_scene
2025-11-24 10:00:00,2,50.90666,-114.11053,G03_07,on_scene
2025-11-24 10:00:00,3,51.101,-114.054,G14_09,staged
2025-11-24 10:00:00,4,51.09147,-113.95831,G13_12,on_scene
2025-11-24 10:00:00,5,51.137,-114.166,G16_05,staged
2025-11-24 10:00:00,6,50.903,-113.97,G03_12,staged
2025-11-24 10:00:00,7,50.993,-114.082,G08_08,staged
2025-11-24 10:00:00,8,51.137,-113.97,G16_12,staged
2025-11-24 10:00:00,9,51.011,-113.998,G09_11,staged
2025-11-24 10:00:00,10,51.08017,-114.17331,G13_05,on_scene
2025-11-24 10:05:00,1,51.06739,-114.02856,G12_10,on_scene
2025-11-24 10:05:00,2,50.90666,-114.11053,G03_07,on_scene
2025-11-24 10:05:00,3,51.101,-114.054,G14_09,staged
2025-11-24 10:05:00,4,51.09147,-113.95831,G13_12,on_scene
2025-11-24 10:05:00,5,51.137,-114.166,G16_05,staged
2025-11-24 10:05:00,6,50.903,-113.97,G03_12,staged
2025-11-24 10:05:00,7,50.993,-114.082,G08_08,staged
2025-11-24 10:05:00,8,51.137,-113.97,G16_12,staged
2025-11-24 10:05:00,9,51.011,-113.998,G09_11,staged
2025-11-24 10:05:00,10,51.08017,-114.17331,G13_05,on_scene
2025-11-24 10:10:00,1,51.066,-114.0303,G12_10,returning
2025-11-24 10:10:00,2,50.90666,-114.11053,G03_07,on_scene
2025-11-24 10:10:00,3,51.101,-114.054,G14_09,staged
2025-11-24 10:10:00,4,51.09147,-113.95831,G13_12,on_scene
2025-11-24 10:10:00,5,51.137,-114.166,G16_05,staged
2025-11-24 10:10:00,6,50.903,-113.97,G03_12,staged
2025-11-24 10:10:00,7,50.993,-114.082,G08_08,staged
2025-11-24 10:10:00,8,51.137,-113.97,G16_12,staged
2025-11-24 10:10:00,9,51.011,-113.998,G09_11,staged
2025-11-24 10:10:00,10,51.08017,-114.17331,G13_05,on_scene
2025-11-24 10:15:00,1,51.04785,-114.05294,G11_09,returning
2025-11-24 10:15:00,2,50.90666,-114.11053,G03_07,on_scene
2025-11-24 10:15:00,3,51.101,-114.054,G14_09,staged
2025-11-24 10:15:00,4,51.08684,-113.96036,G13_12,returning
2025-11-24 10:15:00,5,51.137,-114.166,G16_05,staged
2025-11-24 10:15:00,6,50.903,-113.97,G03_12,staged
2025-11-24 10:15:00,7,50.993,-114.082,G08_08,staged
2025-11-24 10:15:00,8,51.137,-113.97,G16_12,staged
2025-11-24 10:15:00,9,51.011,-113.998,G09_11,staged
2025-11-24 10:15:00,10,51.08017,-114.17331,G13_05,on_scene
2025-11-24 10:20:00,1,51.047,-114.054,G11_09,staged
2025-11-24 10:20:00,2,50.90666,-114.11053,G03_07,on_scene
2025-11-24 10:20:00,3,51.101,-114.054,G14_09,staged
2025-11-24 10:20:00,4,51.065,-113.97,G12_12,staged
2025-11-24 10:20:00,5,51.137,-114.166,G16_05,staged
2025-11-24 10:20:00,6,50.903,-113.97,G03_12,staged
2025-11-24 10:20:00,7,50.993,-114.082,G08_08,staged
2025-11-24 10:20:00,8,51.137,-113.97,G16_12,staged
2025-11-24 10:20:00,9,51.011,-113.998,G09_11,staged
2025-11-24 10:20:00,10,51.08017,-114.17331,G13_05,on_scene
2025-11-24 10:25:00,1,51.047,-114.054,G11_09,staged
2025-11-24 10:25:00,2,50.92672,-114.09283,G04_08,returning
2025-11-24 10:25:00,3,51.101,-114.054,G14_09,staged
2025-11-24 10:25:00,4,51.065,-113.97,G12_12,staged
2025-11-24 10:25:00,5,51.137,-114.166,G16_05,responding
2025-11-24 10:25:00,6,50.903,-113.97,G03_12,staged
2025-11-24 10:25:00,7,50.993,-114.082,G08_08,staged
2025-11-24 10:25:00,8,51.137,-113.97,G16_12,staged
2025-11-24 10:25:00,9,51.011,-113.998,G09_11,staged
2025-11-24 10:25:00,10,51.07115,-114.1637,G12_05,returning
2025-11-24 10:30:00,1,51.047,-114.054,G11_09,staged
2025-11-24 10:30:00,2,50.939,-114.082,G05_08,staged
2025-11-24 10:30:00,3,51.101,-114.054,G14_09,staged
2025-11-24 10:30:00,4,51.065,-113.97,G12_12,staged
2025-11-24 10:30:00,5,51.11423,-114.17185,G15_05,responding
2025-11-24 10:30:00,6,50.903,-113.97,G03_12,staged
2025-11-24 10:30:00,7,50.993,-114.082,G08_08,staged
2025-11-24 10:30:00,8,51.137,-113.97,G16_12,staged
2025-11-24 10:30:00,9,51.011,-113.998,G09_11,staged
2025-11-24 10:30:00,10,51.05198,-114.1433,G11_06,returning
2025-11-24 10:35:00,1,51.047,-114.054,G11_09,staged
2025-11-24 10:35:00,2,50.939,-114.082,G05_08,staged
2025-11-24 10:35:00,3,51.101,-114.054,G14_09,staged
2025-11-24 10:35:00,4,51.065,-113.97,G12_12,staged
2025-11-24 10:35:00,5,51.1087,-114.17327,G14_05,on_scene
2025-11-24 10:35:00,6,50.903,-113.97,G03_12,staged
2025-11-24 10:35:00,7,50.993,-114.082,G08_08,staged
2025-11-24 10:35:00,8,51.137,-113.97,G16_12,staged
2025-11-24 10:35:00,9,51.011,-113.998,G09_11,staged
2025-11-24 10:35:00,10,51.04694,-114.13066,G11_06,responding
2025-11-24 10:40:00,1,51.047,-114.054,G11_09,staged
2025-11-24 10:40:00,2,50.939,-114.082,G05_08,staged
2025-11-24 10:40:00,3,51.101,-114.054,G14_09,staged
2025-11-24 10:40:00,4,51.065,-113.97,G12_12,staged
2025-11-24 10:40:00,5,51.1087,-114.17327,G14_05,on_scene
2025-11-24 10:40:00,6,50.903,-113.97,G03_12,staged
2025-11-24 10:40:00,7,50.993,-114.082,G08_08,staged
2025-11-24 10:40:00,8,51.137,-113.97,G16_12,staged
2025-11-24 10:40:00,9,51.011,-113.998,G09_11,staged
2025-11-24 10:40:00,10,51.0468,-114.11472,G11_07,on_scene
2025-11-24 10:45:00,1,51.047,-114.054,G11_09,staged
2025-11-24 10:45:00,2,50.939,-114.082,G05_08,staged
2025-11-24 10:45:00,3,51.101,-114.054,G14_09,staged
2025-11-24 10:45:00,4,51.065,-113.97,G12_12,staged
2025-11-24 10:45:00,5,51.1087,-114.17327,G14_05,on_scene
2025-11-24 10:45:00,6,50.903,-113.97,G03_12,staged
2025-11-24 10:45:00,7,50.993,-114.082,G08_08,staged
2025-11-24 10:45:00,8,51.137,-113.97,G16_12,staged
2025-11-24 10:45:00,9,51.011,-113.998,G09_11,staged
2025-11-24 10:45:00,10,51.0468,-114.11472,G11_07,on_scene
2025-11-24 10:50:00,1,51.047,-114.054,G11_09,staged
2025-11-24 10:50:00,2,50.939,-114.082,G05_08,staged
2025-11-24 10:50:00,3,51.101,-114.054,G14_09,staged
2025-11-24 10:50:00,4,51.065,-113.97,G12_12,staged
2025-11-24 10:50:00,5,51.1087,-114.17327,G14_05,on_scene
2025-11-24 10:50:00,6,50.903,-113.97,G03_12,staged
2025-11-24 10:50:00,7,50.993,-114.082,G08_08,staged
2025-11-24 10:50:00,8,51.137,-113.97,G16_12,staged
2025-11-24 10:50:00,9,51.011,-113.998,G09_11,staged
2025-11-24 10:50:00,10,51.0468,-114.11472,G11_07,on_scene
2025-11-24 10:55:00,1,51.047,-114.054,G11_09,staged
2025-11-24 10:55:00,2,50.939,-114.082,G05_08,staged
2025-11-24 10:55:00,3,51.101,-114.054,G14_09,staged
2025-11-24 10:55:00,4,51.065,-113.97,G12_12,staged
2025-11-24 10:55:00,5,51.1087,-114.17327,G14_05,on_scene
2025-11-24 10:55:00,6,50.903,-113.97,G03_12,staged
2025-11-24 10:55:00,7,50.993,-114.082,G08_08,staged
2025-11-24 10:55:00,8,51.137,-113.97,G16_12,staged
2025-11-24 10:55:00,9,51.0073,-113.98458,G09_11,responding
2025-11-24 10:55:00,10,51.0468,-114.11472,G11_07,on_scene
2025-11-24 11:00:00,1,51.047,-114.054,G11_09,staged
2025-11-24 11:00:00,2,50.939,-114.082,G05_08,staged
2025-11-24 11:00:00,3,51.101,-114.054,G14_09,staged
2025-11-24 11:00:00,4,51.065,-113.97,G12_12,staged
2025-11-24 11:00:00,5,51.1087,-114.17327,G14_05,on_scene
2025-11-24 11:00:00,6,50.903,-113.97,G03_12,staged
2025-11-24 11:00:00,7,50.993,-114.082,G08_08,staged
2025-11-24 11:00:00,8,51.137,-113.97,G16_12,staged
2025-11-24 11:00:00,9,50.99804,-113.95102,G08_13,responding
2025-11-24 11:00:00,10,51.0468,-114.11472,G11_07,on_scene
2025-11-24 11:05:00,1,51.047,-114.054,G11_09,staged
2025-11-24 11:05:00,2,50.939,-114.082,G05_08,staged
2025-11-24 11:05:00,3,51.101,-114.054,G14_09,staged
2025-11-24 11:05:00,4,51.065,-113.97,G12_12,responding
2025-11-24 11:05:00,5,51.12594,-114.16884,G15_05,returning
2025-11-24 11:05:00,6,50.903,-113.97,G03_12,staged
2025-11-24 11:05:00,7,50.993,-114.082,G08_08,staged
2025-11-24 11:05:00,8,51.137,-113.97,G16_12,staged
2025-11-24 11:05:00,9,50.98999,-113.92186,G08_14,on_scene
2025-11-24 11:05:00,10,51.0468,-114.11472,G11_07,on_scene
2025-11-24 11:10:00,1,51.05063,-114.04051,G11_09,responding
2025-11-24 11:10:00,2,50.939,-114.082,G05_08,staged
2025-11-24 11:10:00,3,51.101,-114.054,G14_09,staged
2025-11-24 11:10:00,4,51.04487,-113.98789,G11_11,responding
2025-11-24 11:10:00,5,51.14552,-114.15209,G16_05,responding
2025-11-24 11:10:00,6,50.903,-113.97,G03_12,staged
2025-11-24 11:10:00,7,50.993,-114.082,G08_08,staged
2025-11-24 11:10:00,8,51.137,-113.97,G16_12,staged
2025-11-24 11:10:00,9,50.98999,-113.92186,G08_14,on_scene
2025-11-24 11:10:00,10,51.04698,-114.13545,G11_06,returning
2025-11-24 11:15:00,1,51.05599,-114.02058,G11_10,on_scene
2025-11-24 11:15:00,2,50.92079,-114.08669,G04_08,responding
2025-11-24 11:15:00,3,51.101,-114.054,G14_09,staged
2025-11-24 11:15:00,4,51.03597,-113.99581,G10_11,on_scene
2025-11-24 11:15:00,5,51.16298,-114.12807,G17_06,responding
2025-11-24 11:15:00,6,50.903,-113.97,G03_12,staged
2025-11-24 11:15:00,7,50.98965,-114.07696,G08_08,responding
2025-11-24 11:15:00,8,51.137,-113.97,G16_12,staged
2025-11-24 11:15:00,9,50.98999,-113.92186,G08_14,on_scene
2025-11-24 11:15:00,10,51.04839,-114.1599,G11_05,responding
2025-11-24 11:20:00,1,51.05599,-114.02058,G11_10,on_scene
2025-11-24 11:20:00,2,50.89803,-114.09255,G03_08,responding
2025-11-24 11:20:00,3,51.101,-114.054,G14_09,staged
2025-11-24 11:20:00,4,51.03597,-113.99581,G10_11,on_scene
2025-11-24 11:20:00,5,51.16777,-114.12148,G18_07,on_scene
2025-11-24 11:20:00,6,50.903,-113.97,G03_12,staged
2025-11-24 11:20:00,7,50.97292,-114.05176,G07_09,responding
2025-11-24 11:20:00,8,51.137,-113.97,G16_12,staged
2025-11-24 11:20:00,9,50.98999,-113.92186,G08_14,on_scene
2025-11-24 11:20:00,10,51.05071,-114.19639,G11_04,responding
2025-11-24 11:25:00,1,51.05599,-114.02058,G11_10,on_scene
2025-11-24 11:25:00,2,50.89568,-114.09315,G03_08,on_scene
2025-11-24 11:25:00,3,51.101,-114.054,G14_09,staged
2025-11-24 11:25:00,4,51.03597,-113.99581,G10_11,on_scene
2025-11-24 11:25:00,5,51.16777,-114.12148,G18_07,on_scene
2025-11-24 11:25:00,6,50.903,-113.97,G03_12,staged
2025-11-24 11:25:00,7,50.95619,-114.02656,G06_10,responding
2025-11-24 11:25:00,8,51.12826,-113.96528,G16_12,responding
2025-11-24 11:25:00,9,50.98999,-113.92186,G08_14,on_scene
2025-11-24 11:25:00,10,51.05263,-114.22669,G11_03,on_scene
2025-11-24 11:30:00,1,51.05599,-114.02058,G11_10,on_scene
2025-11-24 11:30:00,2,50.89568,-114.09315,G03_08,on_scene
2025-11-24 11:30:00,3,51.101,-114.054,G14_09,staged
2025-11-24 11:30:00,4,51.03597,-113.99581,G10_11,on_scene
2025-11-24 11:30:00,5,51.16777,-114.12148,G18_07,on_scene
2025-11-24 11:30:00,6,50.903,-113.97,G03_12,staged
2025-11-24 11:30:00,7,50.95246,-114.02094,G06_10,on_scene
2025-11-24 11:30:00,8,51.10643,-113.95349,G14_13,responding
2025-11-24 11:30:00,9,50.98999,-113.92186,G08_14,on_scene
2025-11-24 11:30:00,10,51.05263,-114.22669,G11_03,on_scene
2025-11-24 11:35:00,1,51.05599,-114.02058,G11_10,on_scene
2025-11-24 11:35:00,2,50.89568,-114.09315,G03_08,on_scene
2025-11-24 11:35:00,3,51.10349,-114.06815,G14_08,responding
2025-11-24 11:35:00,4,51.03597,-113.99581,G10_11,on_scene
2025-11-24 11:35:00,5,51.16777,-114.12148,G18_07,on_scene
2025-11-24 11:35:00,6,50.903,-113.97,G03_12,staged
2025-11-24 11:35:00,7,50.95246,-114.02094,G06_10,on_scene
2025-11-24 11:35:00,8,51.08459,-113.94169,G13_13,responding
2025-11-24 11:35:00,9,50.99121,-113.92627,G08_14,returning
2025-11-24 11:35:00,10,51.05263,-114.22669,G11_03,on_scene
2025-11-24 11:40:00,1,51.05599,-114.02058,G11_10,on_scene
2025-11-24 11:40:00,2,50.89568,-114.09315,G03_08,on_scene
2025-11-24 11:40:00,3,51.10971,-114.10351,G14_07,responding
2025-11-24 11:40:00,4,51.03597,-113.99581,G10_11,on_scene
2025-11-24 11:40:00,5,51.16777,-114.12148,G18_07,on_scene
2025-11-24 11:40:00,6,50.903,-113.97,G03_12,staged
2025-11-24 11:40:00,7,50.95246,-114.02094,G06_10,on_scene
2025-11-24 11:40:00,8,51.07262,-113.93523,G12_13,on_scene
2025-11-24 11:40:00,9,51.00047,-113.95983,G08_12,returning
2025-11-24 11:40:00,10,51.05263,-114.22669,G11_03,on_scene
2025-11-24 11:45:00,1,51.05228,-114.03437,G11_10,responding
2025-11-24 11:45:00,2,50.89568,-114.09315,G03_08,on_scene
2025-11-24 11:45:00,3,51.11593,-114.13888,G15_06,responding
2025-11-24 11:45:00,4,51.04719,-113.98583,G11_11,returning
2025-11-24 11:45:00,5,51.16777,-114.12148,G18_07,on_scene
2025-11-24 11:45:00,6,50.903,-113.97,G03_12,staged
2025-11-24 11:45:00,7,50.95246,-114.02094,G06_10,on_scene
2025-11-24 11:45:00,8,51.07262,-113.93523,G12_13,on_scene
2025-11-24 11:45:00,9,51.00973,-113.99338,G09_11,returning
2025-11-24 11:45:00,10,51.05263,-114.22669,G11_03,on_scene
2025-11-24 11:50:00,1,51.05388,-114.07096,G11_08,responding
2025-11-24 11:50:00,2,50.89568,-114.09315,G03_08,on_scene
2025-11-24 11:50:00,3,51.12081,-114.16658,G15_05,on_scene
2025-11-24 11:50:00,4,51.06371,-113.96065,G12_12,responding
2025-11-24 11:50:00,5,51.17016,-114.09507,G18_08,responding
2025-11-24 11:50:00,6,50.903,-113.97,G03_12,staged
2025-11-24 11:50:00,7,50.95246,-114.02094,G06_10,on_scene
2025-11-24 11:50:00,8,51.07262,-113.93523,G12_13,on_scene
2025-11-24 11:50:00,9,51.011,-113.998,G09_11,staged
2025-11-24 11:50:00,10,51.05263,-114.22669,G11_03,on_scene
2025-11-24 11:55:00,1,51.05548,-114.10756,G11_07,responding
2025-11-24 11:55:00,2,50.89865,-114.0673,G03_09,on_scene
2025-11-24 11:55:00,3,51.12081,-114.16658,G15_05,on_scene
2025-11-24 11:55:00,4,51.06662,-113.95561,G12_13,on_scene
2025-11-24 11:55:00,5,51.17345,-114.05867,G18_09,responding
2025-11-24 11:55:00,6,50.903,-113.97,G03_12,staged
2025-11-24 11:55:00,7,50.95246,-114.02094,G06_10,on_scene
2025-11-24 11:55:00,8,51.07262,-113.93523,G12_13,on_scene
2025-11-24 11:55:00,9,51.011,-113.998,G09_11,staged
2025-11-24 11:55:00,10,51.05138,-114.22079,G11_03,responding
2025-11-24 12:00:00,1,51.05665,-114.13423,G12_06,on_scene
2025-11-24 12:00:00,2,50.89865,-114.0673,G03_09,on_scene
2025-11-24 12:00:00,3,51.12081,-114.16658,G15_05,on_scene
2025-11-24 12:00:00,4,51.06662,-113.95561,G12_13,on_scene
2025-11-24 12:00:00,5,51.17356,-114.05742,G18_09,on_scene
2025-11-24 12:00:00,6,50.903,-113.97,G03_12,staged
2025-11-24 12:00:00,7,50.96498,-114.04122,G06_09,responding
2025-11-24 12:00:00,8,51.07262,-113.93523,G12_13,on_scene
2025-11-24 12:00:00,9,51.011,-113.998,G09_11,responding
2025-11-24 12:00:00,10,51.04404,-114.18602,G11_04,responding
2025-11-24 12:05:00,1,51.05665,-114.13423,G12_06,on_scene
2025-11-24 12:05:00,2,50.89865,-114.0673,G03_09,on_scene
2025-11-24 12:05:00,3,51.12081,-114.16658,G15_05,on_scene
2025-11-24 12:05:00,4,51.06662,-113.95561,G12_13,on_scene
2025-11-24 12:05:00,5,51.17356,-114.05742,G18_09,on_scene
2025-11-24 12:05:00,6,50.903,-113.97,G03_12,staged
2025-11-24 12:05:00,7,50.9793,-114.06993,G07_08,responding
2025-11-24 12:05:00,8,51.07262,-113.93523,G12_13,on_scene
2025-11-24 12:05:00,9,51.03308,-114.00856,G10_11,responding
2025-11-24 12:05:00,10,51.03782,-114.15659,G10_05,on_scene
2025-11-24 12:10:00,1,51.05665,-114.13423,G12_06,on_scene
2025-11-24 12:10:00,2,50.89865,-114.0673,G03_09,on_scene
2025-11-24 12:10:00,3,51.12081,-114.16658,G15_05,on_scene
2025-11-24 12:10:00,4,51.06662,-113.95561,G12_13,on_scene
2025-11-24 12:10:00,5,51.17356,-114.05742,G18_09,on_scene
2025-11-24 12:10:00,6,50.903,-113.97,G03_12,responding
2025-11-24 12:10:00,7,50.99362,-114.09864,G08_07,responding
2025-11-24 12:10:00,8,51.0825,-113.94056,G13_13,returning
2025-11-24 12:10:00,9,51.05517,-114.01912,G11_10,responding
2025-11-24 12:10:00,10,51.03782,-114.15659,G10_05,on_scene
2025-11-24 12:15:00,1,51.05665,-114.13423,G12_06,on_scene
2025-11-24 12:15:00,2,50.89865,-114.0673,G03_09,on_scene
2025-11-24 12:15:00,3,51.12081,-114.16658,G15_05,on_scene
2025-11-24 12:15:00,4,51.06662,-113.95561,G12_13,on_scene
2025-11-24 12:15:00,5,51.17356,-114.05742,G18_09,on_scene
2025-11-24 12:15:00,6,50.92103,-113.99283,G04_12,responding
2025-11-24 12:15:00,7,51.00794,-114.12735,G09_06,responding
2025-11-24 12:15:00,8,51.10433,-113.95235,G14_13,returning
2025-11-24 12:15:00,9,51.07725,-114.02968,G13_10,responding
2025-11-24 12:15:00,10,51.03782,-114.15659,G10_05,on_scene
2025-11-24 12:20:00,1,51.05665,-114.13423,G12_06,on_scene
2025-11-24 12:20:00,2,50.89865,-114.0673,G03_09,on_scene
2025-11-24 12:20:00,3,51.11681,-114.1618,G15_05,responding
2025-11-24 12:20:00,4,51.06662,-113.95561,G12_13,on_scene
2025-11-24 12:20:00,5,51.17356,-114.05742,G18_09,on_scene
2025-11-24 12:20:00,6,50.93905,-114.01565,G05_10,responding
2025-11-24 12:20:00,7,51.01483,-114.14117,G09_06,on_scene
2025-11-24 12:20:00,8,51.12617,-113.96415,G15_12,returning
2025-11-24 12:20:00,9,51.09933,-114.04025,G14_09,responding
2025-11-24 12:20:00,10,51.03782,-114.15659,G10_05,on_scene
2025-11-24 12:25:00,1,51.05665,-114.13423,G12_06,on_scene
2025-11-24 12:25:00,2,50.90266,-114.06876,G03_08,returning
2025-11-24 12:25:00,3,51.09838,-114.13973,G14_06,responding
2025-11-24 12:25:00,4,51.065,-113.97,G12_12,staged
2025-11-24 12:25:00,5,51.17356,-114.05742,G18_09,on_scene
2025-11-24 12:25:00,6,50.95708,-114.03848,G06_10,responding
2025-11-24 12:25:00,7,51.01483,-114.14117,G09_06,on_scene
2025-11-24 12:25:00,8,51.137,-113.97,G16_12,staged
2025-11-24 12:25:00,9,51.11434,-114.04742,G15_09,on_scene
2025-11-24 12:25:00,10,51.03782,-114.15659,G10_05,on_scene
2025-11-24 12:30:00,1,51.0629,-114.13443,G12_06,responding
2025-11-24 12:30:00,2,50.92513,-114.07695,G04_08,returning
2025-11-24 12:30:00,3,51.07995,-114.11767,G13_07,responding
2025-11-24 12:30:00,4,51.065,-113.97,G12_12,staged
2025-11-24 12:30:00,5,51.16303,-114.0887,G17_08,returning
2025-11-24 12:30:00,6,50.9751,-114.0613,G07_09,responding
2025-11-24 12:30:00,7,51.01483,-114.14117,G09_06,on_scene
2025-11-24 12:30:00,8,51.137,-113.97,G16_12,staged
2025-11-24 12:30:00,9,51.11434,-114.04742,G15_09,on_scene
2025-11-24 12:30:00,10,51.03782,-114.15659,G10_05,on_scene
2025-11-24 12:35:00,1,51.08596,-114.13517,G13_06,responding
2025-11-24 12:35:00,2,50.939,-114.082,G05_08,staged
2025-11-24 12:35:00,3,51.06696,-114.10212,G12_07,on_scene
2025-11-24 12:35:00,4,51.065,-113.97,G12_12,staged
2025-11-24 12:35:00,5,51.15212,-114.12109,G17_07,returning
2025-11-24 12:35:00,6,50.99313,-114.08413,G08_08,responding
2025-11-24 12:35:00,7,51.01483,-114.14117,G09_06,on_scene
2025-11-24 12:35:00,8,51.137,-113.97,G16_12,staged
2025-11-24 12:35:00,9,51.11434,-114.04742,G15_09,on_scene
2025-11-24 12:35:00,10,51.04001,-114.15217,G11_05,returning
2025-11-24 12:40:00,1,51.10729,-114.13585,G14_06,on_scene
2025-11-24 12:40:00,2,50.939,-114.082,G05_08,staged
2025-11-24 12:40:00,3,51.06696,-114.10212,G12_07,on_scene
2025-11-24 12:40:00,4,51.065,-113.97,G12_12,staged
2025-11-24 12:40:00,5,51.14121,-114.15348,G16_05,returning
2025-11-24 12:40:00,6,50.99431,-114.08562,G08_08,on_scene
2025-11-24 12:40:00,7,51.01483,-114.14117,G09_06,on_scene
2025-11-24 12:40:00,8,51.137,-113.97,G16_12,staged
2025-11-24 12:40:00,9,51.11434,-114.04742,G15_09,on_scene
2025-11-24 12:40:00,10,51.047,-114.138,G11_06,staged
2025-11-24 12:45:00,1,51.10729,-114.13585,G14_06,on_scene
2025-11-24 12:45:00,2,50.92668,-114.07106,G04_08,on_scene
2025-11-24 12:45:00,3,51.06696,-114.10212,G12_07,on_scene
2025-11-24 12:45:00,4,51.065,-113.97,G12_12,staged
2025-11-24 12:45:00,5,51.137,-114.166,G16_05,staged
2025-11-24 12:45:00,6,50.99431,-114.08562,G08_08,on_scene
2025-11-24 12:45:00,7,51.01483,-114.14117,G09_06,on_scene
2025-11-24 12:45:00,8,51.137,-113.97,G16_12,staged
2025-11-24 12:45:00,9,51.11434,-114.04742,G15_09,on_scene
2025-11-24 12:45:00,10,51.047,-114.138,G11_06,staged
2025-11-24 12:50:00,1,51.10729,-114.13585,G14_06,on_scene
2025-11-24 12:50:00,2,50.92668,-114.07106,G04_08,on_scene
2025-11-24 12:50:00,3,51.06696,-114.10212,G12_07,on_scene
2025-11-24 12:50:00,4,51.065,-113.97,G12_12,staged
2025-11-24 12:50:00,5,51.137,-114.166,G16_05,staged
2025-11-24 12:50:00,6,50.99431,-114.08562,G08_08,on_scene
2025-11-24 12:50:00,7,51.00877,-114.12476,G09_06,returning
2025-11-24 12:50:00,8,51.137,-113.97,G16_12,staged
2025-11-24 12:50:00,9,51.11434,-114.04742,G15_09,on_scene
2025-11-24 12:50:00,10,51.047,-114.138,G11_06,staged
2025-11-24 12:55:00,1,51.10729,-114.13585,G14_06,on_scene
2025-11-24 12:55:00,2,50.92668,-114.07106,G04_08,on_scene
2025-11-24 12:55:00,3,51.06696,-114.10212,G12_07,on_scene
2025-11-24 12:55:00,4,51.065,-113.97,G12_12,staged
2025-11-24 12:55:00,5,51.137,-114.166,G16_05,staged
2025-11-24 12:55:00,6,50.99431,-114.08562,G08_08,on_scene
2025-11-24 12:55:00,7,50.99617,-114.09432,G08_08,responding
2025-11-24 12:55:00,8,51.137,-113.97,G16_12,staged
2025-11-24 12:55:00,9,51.10726,-114.04404,G14_09,returning
2025-11-24 12:55:00,10,51.047,-114.138,G11_06,staged
2025-11-24 13:00:00,1,51.10729,-114.13585,G14_06,on_scene
2025-11-24 13:00:00,2,50.92668,-114.07106,G04_08,on_scene
2025-11-24 13:00:00,3,51.06696,-114.10212,G12_07,on_scene
2025-11-24 13:00:00,4,51.065,-113.97,G12_12,responding
2025-11-24 13:00:00,5,51.137,-114.166,G16_05,staged
2025-11-24 13:00:00,6,50.99431,-114.08562,G08_08,on_scene
2025-11-24 13:00:00,7,50.97978,-114.06856,G07_08,responding
2025-11-24 13:00:00,8,51.137,-113.97,G16_12,staged
2025-11-24 13:00:00,9,51.08518,-114.03348,G13_10,returning
2025-11-24 13:00:00,10,51.047,-114.138,G11_06,staged
2025-11-24 13:05:00,1,51.10729,-114.13585,G14_06,on_scene
2025-11-24 13:05:00,2,50.92668,-114.07106,G04_08,on_scene
2025-11-24 13:05:00,3,51.07206,-114.09492,G12_08,returning
2025-11-24 13:05:00,4,51.04823,-113.99517,G11_11,responding
2025-11-24 13:05:00,5,51.137,-114.166,G16_05,staged
2025-11-24 13:05:00,6,50.99431,-114.08562,G08_08,on_scene
2025-11-24 13:05:00,7,50.96339,-114.04281,G06_09,responding
2025-11-24 13:05:00,8,51.137,-113.97,G16_12,staged
2025-11-24 13:05:00,9,51.0631,-114.02292,G12_10,returning
2025-11-24 13:05:00,10,51.047,-114.138,G11_06,staged
2025-11-24 13:10:00,1,51.10597,-114.13407,G14_06,returning
2025-11-24 13:10:00,2,50.92668,-114.07106,G04_08,on_scene
2025-11-24 13:10:00,3,51.0893,-114.07054,G13_08,returning
2025-11-24 13:10:00,4,51.0403,-114.00708,G11_11,on_scene
2025-11-24 13:10:00,5,51.137,-114.166,G16_05,staged
2025-11-24 13:10:00,6,50.97746,-114.06428,G07_09,returning
2025-11-24 13:10:00,7,50.94701,-114.01705,G05_10,responding
2025-11-24 13:10:00,8,51.137,-113.97,G16_12,staged
2025-11-24 13:10:00,9,51.04101,-114.01235,G11_10,returning
2025-11-24 13:10:00,10,51.047,-114.138,G11_06,staged
2025-11-24 13:15:00,1,51.08843,-114.11025,G13_07,returning
2025-11-24 13:15:00,2,50.93046,-114.07441,G05_08,returning
2025-11-24 13:15:00,3,51.101,-114.054,G14_09,staged
2025-11-24 13:15:00,4,51.0403,-114.00708,G11_11,on_scene
2025-11-24 13:15:00,5,51.137,-114.166,G16_05,staged
2025-11-24 13:15:00,6,50.95943,-114.04146,G06_09,returning
2025-11-24 13:15:00,7,50.93062,-113.99129,G05_11,responding
2025-11-24 13:15:00,8,51.137,-113.97,G16_12,staged
2025-11-24 13:15:00,9,51.01893,-114.00179,G09_11,returning
2025-11-24 13:15:00,10,51.047,-114.138,G11_06,staged
2025-11-24 13:20:00,1,51.07088,-114.08643,G12_08,returning
2025-11-24 13:20:00,2,50.939,-114.082,G05_08,staged
2025-11-24 13:20:00,3,51.101,-114.054,G14_09,staged
2025-11-24 13:20:00,4,51.0403,-114.00708,G11_11,on_scene
2025-11-24 13:20:00,5,51.137,-114.166,G16_05,staged
2025-11-24 13:20:00,6,50.94141,-114.01863,G05_10,returning
2025-11-24 13:20:00,7,50.92064,-113.97562,G04_12,on_scene
2025-11-24 13:20:00,8,51.137,-113.97,G16_12,responding
2025-11-24 13:20:00,9,51.011,-113.998,G09_11,staged
2025-11-24 13:20:00,10,51.047,-114.138,G11_06,staged
2025-11-24 13:25:00,1,51.05334,-114.06261,G11_09,returning
2025-11-24 13:25:00,2,50.939,-114.082,G05_08,staged
2025-11-24 13:25:00,3,51.101,-114.054,G14_09,staged
2025-11-24 13:25:00,4,51.0403,-114.00708,G11_11,on_scene
2025-11-24 13:25:00,5,51.137,-114.166,G16_05,staged
2025-11-24 13:25:00,6,50.92338,-113.99581,G05_11,returning
2025-11-24 13:25:00,7,50.92064,-113.97562,G04_12,on_scene
2025-11-24 13:25:00,8,51.13268,-113.9339,G16_13,responding
2025-11-24 13:25:00,9,51.011,-113.998,G09_11,staged
2025-11-24 13:25:00,10,51.047,-114.138,G11_06,staged
2025-11-24 13:30:00,1,51.047,-114.054,G11_09,responding
2025-11-24 13:30:00,2,50.939,-114.082,G05_08,staged
2025-11-24 13:30:00,3,51.101,-114.054,G14_09,staged
2025-11-24 13:30:00,4,51.0403,-114.00708,G11_11,on_scene
2025-11-24 13:30:00,5,51.137,-114.166,G16_05,staged
2025-11-24 13:30:00,6,50.90535,-113.97298,G03_12,returning
2025-11-24 13:30:00,7,50.92064,-113.97562,G04_12,on_scene
2025-11-24 13:30:00,8,51.13113,-113.92091,G16_14,on_scene
2025-11-24 13:30:00,9,51.011,-113.998,G09_11,staged
2025-11-24 13:30:00,10,51.047,-114.138,G11_06,staged
2025-11-24 13:35:00,1,51.0467,-114.07034,G11_08,on_scene
2025-11-24 13:35:00,2,50.939,-114.082,G05_08,staged
2025-11-24 13:35:00,3,51.08664,-114.03803,G13_10,on_scene
2025-11-24 13:35:00,4,51.0403,-114.00708,G11_11,on_scene
2025-11-24 13:35:00,5,51.137,-114.166,G16_05,responding
2025-11-24 13:35:00,6,50.903,-113.97,G03_12,responding
2025-11-24 13:35:00,7,50.92064,-113.97562,G04_12,on_scene
2025-11-24 13:35:00,8,51.13113,-113.92091,G16_14,on_scene
2025-11-24 13:35:00,9,51.011,-113.998,G09_11,staged
2025-11-24 13:35:00,10,51.05152,-114.13945,G11_06,responding
2025-11-24 13:40:00,1,51.0467,-114.07034,G11_08,on_scene
2025-11-24 13:40:00,2,50.939,-114.082,G05_08,staged
2025-11-24 13:40:00,3,51.08664,-114.03803,G13_10,on_scene
2025-11-24 13:40:00,4,51.04969,-114.00275,G11_11,responding
2025-11-24 13:40:00,5,51.14583,-114.13204,G16_06,responding
2025-11-24 13:40:00,6,50.92584,-113.97502,G04_12,responding
2025-11-24 13:40:00,7,50.92064,-113.97562,G04_12,on_scene
2025-11-24 13:40:00,8,51.13113,-113.92091,G16_14,on_scene
2025-11-24 13:40:00,9,51.011,-113.998,G09_11,staged
2025-11-24 13:40:00,10,51.06618,-114.14417,G12_06,on_scene
2025-11-24 13:45:00,1,51.0467,-114.07034,G11_08,on_scene
2025-11-24 13:45:00,2,50.939,-114.082,G05_08,staged
2025-11-24 13:45:00,3,51.08664,-114.03803,G13_10,on_scene
2025-11-24 13:45:00,4,51.06684,-114.01993,G12_10,on_scene
2025-11-24 13:45:00,5,51.15466,-114.09807,G17_07,responding
2025-11-24 13:45:00,6,50.92871,-113.97565,G04_12,on_scene
2025-11-24 13:45:00,7,50.92064,-113.97562,G04_12,on_scene
2025-11-24 13:45:00,8,51.13113,-113.92091,G16_14,on_scene
2025-11-24 13:45:00,9,51.011,-113.998,G09_11,staged
2025-11-24 13:45:00,10,51.06618,-114.14417,G12_06,on_scene
2025-11-24 13:50:00,1,51.0467,-114.07034,G11_08,on_scene
2025-11-24 13:50:00,2,50.939,-114.082,G05_08,staged
2025-11-24 13:50:00,3,51.08664,-114.03803,G13_10,on_scene
2025-11-24 13:50:00,4,51.06684,-114.01993,G12_10,on_scene
2025-11-24 13:50:00,5,51.16349,-114.06411,G17_09,responding
2025-11-24 13:50:00,6,50.92871,-113.97565,G04_12,on_scene
2025-11-24 13:50:00,7,50.92726,-113.98535,G04_12,returning
2025-11-24 13:50:00,8,51.13113,-113.92091,G16_14,on_scene
2025-11-24 13:50:00,9,51.011,-113.998,G09_11,responding
2025-11-24 13:50:00,10,51.06618,-114.14417,G12_06,on_scene
2025-11-24 13:55:00,1,51.0467,-114.07034,G11_08,on_scene
2025-11-24 13:55:00,2,50.939,-114.082,G05_08,staged
2025-11-24 13:55:00,3,51.08664,-114.03803,G13_10,on_scene
2025-11-24 13:55:00,4,51.06684,-114.01993,G12_10,on_scene
2025-11-24 13:55:00,5,51.17232,-114.03014,G18_10,responding
2025-11-24 13:55:00,6,50.92871,-113.97565,G04_12,on_scene
2025-11-24 13:55:00,7,50.94418,-114.01022,G05_11,responding
2025-11-24 13:55:00,8,51.13113,-113.92091,G16_14,on_scene
2025-11-24 13:55:00,9,51.01485,-113.96186,G09_12,responding
2025-11-24 13:55:00,10,51.06618,-114.14417,G12_06,on_scene
2025-11-24 14:00:00,1,51.0467,-114.07034,G11_08,on_scene
2025-11-24 14:00:00,2,50.939,-114.082,G05_08,staged
2025-11-24 14:00:00,3,51.08664,-114.03803,G13_10,on_scene
2025-11-24 14:00:00,4,51.06684,-114.01993,G12_10,on_scene
2025-11-24 14:00:00,5,51.17615,-114.0154,G18_10,on_scene
2025-11-24 14:00:00,6,50.92871,-113.97565,G04_12,on_scene
2025-11-24 14:00:00,7,50.92647,-113.9868,G04_12,responding
2025-11-24 14:00:00,8,51.13389,-113.94401,G16_13,returning
2025-11-24 14:00:00,9,51.0187,-113.92572,G09_14,responding
2025-11-24 14:00:00,10,51.06618,-114.14417,G12_06,on_scene
2025-11-24 14:05:00,1,51.047,-114.054,G11_09,staged
2025-11-24 14:05:00,2,50.939,-114.082,G05_08,staged
2025-11-24 14:05:00,3,51.0874,-114.03888,G13_10,returning
2025-11-24 14:05:00,4,51.06684,-114.01993,G12_10,on_scene
2025-11-24 14:05:00,5,51.17615,-114.0154,G18_10,on_scene
2025-11-24 14:05:00,6,50.92871,-113.97565,G04_12,on_scene
2025-11-24 14:05:00,7,50.91794,-113.97552,G04_12,on_scene
2025-11-24 14:05:00,8,51.137,-113.97,G16_12,staged
2025-11-24 14:05:00,9,51.01906,-113.92236,G09_14,on_scene
2025-11-24 14:05:00,10,51.06618,-114.14417,G12_06,on_scene
2025-11-24 14:10:00,1,51.047,-114.054,G11_09,staged
2025-11-24 14:10:00,2,50.939,-114.082,G05_08,staged
2025-11-24 14:10:00,3,51.101,-114.054,G14_09,staged
2025-11-24 14:10:00,4,51.06684,-114.01993,G12_10,on_scene
2025-11-24 14:10:00,5,51.17615,-114.0154,G18_10,on_scene
2025-11-24 14:10:00,6,50.92871,-113.97565,G04_12,on_scene
2025-11-24 14:10:00,7,50.91794,-113.97552,G04_12,on_scene
2025-11-24 14:10:00,8,51.137,-113.97,G16_12,staged
2025-11-24 14:10:00,9,51.01906,-113.92236,G09_14,on_scene
2025-11-24 14:10:00,10,51.06849,-114.15654,G12_05,responding
2025-11-24 14:15:00,1,51.047,-114.054,G11_09,staged
2025-11-24 14:15:00,2,50.939,-114.082,G05_08,staged
2025-11-24 14:15:00,3,51.101,-114.054,G14_09,staged
2025-11-24 14:15:00,4,51.06668,-114.0155,G12_10,returning
2025-11-24 14:15:00,5,51.17615,-114.0154,G18_10,on_scene
2025-11-24 14:15:00,6,50.94123,-113.95057,G05_12,responding
2025-11-24 14:15:00,7,50.91794,-113.97552,G04_12,on_scene
2025-11-24 14:15:00,8,51.137,-113.97,G16_12,staged
2025-11-24 14:15:00,9,51.01906,-113.92236,G09_14,on_scene
2025-11-24 14:15:00,10,51.07505,-114.19172,G13_04,responding
2025-11-24 14:20:00,1,51.047,-114.054,G11_09,staged
2025-11-24 14:20:00,2,50.939,-114.082,G05_08,staged
2025-11-24 14:20:00,3,51.101,-114.054,G14_09,staged
2025-11-24 14:20:00,4,51.06533,-113.97887,G12_12,returning
2025-11-24 14:20:00,5,51.17615,-114.0154,G18_10,on_scene
2025-11-24 14:20:00,6,50.95555,-113.92188,G06_14,responding
2025-11-24 14:20:00,7,50.91794,-113.97552,G04_12,on_scene
2025-11-24 14:20:00,8,51.137,-113.97,G16_12,staged
2025-11-24 14:20:00,9,51.01906,-113.92236,G09_14,on_scene
2025-11-24 14:20:00,10,51.08162,-114.2269,G13_03,responding
2025-11-24 14:25:00,1,51.047,-114.054,G11_09,staged
2025-11-24 14:25:00,2,50.939,-114.082,G05_08,staged
2025-11-24 14:25:00,3,51.101,-114.054,G14_09,staged
2025-11-24 14:25:00,4,51.065,-113.97,G12_12,staged
2025-11-24 14:25:00,5,51.17615,-114.0154,G18_10,on_scene
2025-11-24 14:25:00,6,50.95595,-113.92108,G06_14,on_scene
2025-11-24 14:25:00,7,50.91794,-113.97552,G04_12,on_scene
2025-11-24 14:25:00,8,51.137,-113.97,G16_12,staged
2025-11-24 14:25:00,9,51.01906,-113.92236,G09_14,on_scene
2025-11-24 14:25:00,10,51.08819,-114.26209,G13_02,responding
2025-11-24 14:30:00,1,51.047,-114.054,G11_09,staged
2025-11-24 14:30:00,2,50.939,-114.082,G05_08,staged
2025-11-24 14:30:00,3,51.101,-114.054,G14_09,staged
2025-11-24 14:30:00,4,51.065,-113.97,G12_12,staged
2025-11-24 14:30:00,5,51.17116,-114.03462,G18_10,returning
2025-11-24 14:30:00,6,50.95595,-113.92108,G06_14,on_scene
2025-11-24 14:30:00,7,50.91794,-113.97552,G04_12,on_scene
2025-11-24 14:30:00,8,51.137,-113.97,G16_12,staged
2025-11-24 14:30:00,9,51.01906,-113.92236,G09_14,on_scene
2025-11-24 14:30:00,10,51.0884,-114.26322,G13_02,on_scene
2025-11-24 14:35:00,1,51.047,-114.054,G11_09,staged
2025-11-24 14:35:00,2,50.939,-114.082,G05_08,staged
2025-11-24 14:35:00,3,51.101,-114.054,G14_09,staged
2025-11-24 14:35:00,4,51.065,-113.97,G12_12,staged
2025-11-24 14:35:00,5,51.16233,-114.06858,G17_08,returning
2025-11-24 14:35:00,6,50.95595,-113.92108,G06_14,on_scene
2025-11-24 14:35:00,7,50.92686,-113.98817,G04_12,returning
2025-11-24 14:35:00,8,51.137,-113.97,G16_12,staged
2025-11-24 14:35:00,9,51.01557,-113.95514,G09_12,returning
2025-11-24 14:35:00,10,51.0884,-114.26322,G13_02,on_scene
2025-11-24 14:40:00,1,51.047,-114.054,G11_09,staged
2025-11-24 14:40:00,2,50.939,-114.082,G05_08,staged
2025-11-24 14:40:00,3,51.101,-114.054,G14_09,staged
2025-11-24 14:40:00,4,51.065,-113.97,G12_12,staged
2025-11-24 14:40:00,5,51.1535,-114.10255,G17_07,returning
2025-11-24 14:40:00,6,50.95595,-113.92108,G06_14,on_scene
2025-11-24 14:40:00,7,50.94405,-114.01256,G05_10,returning
2025-11-24 14:40:00,8,51.137,-113.97,G16_12,staged
2025-11-24 14:40:00,9,51.01172,-113.99128,G09_11,returning
2025-11-24 14:40:00,10,51.0884,-114.26322,G13_02,on_scene
2025-11-24 14:45:00,1,51.047,-114.054,G11_09,staged
2025-11-24 14:45:00,2,50.939,-114.082,G05_08,staged
2025-11-24 14:45:00,3,51.101,-114.054,G14_09,staged
2025-11-24 14:45:00,4,51.065,-113.97,G12_12,staged
2025-11-24 14:45:00,5,51.14467,-114.13651,G16_06,returning
2025-11-24 14:45:00,6,50.95595,-113.92108,G06_14,on_scene
2025-11-24 14:45:00,7,50.96125,-114.03695,G06_10,returning
2025-11-24 14:45:00,8,51.137,-113.97,G16_12,staged
2025-11-24 14:45:00,9,51.011,-113.998,G09_11,staged
2025-11-24 14:45:00,10,51.0884,-114.26322,G13_02,on_scene
2025-11-24 14:50:00,1,51.047,-114.054,G11_09,staged
2025-11-24 14:50:00,2,50.939,-114.082,G05_08,staged
2025-11-24 14:50:00,3,51.101,-114.054,G14_09,staged
2025-11-24 14:50:00,4,51.065,-113.97,G12_12,staged
2025-11-24 14:50:00,5,51.137,-114.166,G16_05,staged
2025-11-24 14:50:00,6,50.95595,-113.92108,G06_14,on_scene
2025-11-24 14:50:00,7,50.97844,-114.06134,G07_09,returning
2025-11-24 14:50:00,8,51.137,-113.97,G16_12,staged
2025-11-24 14:50:00,9,51.011,-113.998,G09_11,staged
2025-11-24 14:50:00,10,51.0884,-114.26322,G13_02,on_scene
2025-11-24 14:55:00,1,51.047,-114.054,G11_09,staged
2025-11-24 14:55:00,2,50.939,-114.082,G05_08,staged
2025-11-24 14:55:00,3,51.101,-114.054,G14_09,staged
2025-11-24 14:55:00,4,51.065,-113.97,G12_12,staged
2025-11-24 14:55:00,5,51.137,-114.166,G16_05,staged
2025-11-24 14:55:00,6,50.93658,-113.93897,G04_13,returning
2025-11-24 14:55:00,7,50.993,-114.082,G08_08,staged
2025-11-24 14:55:00,8,51.137,-113.97,G16_12,staged
2025-11-24 14:55:00,9,51.011,-113.998,G09_11,staged
2025-11-24 14:55:00,10,51.0884,-114.26322,G13_02,on_scene
2025-11-24 15:00:00,1,51.047,-114.054,G11_09,staged
2025-11-24 15:00:00,2,50.939,-114.082,G05_08,staged
2025-11-24 15:00:00,3,51.101,-114.054,G14_09,staged
2025-11-24 15:00:00,4,51.07543,-113.95553,G13_13,responding
2025-11-24 15:00:00,5,51.137,-114.166,G16_05,staged
2025-11-24 15:00:00,6,50.91665,-113.95739,G04_12,returning
2025-11-24 15:00:00,7,50.993,-114.082,G08_08,staged
2025-11-24 15:00:00,8,51.137,-113.97,G16_12,staged
2025-11-24 15:00:00,9,51.011,-113.998,G09_11,staged
2025-11-24 15:00:00,10,51.07801,-114.23178,G13_03,returning
2025-11-24 15:05:00,1,51.047,-114.054,G11_09,staged
2025-11-24 15:05:00,2,50.939,-114.082,G05_08,staged
2025-11-24 15:05:00,3,51.101,-114.054,G14_09,staged
2025-11-24 15:05:00,4,51.09282,-113.93142,G14_13,responding
2025-11-24 15:05:00,5,51.137,-114.166,G16_05,staged
2025-11-24 15:05:00,6,50.903,-113.97,G03_12,staged
2025-11-24 15:05:00,7,50.993,-114.082,G08_08,staged
2025-11-24 15:05:00,8,51.137,-113.97,G16_12,staged
2025-11-24 15:05:00,9,51.011,-113.998,G09_11,staged
2025-11-24 15:05:00,10,51.06727,-114.19931,G12_04,returning
2025-11-24 15:10:00,1,51.047,-114.054,G11_09,staged
2025-11-24 15:10:00,2,50.939,-114.082,G05_08,staged
2025-11-24 15:10:00,3,51.101,-114.054,G14_09,staged
2025-11-24 15:10:00,4,51.09637,-113.92649,G14_14,on_scene
2025-11-24 15:10:00,5,51.137,-114.166,G16_05,staged
2025-11-24 15:10:00,6,50.903,-113.97,G03_12,staged
2025-11-24 15:10:00,7,50.993,-114.082,G08_08,staged
2025-11-24 15:10:00,8,51.137,-113.97,G16_12,staged
2025-11-24 15:10:00,9,51.011,-113.998,G09_11,staged
2025-11-24 15:10:00,10,51.05653,-114.16683,G12_05,returning
2025-11-24 15:15:00,1,51.047,-114.054,G11_09,staged
2025-11-24 15:15:00,2,50.939,-114.082,G05_08,staged
2025-11-24 15:15:00,3,51.101,-114.054,G14_09,staged
2025-11-24 15:15:00,4,51.09637,-113.92649,G14_14,on_scene
2025-11-24 15:15:00,5,51.137,-114.166,G16_05,staged
2025-11-24 15:15:00,6,50.903,-113.97,G03_12,staged
2025-11-24 15:15:00,7,50.993,-114.082,G08_08,staged
2025-11-24 15:15:00,8,51.137,-113.97,G16_12,staged
2025-11-24 15:15:00,9,51.011,-113.998,G09_11,staged
2025-11-24 15:15:00,10,51.047,-114.138,G11_06,staged
2025-11-24 15:20:00,1,51.047,-114.054,G11_09,staged
2025-11-24 15:20:00,2,50.939,-114.082,G05_08,staged
2025-11-24 15:20:00,3,51.101,-114.054,G14_09,staged
2025-11-24 15:20:00,4,51.09637,-113.92649,G14_14,on_scene
2025-11-24 15:20:00,5,51.137,-114.166,G16_05,staged
2025-11-24 15:20:00,6,50.903,-113.97,G03_12,staged
2025-11-24 15:20:00,7,50.993,-114.082,G08_08,staged
2025-11-24 15:20:00,8,51.137,-113.97,G16_12,staged
2025-11-24 15:20:00,9,51.011,-113.998,G09_11,staged
2025-11-24 15:20:00,10,51.047,-114.138,G11_06,staged
2025-11-24 15:25:00,1,51.047,-114.054,G11_09,staged
2025-11-24 15:25:00,2,50.939,-114.082,G05_08,staged
2025-11-24 15:25:00,3,51.101,-114.054,G14_09,staged
2025-11-24 15:25:00,4,51.09637,-113.92649,G14_14,on_scene
2025-11-24 15:25:00,5,51.137,-114.166,G16_05,staged
2025-11-24 15:25:00,6,50.903,-113.97,G03_12,staged
2025-11-24 15:25:00,7,50.993,-114.082,G08_08,staged
2025-11-24 15:25:00,8,51.137,-113.97,G16_12,staged
2025-11-24 15:25:00,9,51.011,-113.998,G09_11,staged
2025-11-24 15:25:00,10,51.047,-114.138,G11_06,staged
2025-11-24 15:30:00,1,51.047,-114.054,G11_09,staged
2025-11-24 15:30:00,2,50.939,-114.082,G05_08,staged
2025-11-24 15:30:00,3,51.101,-114.054,G14_09,staged
2025-11-24 15:30:00,4,51.09637,-113.92649,G14_14,on_scene
2025-11-24 15:30:00,5,51.137,-114.166,G16_05,staged
2025-11-24 15:30:00,6,50.903,-113.97,G03_12,staged
2025-11-24 15:30:00,7,50.993,-114.082,G08_08,staged
2025-11-24 15:30:00,8,51.137,-113.97,G16_12,staged
2025-11-24 15:30:00,9,51.011,-113.998,G09_11,staged
2025-11-24 15:30:00,10,51.047,-114.138,G11_06,staged
2025-11-24 15:35:00,1,51.047,-114.054,G11_09,staged
2025-11-24 15:35:00,2,50.939,-114.082,G05_08,staged
2025-11-24 15:35:00,3,51.101,-114.054,G14_09,staged
2025-11-24 15:35:00,4,51.09637,-113.92649,G14_14,on_scene
2025-11-24 15:35:00,5,51.137,-114.166,G16_05,staged
2025-11-24 15:35:00,6,50.903,-113.97,G03_12,responding
2025-11-24 15:35:00,7,50.993,-114.082,G08_08,staged
2025-11-24 15:35:00,8,51.137,-113.97,G16_12,staged
2025-11-24 15:35:00,9,51.011,-113.998,G09_11,staged
2025-11-24 15:35:00,10,51.047,-114.138,G11_06,staged
2025-11-24 15:40:00,1,51.047,-114.054,G11_09,staged
2025-11-24 15:40:00,2,50.939,-114.082,G05_08,staged
2025-11-24 15:40:00,3,51.101,-114.054,G14_09,staged
2025-11-24 15:40:00,4,51.08254,-113.94567,G13_13,returning
2025-11-24 15:40:00,5,51.137,-114.166,G16_05,staged
2025-11-24 15:40:00,6,50.88082,-113.96002,G02_12,responding
2025-11-24 15:40:00,7,50.993,-114.082,G08_08,staged
2025-11-24 15:40:00,8,51.137,-113.97,G16_12,staged
2025-11-24 15:40:00,9,51.011,-113.998,G09_11,staged
2025-11-24 15:40:00,10,51.047,-114.138,G11_06,staged
2025-11-24 15:45:00,1,51.047,-114.054,G11_09,staged
2025-11-24 15:45:00,2,50.939,-114.082,G05_08,staged
2025-11-24 15:45:00,3,51.101,-114.054,G14_09,staged
2025-11-24 15:45:00,4,51.06516,-113.96978,G12_12,returning
2025-11-24 15:45:00,5,51.137,-114.166,G16_05,staged
2025-11-24 15:45:00,6,50.86329,-113.95213,G01_13,on_scene
2025-11-24 15:45:00,7,50.993,-114.082,G08_08,staged
2025-11-24 15:45:00,8,51.137,-113.97,G16_12,staged
2025-11-24 15:45:00,9,51.011,-113.998,G09_11,staged
2025-11-24 15:45:00,10,51.047,-114.138,G11_06,staged
2025-11-24 15:50:00,1,51.047,-114.054,G11_09,staged
2025-11-24 15:50:00,2,50.939,-114.082,G05_08,staged
2025-11-24 15:50:00,3,51.101,-114.054,G14_09,staged
2025-11-24 15:50:00,4,51.065,-113.97,G12_12,staged
2025-11-24 15:50:00,5,51.137,-114.166,G16_05,staged
2025-11-24 15:50:00,6,50.86329,-113.95213,G01_13,on_scene
2025-11-24 15:50:00,7,50.993,-114.082,G08_08,staged
2025-11-24 15:50:00,8,51.137,-113.97,G16_12,staged
2025-11-24 15:50:00,9,51.011,-113.998,G09_11,staged
2025-11-24 15:50:00,10,51.047,-114.138,G11_06,staged
2025-11-24 15:55:00,1,51.047,-114.054,G11_09,staged
2025-11-24 15:55:00,2,50.939,-114.082,G05_08,staged
2025-11-24 15:55:00,3,51.101,-114.054,G14_09,staged
2025-11-24 15:55:00,4,51.065,-113.97,G12_12,staged
2025-11-24 15:55:00,5,51.137,-114.166,G16_05,staged
2025-11-24 15:55:00,6,50.86329,-113.95213,G01_13,on_scene
2025-11-24 15:55:00,7,50.993,-114.082,G08_08,staged
2025-11-24 15:55:00,8,51.137,-113.97,G16_12,staged
2025-11-24 15:55:00,9,51.011,-113.998,G09_11,staged
2025-11-24 15:55:00,10,51.047,-114.138,G11_06,staged
2025-11-24 16:00:00,1,51.047,-114.054,G11_09,staged
2025-11-24 16:00:00,2,50.939,-114.082,G05_08,staged
2025-11-24 16:00:00,3,51.101,-114.054,G14_09,staged
2025-11-24 16:00:00,4,51.065,-113.97,G12_12,staged
2025-11-24 16:00:00,5,51.137,-114.166,G16_05,staged
2025-11-24 16:00:00,6,50.86329,-113.95213,G01_13,on_scene
2025-11-24 16:00:00,7,50.993,-114.082,G08_08,staged
2025-11-24 16:00:00,8,51.137,-113.97,G16_12,staged
2025-11-24 16:00:00,9,51.011,-113.998,G09_11,staged
2025-11-24 16:00:00,10,51.047,-114.138,G11_06,staged
2025-11-24 16:05:00,1,51.047,-114.054,G11_09,staged
2025-11-24 16:05:00,2,50.939,-114.082,G05_08,staged
2025-11-24 16:05:00,3,51.101,-114.054,G14_09,staged
2025-11-24 16:05:00,4,51.065,-113.97,G12_12,staged
2025-11-24 16:05:00,5,51.137,-114.166,G16_05,staged
2025-11-24 16:05:00,6,50.86329,-113.95213,G01_13,on_scene
2025-11-24 16:05:00,7,50.993,-114.082,G08_08,staged
2025-11-24 16:05:00,8,51.137,-113.97,G16_12,staged
2025-11-24 16:05:00,9,51.011,-113.998,G09_11,staged
2025-11-24 16:05:00,10,51.047,-114.138,G11_06,staged
2025-11-24 16:10:00,1,51.047,-114.054,G11_09,staged
2025-11-24 16:10:00,2,50.939,-114.082,G05_08,staged
2025-11-24 16:10:00,3,51.101,-114.054,G14_09,staged
2025-11-24 16:10:00,4,51.065,-113.97,G12_12,staged
2025-11-24 16:10:00,5,51.137,-114.166,G16_05,staged
2025-11-24 16:10:00,6,50.86329,-113.95213,G01_13,on_scene
2025-11-24 16:10:00,7,50.993,-114.082,G08_08,staged
2025-11-24 16:10:00,8,51.13961,-113.94685,G16_13,on_scene
2025-11-24 16:10:00,9,51.011,-113.998,G09_11,staged
2025-11-24 16:10:00,10,51.047,-114.138,G11_06,staged
2025-11-24 16:15:00,1,51.047,-114.054,G11_09,staged
2025-11-24 16:15:00,2,50.939,-114.082,G05_08,staged
2025-11-24 16:15:00,3,51.101,-114.054,G14_09,staged
2025-11-24 16:15:00,4,51.065,-113.97,G12_12,staged
2025-11-24 16:15:00,5,51.137,-114.166,G16_05,staged
2025-11-24 16:15:00,6,50.86789,-113.95449,G01_13,responding
2025-11-24 16:15:00,7,50.993,-114.082,G08_08,staged
2025-11-24 16:15:00,8,51.13961,-113.94685,G16_13,on_scene
2025-11-24 16:15:00,9,51.011,-113.998,G09_11,staged
2025-11-24 16:15:00,10,51.047,-114.138,G11_06,staged
2025-11-24 16:20:00,1,51.047,-114.054,G11_09,staged
2025-11-24 16:20:00,2,50.939,-114.082,G05_08,staged
2025-11-24 16:20:00,3,51.101,-114.054,G14_09,staged
2025-11-24 16:20:00,4,51.065,-113.97,G12_12,staged
2025-11-24 16:20:00,5,51.137,-114.166,G16_05,staged
2025-11-24 16:20:00,6,50.88982,-113.96577,G02_12,responding
2025-11-24 16:20:00,7,50.993,-114.082,G08_08,staged
2025-11-24 16:20:00,8,51.13961,-113.94685,G16_13,on_scene
2025-11-24 16:20:00,9,51.011,-113.998,G09_11,staged
2025-11-24 16:20:00,10,51.047,-114.138,G11_06,staged
2025-11-24 16:25:00,1,51.047,-114.054,G11_09,staged
2025-11-24 16:25:00,2,50.939,-114.082,G05_08,staged
2025-11-24 16:25:00,3,51.101,-114.054,G14_09,staged
2025-11-24 16:25:00,4,51.06055,-113.97191,G12_12,responding
2025-11-24 16:25:00,5,51.137,-114.166,G16_05,staged
2025-11-24 16:25:00,6,50.90833,-113.97529,G03_12,on_scene
2025-11-24 16:25:00,7,50.993,-114.082,G08_08,staged
2025-11-24 16:25:00,8,51.13961,-113.94685,G16_13,on_scene
2025-11-24 16:25:00,9,51.011,-113.998,G09_11,staged
2025-11-24 16:25:00,10,51.047,-114.138,G11_06,staged
2025-11-24 16:30:00,1,51.047,-114.054,G11_09,staged
2025-11-24 16:30:00,2,50.93801,-114.0601,G05_09,responding
2025-11-24 16:30:00,3,51.101,-114.054,G14_09,staged
2025-11-24 16:30:00,4,51.03828,-113.98145,G11_12,responding
2025-11-24 16:30:00,5,51.137,-114.166,G16_05,staged
2025-11-24 16:30:00,6,50.90833,-113.97529,G03_12,on_scene
2025-11-24 16:30:00,7,50.993,-114.082,G08_08,staged
2025-11-24 16:30:00,8,51.13961,-113.94685,G16_13,on_scene
2025-11-24 16:30:00,9,51.011,-113.998,G09_11,staged
2025-11-24 16:30:00,10,51.047,-114.138,G11_06,staged
2025-11-24 16:35:00,1,51.047,-114.054,G11_09,staged
2025-11-24 16:35:00,2,50.93748,-114.04818,G05_09,on_scene
2025-11-24 16:35:00,3,51.101,-114.054,G14_09,staged
2025-11-24 16:35:00,4,51.03775,-113.98168,G10_12,on_scene
2025-11-24 16:35:00,5,51.137,-114.166,G16_05,staged
2025-11-24 16:35:00,6,50.90833,-113.97529,G03_12,on_scene
2025-11-24 16:35:00,7,50.993,-114.082,G08_08,staged
2025-11-24 16:35:00,8,51.13961,-113.94685,G16_13,on_scene
2025-11-24 16:35:00,9,51.011,-113.998,G09_11,staged
2025-11-24 16:35:00,10,51.047,-114.138,G11_06,staged
2025-11-24 16:40:00,1,51.047,-114.054,G11_09,staged
2025-11-24 16:40:00,2,50.93748,-114.04818,G05_09,on_scene
2025-11-24 16:40:00,3,51.101,-114.054,G14_09,staged
2025-11-24 16:40:00,4,51.03775,-113.98168,G10_12,on_scene
2025-11-24 16:40:00,5,51.137,-114.166,G16_05,staged
2025-11-24 16:40:00,6,50.90833,-113.97529,G03_12,on_scene
2025-11-24 16:40:00,7,50.993,-114.082,G08_08,staged
2025-11-24 16:40:00,8,51.13896,-113.95264,G16_13,returning
2025-11-24 16:40:00,9,51.011,-113.998,G09_11,staged
2025-11-24 16:40:00,10,51.047,-114.138,G11_06,staged
2025-11-24 16:45:00,1,51.047,-114.054,G11_09,staged
2025-11-24 16:45:00,2,50.93748,-114.04818,G05_09,on_scene
2025-11-24 16:45:00,3,51.101,-114.054,G14_09,staged
2025-11-24 16:45:00,4,51.03775,-113.98168,G10_12,on_scene
2025-11-24 16:45:00,5,51.137,-114.166,G16_05,staged
2025-11-24 16:45:00,6,50.90833,-113.97529,G03_12,on_scene
2025-11-24 16:45:00,7,50.993,-114.082,G08_08,staged
2025-11-24 16:45:00,8,51.137,-113.97,G16_12,staged
2025-11-24 16:45:00,9,51.011,-113.998,G09_11,staged
2025-11-24 16:45:00,10,51.047,-114.138,G11_06,staged
2025-11-24 16:50:00,1,51.047,-114.054,G11_09,staged
2025-11-24 16:50:00,2,50.93748,-114.04818,G05_09,on_scene
2025-11-24 16:50:00,3,51.101,-114.054,G14_09,staged
2025-11-24 16:50:00,4,51.03775,-113.98168,G10_12,on_scene
2025-11-24 16:50:00,5,51.137,-114.166,G16_05,staged
2025-11-24 16:50:00,6,50.90833,-113.97529,G03_12,on_scene
2025-11-24 16:50:00,7,50.993,-114.082,G08_08,staged
2025-11-24 16:50:00,8,51.137,-113.97,G16_12,staged
2025-11-24 16:50:00,9,51.011,-113.998,G09_11,staged
2025-11-24 16:50:00,10,51.047,-114.138,G11_06,staged
2025-11-24 16:55:00,1,51.047,-114.054,G11_09,staged
2025-11-24 16:55:00,2,50.93748,-114.04818,G05_09,on_scene
2025-11-24 16:55:00,3,51.101,-114.054,G14_09,staged
2025-11-24 16:55:00,4,51.03775,-113.98168,G10_12,on_scene
2025-11-24 16:55:00,5,51.137,-114.166,G16_05,staged
2025-11-24 16:55:00,6,50.90528,-113.97226,G03_12,returning
2025-11-24 16:55:00,7,50.993,-114.082,G08_08,staged
2025-11-24 16:55:00,8,51.137,-113.97,G16_12,staged
2025-11-24 16:55:00,9,51.011,-113.998,G09_11,staged
2025-11-24 16:55:00,10,51.047,-114.138,G11_06,staged
2025-11-24 17:00:00,1,51.047,-114.054,G11_09,staged
2025-11-24 17:00:00,2,50.93748,-114.04818,G05_09,on_scene
2025-11-24 17:00:00,3,51.101,-114.054,G14_09,staged
2025-11-24 17:00:00,4,51.03775,-113.98168,G10_12,on_scene
2025-11-24 17:00:00,5,51.137,-114.166,G16_05,staged
2025-11-24 17:00:00,6,50.903,-113.97,G03_12,staged
2025-11-24 17:00:00,7,50.993,-114.082,G08_08,staged
2025-11-24 17:00:00,8,51.137,-113.97,G16_12,staged
2025-11-24 17:00:00,9,51.011,-113.998,G09_11,staged
2025-11-24 17:00:00,10,51.047,-114.138,G11_06,staged
2025-11-24 17:05:00,1,51.047,-114.054,G11_09,staged
2025-11-24 17:05:00,2,50.93858,-114.07276,G05_08,returning
2025-11-24 17:05:00,3,51.101,-114.054,G14_09,staged
2025-11-24 17:05:00,4,51.05948,-113.97237,G12_12,returning
2025-11-24 17:05:00,5,51.137,-114.166,G16_05,staged
2025-11-24 17:05:00,6,50.903,-113.97,G03_12,staged
2025-11-24 17:05:00,7,50.993,-114.082,G08_08,staged
2025-11-24 17:05:00,8,51.137,-113.97,G16_12,staged
2025-11-24 17:05:00,9,51.011,-113.998,G09_11,staged
2025-11-24 17:05:00,10,51.047,-114.138,G11_06,staged
2025-11-24 17:10:00,1,51.047,-114.054,G11_09,staged
2025-11-24 17:10:00,2,50.939,-114.082,G05_08,staged
2025-11-24 17:10:00,3,51.10987,-114.04995,G14_09,responding
2025-11-24 17:10:00,4,51.065,-113.97,G12_12,staged
2025-11-24 17:10:00,5,51.137,-114.166,G16_05,staged
2025-11-24 17:10:00,6,50.903,-113.97,G03_12,staged
2025-11-24 17:10:00,7,50.993,-114.082,G08_08,staged
2025-11-24 17:10:00,8,51.137,-113.97,G16_12,staged
2025-11-24 17:10:00,9,51.011,-113.998,G09_11,staged
2025-11-24 17:10:00,10,51.047,-114.138,G11_06,staged
2025-11-24 17:15:00,1,51.047,-114.054,G11_09,staged
2025-11-24 17:15:00,2,50.939,-114.082,G05_08,staged
2025-11-24 17:15:00,3,51.13203,-114.03983,G16_10,responding
2025-11-24 17:15:00,4,51.065,-113.97,G12_12,staged
2025-11-24 17:15:00,5,51.137,-114.166,G16_05,staged
2025-11-24 17:15:00,6,50.903,-113.97,G03_12,staged
2025-11-24 17:15:00,7,50.993,-114.082,G08_08,staged
2025-11-24 17:15:00,8,51.137,-113.97,G16_12,staged
2025-11-24 17:15:00,9,51.011,-113.998,G09_11,staged
2025-11-24 17:15:00,10,51.047,-114.138,G11_06,staged
2025-11-24 17:20:00,1,51.047,-114.054,G11_09,staged
2025-11-24 17:20:00,2,50.939,-114.082,G05_08,staged
2025-11-24 17:20:00,3,51.13852,-114.03687,G16_10,on_scene
2025-11-24 17:20:00,4,51.065,-113.97,G12_12,staged
2025-11-24 17:20:00,5,51.137,-114.166,G16_05,staged
2025-11-24 17:20:00,6,50.903,-113.97,G03_12,staged
2025-11-24 17:20:00,7,50.993,-114.082,G08_08,staged
2025-11-24 17:20:00,8,51.137,-113.97,G16_12,staged
2025-11-24 17:20:00,9,51.011,-113.998,G09_11,staged
2025-11-24 17:20:00,10,51.047,-114.138,G11_06,staged
2025-11-24 17:25:00,1,51.047,-114.054,G11_09,staged
2025-11-24 17:25:00,2,50.939,-114.082,G05_08,staged
2025-11-24 17:25:00,3,51.13852,-114.03687,G16_10,on_scene
2025-11-24 17:25:00,4,51.065,-113.97,G12_12,staged
2025-11-24 17:25:00,5,51.137,-114.166,G16_05,staged
2025-11-24 17:25:00,6,50.903,-113.97,G03_12,staged
2025-11-24 17:25:00,7,50.993,-114.082,G08_08,staged
2025-11-24 17:25:00,8,51.137,-113.97,G16_12,staged
2025-11-24 17:25:00,9,51.011,-113.998,G09_11,staged
2025-11-24 17:25:00,10,51.047,-114.138,G11_06,staged
2025-11-24 17:30:00,1,51.047,-114.054,G11_09,staged
2025-11-24 17:30:00,2,50.939,-114.082,G05_08,staged
2025-11-24 17:30:00,3,51.13852,-114.03687,G16_10,on_scene
2025-11-24 17:30:00,4,51.065,-113.97,G12_12,staged
2025-11-24 17:30:00,5,51.137,-114.166,G16_05,staged
2025-11-24 17:30:00,6,50.903,-113.97,G03_12,staged
2025-11-24 17:30:00,7,50.993,-114.082,G08_08,staged
2025-11-24 17:30:00,8,51.137,-113.97,G16_12,staged
2025-11-24 17:30:00,9,51.011,-113.998,G09_11,staged
2025-11-24 17:30:00,10,51.047,-114.138,G11_06,staged
2025-11-24 17:35:00,1,51.047,-114.054,G11_09,staged
2025-11-24 17:35:00,2,50.939,-114.082,G05_08,staged
2025-11-24 17:35:00,3,51.13852,-114.03687,G16_10,on_scene
2025-11-24 17:35:00,4,51.065,-113.97,G12_12,staged
2025-11-24 17:35:00,5,51.137,-114.166,G16_05,staged
2025-11-24 17:35:00,6,50.903,-113.97,G03_12,staged
2025-11-24 17:35:00,7,50.993,-114.082,G08_08,staged
2025-11-24 17:35:00,8,51.137,-113.97,G16_12,staged
2025-11-24 17:35:00,9,51.011,-113.998,G09_11,staged
2025-11-24 17:35:00,10,51.047,-114.138,G11_06,staged
2025-11-24 17:40:00,1,51.047,-114.054,G11_09,staged
2025-11-24 17:40:00,2,50.939,-114.082,G05_08,staged
2025-11-24 17:40:00,3,51.13852,-114.03687,G16_10,on_scene
2025-11-24 17:40:00,4,51.065,-113.97,G12_12,staged
2025-11-24 17:40:00,5,51.137,-114.166,G16_05,staged
2025-11-24 17:40:00,6,50.903,-113.97,G03_12,staged
2025-11-24 17:40:00,7,50.993,-114.082,G08_08,staged
2025-11-24 17:40:00,8,51.137,-113.97,G16_12,staged
2025-11-24 17:40:00,9,51.011,-113.998,G09_11,staged
2025-11-24 17:40:00,10,51.047,-114.138,G11_06,staged
2025-11-24 17:45:00,1,51.047,-114.054,G11_09,staged
2025-11-24 17:45:00,2,50.939,-114.082,G05_08,staged
2025-11-24 17:45:00,3,51.13852,-114.03687,G16_10,on_scene
2025-11-24 17:45:00,4,51.065,-113.97,G12_12,staged
2025-11-24 17:45:00,5,51.137,-114.166,G16_05,staged
2025-11-24 17:45:00,6,50.903,-113.97,G03_12,staged
2025-11-24 17:45:00,7,50.993,-114.082,G08_08,staged
2025-11-24 17:45:00,8,51.137,-113.97,G16_12,staged
2025-11-24 17:45:00,9,51.011,-113.998,G09_11,staged
2025-11-24 17:45:00,10,51.047,-114.138,G11_06,staged
2025-11-24 17:50:00,1,51.047,-114.054,G11_09,staged
2025-11-24 17:50:00,2,50.939,-114.082,G05_08,staged
2025-11-24 17:50:00,3,51.12285,-114.04403,G15_09,returning
2025-11-24 17:50:00,4,51.065,-113.97,G12_12,staged
2025-11-24 17:50:00,5,51.137,-114.166,G16_05,staged
2025-11-24 17:50:00,6,50.903,-113.97,G03_12,staged
2025-11-24 17:50:00,7,50.993,-114.082,G08_08,staged
2025-11-24 17:50:00,8,51.137,-113.97,G16_12,staged
2025-11-24 17:50:00,9,51.011,-113.998,G09_11,staged
2025-11-24 17:50:00,10,51.047,-114.138,G11_06,staged
2025-11-24 17:55:00,1,51.047,-114.054,G11_09,staged
2025-11-24 17:55:00,2,50.939,-114.082,G05_08,staged
2025-11-24 17:55:00,3,51.101,-114.054,G14_09,staged
2025-11-24 17:55:00,4,51.065,-113.97,G12_12,staged
2025-11-24 17:55:00,5,51.137,-114.166,G16_05,staged
2025-11-24 17:55:00,6,50.903,-113.97,G03_12,staged
2025-11-24 17:55:00,7,50.993,-114.082,G08_08,staged
2025-11-24 17:55:00,8,51.137,-113.97,G16_12,staged
2025-11-24 17:55:00,9,51.011,-113.998,G09_11,staged
2025-11-24 17:55:00,10,51.047,-114.138,G11_06,staged
2025-11-24 18:00:00,1,51.047,-114.054,G11_09,staged
2025-11-24 18:00:00,2,50.939,-114.082,G05_08,staged
2025-11-24 18:00:00,3,51.101,-114.054,G14_09,staged
2025-11-24 18:00:00,4,51.065,-113.97,G12_12,staged
2025-11-24 18:00:00,5,51.137,-114.166,G16_05,staged
2025-11-24 18:00:00,6,50.903,-113.97,G03_12,staged
2025-11-24 18:00:00,7,50.993,-114.082,G08_08,staged
2025-11-24 18:00:00,8,51.137,-113.97,G16_12,staged
2025-11-24 18:00:00,9,51.011,-113.998,G09_11,staged
2025-11-24 18:00:00,10,51.047,-114.138,G11_06,staged
2025-11-24 18:05:00,1,51.047,-114.054,G11_09,staged
2025-11-24 18:05:00,2,50.939,-114.082,G05_08,staged
2025-11-24 18:05:00,3,51.101,-114.054,G14_09,staged
2025-11-24 18:05:00,4,51.065,-113.97,G12_12,staged
2025-11-24 18:05:00,5,51.137,-114.166,G16_05,staged
2025-11-24 18:05:00,6,50.903,-113.97,G03_12,staged
2025-11-24 18:05:00,7,50.993,-114.082,G08_08,staged
2025-11-24 18:05:00,8,51.137,-113.97,G16_12,responding
2025-11-24 18:05:00,9,51.011,-113.998,G09_11,staged
2025-11-24 18:05:00,10,51.047,-114.138,G11_06,staged
2025-11-24 18:10:00,1,51.047,-114.054,G11_09,staged
2025-11-24 18:10:00,2,50.939,-114.082,G05_08,staged
2025-11-24 18:10:00,3,51.101,-114.054,G14_09,staged
2025-11-24 18:10:00,4,51.065,-113.97,G12_12,staged
2025-11-24 18:10:00,5,51.137,-114.166,G16_05,staged
2025-11-24 18:10:00,6,50.903,-113.97,G03_12,staged
2025-11-24 18:10:00,7,50.993,-114.082,G08_08,staged
2025-11-24 18:10:00,8,51.1498,-114.00058,G17_11,responding
2025-11-24 18:10:00,9,51.011,-113.998,G09_11,staged
2025-11-24 18:10:00,10,51.047,-114.138,G11_06,staged
2025-11-24 18:15:00,1,51.047,-114.054,G11_09,staged
2025-11-24 18:15:00,2,50.939,-114.082,G05_08,responding
2025-11-24 18:15:00,3,51.101,-114.054,G14_09,staged
2025-11-24 18:15:00,4,51.065,-113.97,G12_12,staged
2025-11-24 18:15:00,5,51.137,-114.166,G16_05,staged
2025-11-24 18:15:00,6,50.903,-113.97,G03_12,staged
2025-11-24 18:15:00,7,50.993,-114.082,G08_08,staged
2025-11-24 18:15:00,8,51.15589,-114.01514,G17_10,on_scene
2025-11-24 18:15:00,9,51.011,-113.998,G09_11,staged
2025-11-24 18:15:00,10,51.047,-114.138,G11_06,staged
2025-11-24 18:20:00,1,51.047,-114.054,G11_09,staged
2025-11-24 18:20:00,2,50.93057,-114.06644,G05_09,on_scene
2025-11-24 18:20:00,3,51.101,-114.054,G14_09,staged
2025-11-24 18:20:00,4,51.065,-113.97,G12_12,staged
2025-11-24 18:20:00,5,51.137,-114.166,G16_05,staged
2025-11-24 18:20:00,6,50.903,-113.97,G03_12,staged
2025-11-24 18:20:00,7,50.993,-114.082,G08_08,staged
2025-11-24 18:20:00,8,51.15589,-114.01514,G17_10,on_scene
2025-11-24 18:20:00,9,51.011,-113.998,G09_11,staged
2025-11-24 18:20:00,10,51.047,-114.138,G11_06,staged
2025-11-24 18:25:00,1,51.047,-114.054,G11_09,staged
2025-11-24 18:25:00,2,50.93057,-114.06644,G05_09,on_scene
2025-11-24 18:25:00,3,51.101,-114.054,G14_09,staged
2025-11-24 18:25:00,4,51.065,-113.97,G12_12,staged
2025-11-24 18:25:00,5,51.137,-114.166,G16_05,staged
2025-11-24 18:25:00,6,50.903,-113.97,G03_12,staged
2025-11-24 18:25:00,7,50.993,-114.082,G08_08,staged
2025-11-24 18:25:00,8,51.15589,-114.01514,G17_10,on_scene
2025-11-24 18:25:00,9,51.011,-113.998,G09_11,staged
2025-11-24 18:25:00,10,51.047,-114.138,G11_06,staged
2025-11-24 18:30:00,1,51.047,-114.054,G11_09,staged
2025-11-24 18:30:00,2,50.93057,-114.06644,G05_09,on_scene
2025-11-24 18:30:00,3,51.101,-114.054,G14_09,staged
2025-11-24 18:30:00,4,51.065,-113.97,G12_12,staged
2025-11-24 18:30:00,5,51.137,-114.166,G16_05,staged
2025-11-24 18:30:00,6,50.903,-113.97,G03_12,staged
2025-11-24 18:30:00,7,50.993,-114.082,G08_08,staged
2025-11-24 18:30:00,8,51.15589,-114.01514,G17_10,on_scene
2025-11-24 18:30:00,9,51.011,-113.998,G09_11,staged
2025-11-24 18:30:00,10,51.047,-114.138,G11_06,staged
2025-11-24 18:35:00,1,51.047,-114.054,G11_09,staged
2025-11-24 18:35:00,2,50.93057,-114.06644,G05_09,on_scene
2025-11-24 18:35:00,3,51.101,-114.054,G14_09,staged
2025-11-24 18:35:00,4,51.065,-113.97,G12_12,staged
2025-11-24 18:35:00,5,51.137,-114.166,G16_05,staged
2025-11-24 18:35:00,6,50.903,-113.97,G03_12,staged
2025-11-24 18:35:00,7,50.993,-114.082,G08_08,staged
2025-11-24 18:35:00,8,51.15589,-114.01514,G17_10,on_scene
2025-11-24 18:35:00,9,51.011,-113.998,G09_11,staged
2025-11-24 18:35:00,10,51.047,-114.138,G11_06,staged
2025-11-24 18:40:00,1,51.047,-114.054,G11_09,staged
2025-11-24 18:40:00,2,50.93057,-114.06644,G05_09,on_scene
2025-11-24 18:40:00,3,51.101,-114.054,G14_09,staged
2025-11-24 18:40:00,4,51.065,-113.97,G12_12,staged
2025-11-24 18:40:00,5,51.137,-114.166,G16_05,staged
2025-11-24 18:40:00,6,50.903,-113.97,G03_12,staged
2025-11-24 18:40:00,7,50.993,-114.082,G08_08,staged
2025-11-24 18:40:00,8,51.15589,-114.01514,G17_10,on_scene
2025-11-24 18:40:00,9,51.011,-113.998,G09_11,staged
2025-11-24 18:40:00,10,51.047,-114.138,G11_06,staged
2025-11-24 18:45:00,1,51.047,-114.054,G11_09,staged
2025-11-24 18:45:00,2,50.93057,-114.06644,G05_09,on_scene
2025-11-24 18:45:00,3,51.101,-114.054,G14_09,staged
2025-11-24 18:45:00,4,51.065,-113.97,G12_12,staged
2025-11-24 18:45:00,5,51.137,-114.166,G16_05,staged
2025-11-24 18:45:00,6,50.903,-113.97,G03_12,staged
2025-11-24 18:45:00,7,50.993,-114.082,G08_08,staged
2025-11-24 18:45:00,8,51.14919,-113.99912,G17_11,returning
2025-11-24 18:45:00,9,51.011,-113.998,G09_11,staged
2025-11-24 18:45:00,10,51.047,-114.138,G11_06,staged
2025-11-24 18:50:00,1,51.047,-114.054,G11_09,staged
2025-11-24 18:50:00,2,50.93717,-114.07863,G05_08,returning
2025-11-24 18:50:00,3,51.101,-114.054,G14_09,staged
2025-11-24 18:50:00,4,51.065,-113.97,G12_12,staged
2025-11-24 18:50:00,5,51.137,-114.166,G16_05,staged
2025-11-24 18:50:00,6,50.903,-113.97,G03_12,staged
2025-11-24 18:50:00,7,50.993,-114.082,G08_08,staged
2025-11-24 18:50:00,8,51.137,-113.97,G16_12,staged
2025-11-24 18:50:00,9,51.011,-113.998,G09_11,staged
2025-11-24 18:50:00,10,51.047,-114.138,G11_06,staged
2025-11-24 18:55:00,1,51.047,-114.054,G11_09,staged
2025-11-24 18:55:00,2,50.939,-114.082,G05_08,staged
2025-11-24 18:55:00,3,51.101,-114.054,G14_09,staged
2025-11-24 18:55:00,4,51.065,-113.97,G12_12,staged
2025-11-24 18:55:00,5,51.137,-114.166,G16_05,staged
2025-11-24 18:55:00,6,50.903,-113.97,G03_12,staged
2025-11-24 18:55:00,7,50.993,-114.082,G08_08,staged
2025-11-24 18:55:00,8,51.137,-113.97,G16_12,staged
2025-11-24 18:55:00,9,51.011,-113.998,G09_11,staged
2025-11-24 18:55:00,10,51.047,-114.138,G11_06,staged
2025-11-24 19:00:00,1,51.047,-114.054,G11_09,staged
2025-11-24 19:00:00,2,50.939,-114.082,G05_08,staged
2025-11-24 19:00:00,3,51.101,-114.054,G14_09,staged
2025-11-24 19:00:00,4,51.065,-113.97,G12_12,staged
2025-11-24 19:00:00,5,51.137,-114.166,G16_05,staged
2025-11-24 19:00:00,6,50.903,-113.97,G03_12,staged
2025-11-24 19:00:00,7,50.993,-114.082,G08_08,staged
2025-11-24 19:00:00,8,51.137,-113.97,G16_12,staged
2025-11-24 19:00:00,9,51.011,-113.998,G09_11,staged
2025-11-24 19:00:00,10,51.047,-114.138,G11_06,staged
2025-11-24 19:05:00,1,51.047,-114.054,G11_09,staged
2025-11-24 19:05:00,2,50.939,-114.082,G05_08,staged
2025-11-24 19:05:00,3,51.101,-114.054,G14_09,staged
2025-11-24 19:05:00,4,51.065,-113.97,G12_12,staged
2025-11-24 19:05:00,5,51.137,-114.166,G16_05,staged
2025-11-24 19:05:00,6,50.903,-113.97,G03_12,staged
2025-11-24 19:05:00,7,50.993,-114.082,G08_08,staged
2025-11-24 19:05:00,8,51.14113,-113.96672,G16_12,responding
2025-11-24 19:05:00,9,51.011,-113.998,G09_11,staged
2025-11-24 19:05:00,10,51.047,-114.138,G11_06,staged
2025-11-24 19:10:00,1,51.047,-114.054,G11_09,staged
2025-11-24 19:10:00,2,50.939,-114.082,G05_08,staged
2025-11-24 19:10:00,3,51.101,-114.054,G14_09,staged
2025-11-24 19:10:00,4,51.065,-113.97,G12_12,staged
2025-11-24 19:10:00,5,51.137,-114.166,G16_05,staged
2025-11-24 19:10:00,6,50.903,-113.97,G03_12,staged
2025-11-24 19:10:00,7,50.993,-114.082,G08_08,staged
2025-11-24 19:10:00,8,51.16177,-113.95034,G17_13,responding
2025-11-24 19:10:00,9,51.011,-113.998,G09_11,staged
2025-11-24 19:10:00,10,51.047,-114.138,G11_06,staged
2025-11-24 19:15:00,1,51.047,-114.054,G11_09,staged
2025-11-24 19:15:00,2,50.939,-114.082,G05_08,staged
2025-11-24 19:15:00,3,51.101,-114.054,G14_09,staged
2025-11-24 19:15:00,4,51.065,-113.97,G12_12,staged
2025-11-24 19:15:00,5,51.137,-114.166,G16_05,staged
2025-11-24 19:15:00,6,50.903,-113.97,G03_12,staged
2025-11-24 19:15:00,7,50.993,-114.082,G08_08,staged
2025-11-24 19:15:00,8,51.16545,-113.94742,G18_13,on_scene
2025-11-24 19:15:00,9,51.011,-113.998,G09_11,staged
2025-11-24 19:15:00,10,51.047,-114.138,G11_06,staged
2025-11-24 19:20:00,1,51.047,-114.054,G11_09,staged
2025-11-24 19:20:00,2,50.939,-114.082,G05_08,staged
2025-11-24 19:20:00,3,51.101,-114.054,G14_09,staged
2025-11-24 19:20:00,4,51.065,-113.97,G12_12,staged
2025-11-24 19:20:00,5,51.137,-114.166,G16_05,staged
2025-11-24 19:20:00,6,50.903,-113.97,G03_12,staged
2025-11-24 19:20:00,7,50.993,-114.082,G08_08,staged
2025-11-24 19:20:00,8,51.16545,-113.94742,G18_13,on_scene
2025-11-24 19:20:00,9,51.011,-113.998,G09_11,staged
2025-11-24 19:20:00,10,51.047,-114.138,G11_06,staged
2025-11-24 19:25:00,1,51.047,-114.054,G11_09,staged
2025-11-24 19:25:00,2,50.939,-114.082,G05_08,staged
2025-11-24 19:25:00,3,51.101,-114.054,G14_09,staged
2025-11-24 19:25:00,4,51.065,-113.97,G12_12,staged
2025-11-24 19:25:00,5,51.137,-114.166,G16_05,staged
2025-11-24 19:25:00,6,50.903,-113.97,G03_12,staged
2025-11-24 19:25:00,7,50.993,-114.082,G08_08,staged
2025-11-24 19:25:00,8,51.16545,-113.94742,G18_13,on_scene
2025-11-24 19:25:00,9,51.011,-113.998,G09_11,staged
2025-11-24 19:25:00,10,51.047,-114.138,G11_06,staged
2025-11-24 19:30:00,1,51.047,-114.054,G11_09,staged
2025-11-24 19:30:00,2,50.939,-114.082,G05_08,staged
2025-11-24 19:30:00,3,51.101,-114.054,G14_09,staged
2025-11-24 19:30:00,4,51.07833,-113.96408,G13_12,responding
2025-11-24 19:30:00,5,51.137,-114.166,G16_05,staged
2025-11-24 19:30:00,6,50.903,-113.97,G03_12,staged
2025-11-24 19:30:00,7,50.993,-114.082,G08_08,staged
2025-11-24 19:30:00,8,51.16545,-113.94742,G18_13,on_scene
2025-11-24 19:30:00,9,51.011,-113.998,G09_11,staged
2025-11-24 19:30:00,10,51.047,-114.138,G11_06,staged
2025-11-24 19:35:00,1,51.047,-114.054,G11_09,staged
2025-11-24 19:35:00,2,50.939,-114.082,G05_08,staged
2025-11-24 19:35:00,3,51.101,-114.054,G14_09,staged
2025-11-24 19:35:00,4,51.09136,-113.9583,G13_12,on_scene
2025-11-24 19:35:00,5,51.137,-114.166,G16_05,staged
2025-11-24 19:35:00,6,50.903,-113.97,G03_12,staged
2025-11-24 19:35:00,7,50.993,-114.082,G08_08,staged
2025-11-24 19:35:00,8,51.16545,-113.94742,G18_13,on_scene
2025-11-24 19:35:00,9,51.011,-113.998,G09_11,staged
2025-11-24 19:35:00,10,51.047,-114.138,G11_06,staged
2025-11-24 19:40:00,1,51.047,-114.054,G11_09,staged
2025-11-24 19:40:00,2,50.939,-114.082,G05_08,staged
2025-11-24 19:40:00,3,51.101,-114.054,G14_09,staged
2025-11-24 19:40:00,4,51.09136,-113.9583,G13_12,on_scene
2025-11-24 19:40:00,5,51.137,-114.166,G16_05,staged
2025-11-24 19:40:00,6,50.903,-113.97,G03_12,staged
2025-11-24 19:40:00,7,50.993,-114.082,G08_08,staged
2025-11-24 19:40:00,8,51.16545,-113.94742,G18_13,on_scene
2025-11-24 19:40:00,9,51.011,-113.998,G09_11,staged
2025-11-24 19:40:00,10,51.047,-114.138,G11_06,staged
2025-11-24 19:45:00,1,51.047,-114.054,G11_09,staged
2025-11-24 19:45:00,2,50.939,-114.082,G05_08,staged
2025-11-24 19:45:00,3,51.101,-114.054,G14_09,staged
2025-11-24 19:45:00,4,51.09136,-113.9583,G13_12,on_scene
2025-11-24 19:45:00,5,51.137,-114.166,G16_05,staged
2025-11-24 19:45:00,6,50.903,-113.97,G03_12,staged
2025-11-24 19:45:00,7,50.993,-114.082,G08_08,staged
2025-11-24 19:45:00,8,51.14848,-113.96089,G17_12,returning
2025-11-24 19:45:00,9,51.011,-113.998,G09_11,staged
2025-11-24 19:45:00,10,51.047,-114.138,G11_06,staged
2025-11-24 19:50:00,1,51.047,-114.054,G11_09,staged
2025-11-24 19:50:00,2,50.939,-114.082,G05_08,staged
2025-11-24 19:50:00,3,51.101,-114.054,G14_09,staged
2025-11-24 19:50:00,4,51.09136,-113.9583,G13_12,on_scene
2025-11-24 19:50:00,5,51.137,-114.166,G16_05,staged
2025-11-24 19:50:00,6,50.903,-113.97,G03_12,staged
2025-11-24 19:50:00,7,50.993,-114.082,G08_08,staged
2025-11-24 19:50:00,8,51.137,-113.97,G16_12,staged
2025-11-24 19:50:00,9,51.011,-113.998,G09_11,staged
2025-11-24 19:50:00,10,51.047,-114.138,G11_06,staged
2025-11-24 19:55:00,1,51.047,-114.054,G11_09,staged
2025-11-24 19:55:00,2,50.939,-114.082,G05_08,staged
2025-11-24 19:55:00,3,51.101,-114.054,G14_09,staged
2025-11-24 19:55:00,4,51.09136,-113.9583,G13_12,on_scene
2025-11-24 19:55:00,5,51.137,-114.166,G16_05,staged
2025-11-24 19:55:00,6,50.903,-113.97,G03_12,staged
2025-11-24 19:55:00,7,50.993,-114.082,G08_08,staged
2025-11-24 19:55:00,8,51.137,-113.97,G16_12,staged
2025-11-24 19:55:00,9,51.011,-113.998,G09_11,staged
2025-11-24 19:55:00,10,51.047,-114.138,G11_06,staged
2025-11-24 20:00:00,1,51.047,-114.054,G11_09,staged
2025-11-24 20:00:00,2,50.939,-114.082,G05_08,staged
2025-11-24 20:00:00,3,51.101,-114.054,G14_09,staged
2025-11-24 20:00:00,4,51.09136,-113.9583,G13_12,on_scene
2025-11-24 20:00:00,5,51.137,-114.166,G16_05,staged
2025-11-24 20:00:00,6,50.903,-113.97,G03_12,staged
2025-11-24 20:00:00,7,50.993,-114.082,G08_08,staged
2025-11-24 20:00:00,8,51.137,-113.97,G16_12,staged
2025-11-24 20:00:00,9,51.011,-113.998,G09_11,staged
2025-11-24 20:00:00,10,51.047,-114.138,G11_06,staged
2025-11-24 20:05:00,1,51.047,-114.054,G11_09,staged
2025-11-24 20:05:00,2,50.939,-114.082,G05_08,staged
2025-11-24 20:05:00,3,51.101,-114.054,G14_09,staged
2025-11-24 20:05:00,4,51.08218,-113.96238,G13_12,returning
2025-11-24 20:05:00,5,51.137,-114.166,G16_05,staged
2025-11-24 20:05:00,6,50.903,-113.97,G03_12,staged
2025-11-24 20:05:00,7,50.993,-114.082,G08_08,staged
2025-11-24 20:05:00,8,51.137,-113.97,G16_12,staged
2025-11-24 20:05:00,9,51.011,-113.998,G09_11,staged
2025-11-24 20:05:00,10,51.047,-114.138,G11_06,staged
2025-11-24 20:10:00,1,51.047,-114.054,G11_09,staged
2025-11-24 20:10:00,2,50.939,-114.082,G05_08,staged
2025-11-24 20:10:00,3,51.101,-114.054,G14_09,staged
2025-11-24 20:10:00,4,51.065,-113.97,G12_12,staged
2025-11-24 20:10:00,5,51.137,-114.166,G16_05,staged
2025-11-24 20:10:00,6,50.903,-113.97,G03_12,staged
2025-11-24 20:10:00,7,50.993,-114.082,G08_08,staged
2025-11-24 20:10:00,8,51.137,-113.97,G16_12,staged
2025-11-24 20:10:00,9,51.011,-113.998,G09_11,staged
2025-11-24 20:10:00,10,51.047,-114.138,G11_06,staged
2025-11-24 20:15:00,1,51.047,-114.054,G11_09,staged
2025-11-24 20:15:00,2,50.939,-114.082,G05_08,staged
2025-11-24 20:15:00,3,51.101,-114.054,G14_09,staged
2025-11-24 20:15:00,4,51.065,-113.97,G12_12,staged
2025-11-24 20:15:00,5,51.137,-114.166,G16_05,staged
2025-11-24 20:15:00,6,50.903,-113.97,G03_12,staged
2025-11-24 20:15:00,7,50.993,-114.082,G08_08,staged
2025-11-24 20:15:00,8,51.137,-113.97,G16_12,staged
2025-11-24 20:15:00,9,51.011,-113.998,G09_11,staged
2025-11-24 20:15:00,10,51.047,-114.138,G11_06,staged
2025-11-24 20:20:00,1,51.0608,-114.05551,G12_09,responding
2025-11-24 20:20:00,2,50.939,-114.082,G05_08,staged
2025-11-24 20:20:00,3,51.101,-114.054,G14_09,staged
2025-11-24 20:20:00,4,51.065,-113.97,G12_12,staged
2025-11-24 20:20:00,5,51.137,-114.166,G16_05,staged
2025-11-24 20:20:00,6,50.903,-113.97,G03_12,staged
2025-11-24 20:20:00,7,50.993,-114.082,G08_08,staged
2025-11-24 20:20:00,8,51.137,-113.97,G16_12,staged
2025-11-24 20:20:00,9,51.011,-113.998,G09_11,staged
2025-11-24 20:20:00,10,51.047,-114.138,G11_06,staged
2025-11-24 20:25:00,1,51.06684,-114.05617,G12_09,on_scene
2025-11-24 20:25:00,2,50.939,-114.082,G05_08,staged
2025-11-24 20:25:00,3,51.11945,-114.05353,G15_09,responding
2025-11-24 20:25:00,4,51.065,-113.97,G12_12,staged
2025-11-24 20:25:00,5,51.137,-114.166,G16_05,staged
2025-11-24 20:25:00,6,50.903,-113.97,G03_12,staged
2025-11-24 20:25:00,7,50.993,-114.082,G08_08,staged
2025-11-24 20:25:00,8,51.137,-113.97,G16_12,staged
2025-11-24 20:25:00,9,51.011,-113.998,G09_11,staged
2025-11-24 20:25:00,10,51.047,-114.138,G11_06,staged
2025-11-24 20:30:00,1,51.06684,-114.05617,G12_09,on_scene
2025-11-24 20:30:00,2,50.939,-114.082,G05_08,staged
2025-11-24 20:30:00,3,51.1425,-114.05294,G16_09,responding
2025-11-24 20:30:00,4,51.065,-113.97,G12_12,staged
2025-11-24 20:30:00,5,51.137,-114.166,G16_05,staged
2025-11-24 20:30:00,6,50.903,-113.97,G03_12,staged
2025-11-24 20:30:00,7,50.993,-114.082,G08_08,staged
2025-11-24 20:30:00,8,51.137,-113.97,G16_12,staged
2025-11-24 20:30:00,9,51.011,-113.998,G09_11,staged
2025-11-24 20:30:00,10,51.047,-114.138,G11_06,staged
2025-11-24 20:35:00,1,51.06684,-114.05617,G12_09,on_scene
2025-11-24 20:35:00,2,50.939,-114.082,G05_08,staged
2025-11-24 20:35:00,3,51.15494,-114.05263,G17_09,on_scene
2025-11-24 20:35:00,4,51.065,-113.97,G12_12,staged
2025-11-24 20:35:00,5,51.137,-114.166,G16_05,staged
2025-11-24 20:35:00,6,50.903,-113.97,G03_12,staged
2025-11-24 20:35:00,7,50.993,-114.082,G08_08,staged
2025-11-24 20:35:00,8,51.137,-113.97,G16_12,staged
2025-11-24 20:35:00,9,51.011,-113.998,G09_11,staged
2025-11-24 20:35:00,10,51.047,-114.138,G11_06,staged
2025-11-24 20:40:00,1,51.06684,-114.05617,G12_09,on_scene
2025-11-24 20:40:00,2,50.939,-114.082,G05_08,staged
2025-11-24 20:40:00,3,51.15494,-114.05263,G17_09,on_scene
2025-11-24 20:40:00,4,51.065,-113.97,G12_12,staged
2025-11-24 20:40:00,5,51.137,-114.166,G16_05,staged
2025-11-24 20:40:00,6,50.903,-113.97,G03_12,staged
2025-11-24 20:40:00,7,50.993,-114.082,G08_08,staged
2025-11-24 20:40:00,8,51.137,-113.97,G16_12,staged
2025-11-24 20:40:00,9,51.011,-113.998,G09_11,staged
2025-11-24 20:40:00,10,51.047,-114.138,G11_06,staged
2025-11-24 20:45:00,1,51.06684,-114.05617,G12_09,on_scene
2025-11-24 20:45:00,2,50.939,-114.082,G05_08,staged
2025-11-24 20:45:00,3,51.15494,-114.05263,G17_09,on_scene
2025-11-24 20:45:00,4,51.065,-113.97,G12_12,staged
2025-11-24 20:45:00,5,51.137,-114.166,G16_05,staged
2025-11-24 20:45:00,6,50.903,-113.97,G03_12,staged
2025-11-24 20:45:00,7,50.993,-114.082,G08_08,staged
2025-11-24 20:45:00,8,51.137,-113.97,G16_12,staged
2025-11-24 20:45:00,9,51.011,-113.998,G09_11,staged
2025-11-24 20:45:00,10,51.047,-114.138,G11_06,staged
2025-11-24 20:50:00,1,51.06684,-114.05617,G12_09,on_scene
2025-11-24 20:50:00,2,50.939,-114.082,G05_08,staged
2025-11-24 20:50:00,3,51.15494,-114.05263,G17_09,on_scene
2025-11-24 20:50:00,4,51.065,-113.97,G12_12,staged
2025-11-24 20:50:00,5,51.137,-114.166,G16_05,staged
2025-11-24 20:50:00,6,50.903,-113.97,G03_12,staged
2025-11-24 20:50:00,7,50.993,-114.082,G08_08,staged
2025-11-24 20:50:00,8,51.137,-113.97,G16_12,staged
2025-11-24 20:50:00,9,51.011,-113.998,G09_11,staged
2025-11-24 20:50:00,10,51.047,-114.138,G11_06,staged
2025-11-24 20:55:00,1,51.04988,-114.05431,G11_09,returning
2025-11-24 20:55:00,2,50.939,-114.082,G05_08,staged
2025-11-24 20:55:00,3,51.15494,-114.05263,G17_09,on_scene
2025-11-24 20:55:00,4,51.065,-113.97,G12_12,staged
2025-11-24 20:55:00,5,51.137,-114.166,G16_05,staged
2025-11-24 20:55:00,6,50.903,-113.97,G03_12,staged
2025-11-24 20:55:00,7,50.993,-114.082,G08_08,staged
2025-11-24 20:55:00,8,51.137,-113.97,G16_12,staged
2025-11-24 20:55:00,9,51.011,-113.998,G09_11,staged
2025-11-24 20:55:00,10,51.047,-114.138,G11_06,staged
2025-11-24 21:00:00,1,51.047,-114.054,G11_09,staged
2025-11-24 21:00:00,2,50.939,-114.082,G05_08,staged
2025-11-24 21:00:00,3,51.15494,-114.05263,G17_09,on_scene
2025-11-24 21:00:00,4,51.065,-113.97,G12_12,staged
2025-11-24 21:00:00,5,51.137,-114.166,G16_05,staged
2025-11-24 21:00:00,6,50.903,-113.97,G03_12,staged
2025-11-24 21:00:00,7,50.993,-114.082,G08_08,staged
2025-11-24 21:00:00,8,51.137,-113.97,G16_12,staged
2025-11-24 21:00:00,9,51.011,-113.998,G09_11,staged
2025-11-24 21:00:00,10,51.047,-114.138,G11_06,staged
2025-11-24 21:05:00,1,51.047,-114.054,G11_09,staged
2025-11-24 21:05:00,2,50.939,-114.082,G05_08,staged
2025-11-24 21:05:00,3,51.14432,-114.0529,G16_09,returning
2025-11-24 21:05:00,4,51.065,-113.97,G12_12,staged
2025-11-24 21:05:00,5,51.137,-114.166,G16_05,staged
2025-11-24 21:05:00,6,50.903,-113.97,G03_12,staged
2025-11-24 21:05:00,7,50.993,-114.082,G08_08,staged
2025-11-24 21:05:00,8,51.137,-113.97,G16_12,staged
2025-11-24 21:05:00,9,51.011,-113.998,G09_11,staged
2025-11-24 21:05:00,10,51.047,-114.138,G11_06,staged
2025-11-24 21:10:00,1,51.047,-114.054,G11_09,staged
2025-11-24 21:10:00,2,50.939,-114.082,G05_08,staged
2025-11-24 21:10:00,3,51.12126,-114.05348,G15_09,returning
2025-11-24 21:10:00,4,51.065,-113.97,G12_12,staged
2025-11-24 21:10:00,5,51.137,-114.166,G16_05,staged
2025-11-24 21:10:00,6,50.903,-113.97,G03_12,staged
2025-11-24 21:10:00,7,50.993,-114.082,G08_08,staged
2025-11-24 21:10:00,8,51.137,-113.97,G16_12,staged
2025-11-24 21:10:00,9,51.00002,-114.02155,G08_10,responding
2025-11-24 21:10:00,10,51.047,-114.138,G11_06,staged
2025-11-24 21:15:00,1,51.047,-114.054,G11_09,staged
2025-11-24 21:15:00,2,50.939,-114.082,G05_08,staged
2025-11-24 21:15:00,3,51.101,-114.054,G14_09,staged
2025-11-24 21:15:00,4,51.065,-113.97,G12_12,staged
2025-11-24 21:15:00,5,51.137,-114.166,G16_05,staged
2025-11-24 21:15:00,6,50.903,-113.97,G03_12,staged
2025-11-24 21:15:00,7,50.993,-114.082,G08_08,staged
2025-11-24 21:15:00,8,51.137,-113.97,G16_12,staged
2025-11-24 21:15:00,9,50.99371,-114.03508,G08_10,on_scene
2025-11-24 21:15:00,10,51.047,-114.138,G11_06,staged
2025-11-24 21:20:00,1,51.047,-114.054,G11_09,staged
2025-11-24 21:20:00,2,50.939,-114.082,G05_08,staged
2025-11-24 21:20:00,3,51.101,-114.054,G14_09,staged
2025-11-24 21:20:00,4,51.065,-113.97,G12_12,staged
2025-11-24 21:20:00,5,51.137,-114.166,G16_05,staged
2025-11-24 21:20:00,6,50.903,-113.97,G03_12,staged
2025-11-24 21:20:00,7,50.993,-114.082,G08_08,staged
2025-11-24 21:20:00,8,51.137,-113.97,G16_12,staged
2025-11-24 21:20:00,9,50.99371,-114.03508,G08_10,on_scene
2025-11-24 21:20:00,10,51.047,-114.138,G11_06,staged
2025-11-24 21:25:00,1,51.047,-114.054,G11_09,staged
2025-11-24 21:25:00,2,50.939,-114.082,G05_08,staged
2025-11-24 21:25:00,3,51.101,-114.054,G14_09,staged
2025-11-24 21:25:00,4,51.065,-113.97,G12_12,staged
2025-11-24 21:25:00,5,51.137,-114.166,G16_05,staged
2025-11-24 21:25:00,6,50.903,-113.97,G03_12,staged
2025-11-24 21:25:00,7,50.993,-114.082,G08_08,staged
2025-11-24 21:25:00,8,51.137,-113.97,G16_12,staged
2025-11-24 21:25:00,9,50.99371,-114.03508,G08_10,on_scene
2025-11-24 21:25:00,10,51.047,-114.138,G11_06,staged
2025-11-24 21:30:00,1,51.047,-114.054,G11_09,staged
2025-11-24 21:30:00,2,50.939,-114.082,G05_08,staged
2025-11-24 21:30:00,3,51.101,-114.054,G14_09,staged
2025-11-24 21:30:00,4,51.065,-113.97,G12_12,staged
2025-11-24 21:30:00,5,51.137,-114.166,G16_05,staged
2025-11-24 21:30:00,6,50.903,-113.97,G03_12,staged
2025-11-24 21:30:00,7,50.993,-114.082,G08_08,staged
2025-11-24 21:30:00,8,51.137,-113.97,G16_12,staged
2025-11-24 21:30:00,9,50.99371,-114.03508,G08_10,on_scene
2025-11-24 21:30:00,10,51.047,-114.138,G11_06,staged
2025-11-24 21:35:00,1,51.047,-114.054,G11_09,staged
2025-11-24 21:35:00,2,50.939,-114.082,G05_08,staged
2025-11-24 21:35:00,3,51.101,-114.054,G14_09,staged
2025-11-24 21:35:00,4,51.065,-113.97,G12_12,staged
2025-11-24 21:35:00,5,51.137,-114.166,G16_05,staged
2025-11-24 21:35:00,6,50.903,-113.97,G03_12,staged
2025-11-24 21:35:00,7,50.993,-114.082,G08_08,staged
2025-11-24 21:35:00,8,51.137,-113.97,G16_12,staged
2025-11-24 21:35:00,9,50.99371,-114.03508,G08_10,on_scene
2025-11-24 21:35:00,10,51.047,-114.138,G11_06,staged
2025-11-24 21:40:00,1,51.047,-114.054,G11_09,staged
2025-11-24 21:40:00,2,50.939,-114.082,G05_08,staged
2025-11-24 21:40:00,3,51.101,-114.054,G14_09,staged
2025-11-24 21:40:00,4,51.065,-113.97,G12_12,staged
2025-11-24 21:40:00,5,51.137,-114.166,G16_05,staged
2025-11-24 21:40:00,6,50.903,-113.97,G03_12,staged
2025-11-24 21:40:00,7,50.993,-114.082,G08_08,staged
2025-11-24 21:40:00,8,51.137,-113.97,G16_12,staged
2025-11-24 21:40:00,9,50.99371,-114.03508,G08_10,on_scene
2025-11-24 21:40:00,10,51.047,-114.138,G11_06,staged
2025-11-24 21:45:00,1,51.047,-114.054,G11_09,staged
2025-11-24 21:45:00,2,50.939,-114.082,G05_08,staged
2025-11-24 21:45:00,3,51.101,-114.054,G14_09,staged
2025-11-24 21:45:00,4,51.065,-113.97,G12_12,staged
2025-11-24 21:45:00,5,51.137,-114.166,G16_05,staged
2025-11-24 21:45:00,6,50.903,-113.97,G03_12,staged
2025-11-24 21:45:00,7,50.993,-114.082,G08_08,staged
2025-11-24 21:45:00,8,51.137,-113.97,G16_12,staged
2025-11-24 21:45:00,9,51.00113,-114.01917,G08_10,returning
2025-11-24 21:45:00,10,51.047,-114.138,G11_06,staged
2025-11-24 21:50:00,1,51.047,-114.054,G11_09,staged
2025-11-24 21:50:00,2,50.939,-114.082,G05_08,staged
2025-11-24 21:50:00,3,51.101,-114.054,G14_09,staged
2025-11-24 21:50:00,4,51.065,-113.97,G12_12,staged
2025-11-24 21:50:00,5,51.137,-114.166,G16_05,staged
2025-11-24 21:50:00,6,50.903,-113.97,G03_12,staged
2025-11-24 21:50:00,7,50.993,-114.082,G08_08,staged
2025-11-24 21:50:00,8,51.137,-113.97,G16_12,staged
2025-11-24 21:50:00,9,51.011,-113.998,G09_11,staged
2025-11-24 21:50:00,10,51.047,-114.138,G11_06,staged
2025-11-24 21:55:00,1,51.047,-114.054,G11_09,staged
2025-11-24 21:55:00,2,50.939,-114.082,G05_08,staged
2025-11-24 21:55:00,3,51.101,-114.054,G14_09,staged
2025-11-24 21:55:00,4,51.065,-113.97,G12_12,staged
2025-11-24 21:55:00,5,51.137,-114.166,G16_05,staged
2025-11-24 21:55:00,6,50.903,-113.97,G03_12,staged
2025-11-24 21:55:00,7,50.993,-114.082,G08_08,staged
2025-11-24 21:55:00,8,51.137,-113.97,G16_12,staged
2025-11-24 21:55:00,9,51.011,-113.998,G09_11,staged
2025-11-24 21:55:00,10,51.047,-114.138,G11_06,staged
2025-11-24 22:00:00,1,51.047,-114.054,G11_09,staged
2025-11-24 22:00:00,2,50.939,-114.082,G05_08,staged
2025-11-24 22:00:00,3,51.101,-114.054,G14_09,staged
2025-11-24 22:00:00,4,51.065,-113.97,G12_12,staged
2025-11-24 22:00:00,5,51.137,-114.166,G16_05,staged
2025-11-24 22:00:00,6,50.903,-113.97,G03_12,staged
2025-11-24 22:00:00,7,50.993,-114.082,G08_08,staged
2025-11-24 22:00:00,8,51.137,-113.97,G16_12,staged
2025-11-24 22:00:00,9,51.011,-113.998,G09_11,staged
2025-11-24 22:00:00,10,51.047,-114.138,G11_06,staged
2025-11-24 22:05:00,1,51.047,-114.054,G11_09,staged
2025-11-24 22:05:00,2,50.939,-114.082,G05_08,staged
2025-11-24 22:05:00,3,51.101,-114.054,G14_09,staged
2025-11-24 22:05:00,4,51.065,-113.97,G12_12,staged
2025-11-24 22:05:00,5,51.137,-114.166,G16_05,staged
2025-11-24 22:05:00,6,50.903,-113.97,G03_12,staged
2025-11-24 22:05:00,7,50.993,-114.082,G08_08,staged
2025-11-24 22:05:00,8,51.137,-113.97,G16_12,staged
2025-11-24 22:05:00,9,51.011,-113.998,G09_11,staged
2025-11-24 22:05:00,10,51.047,-114.138,G11_06,staged
2025-11-24 22:10:00,1,51.047,-114.054,G11_09,staged
2025-11-24 22:10:00,2,50.939,-114.082,G05_08,staged
2025-11-24 22:10:00,3,51.101,-114.054,G14_09,staged
2025-11-24 22:10:00,4,51.065,-113.97,G12_12,staged
2025-11-24 22:10:00,5,51.137,-114.166,G16_05,staged
2025-11-24 22:10:00,6,50.903,-113.97,G03_12,staged
2025-11-24 22:10:00,7,50.993,-114.082,G08_08,staged
2025-11-24 22:10:00,8,51.137,-113.97,G16_12,staged
2025-11-24 22:10:00,9,51.011,-113.998,G09_11,staged
2025-11-24 22:10:00,10,51.047,-114.138,G11_06,staged
2025-11-24 22:15:00,1,51.047,-114.054,G11_09,staged
2025-11-24 22:15:00,2,50.939,-114.082,G05_08,staged
2025-11-24 22:15:00,3,51.101,-114.054,G14_09,staged
2025-11-24 22:15:00,4,51.065,-113.97,G12_12,staged
2025-11-24 22:15:00,5,51.137,-114.166,G16_05,staged
2025-11-24 22:15:00,6,50.903,-113.97,G03_12,staged
2025-11-24 22:15:00,7,50.993,-114.082,G08_08,staged
2025-11-24 22:15:00,8,51.137,-113.97,G16_12,staged
2025-11-24 22:15:00,9,51.011,-113.998,G09_11,staged
2025-11-24 22:15:00,10,51.047,-114.138,G11_06,staged
2025-11-24 22:20:00,1,51.047,-114.054,G11_09,staged
2025-11-24 22:20:00,2,50.939,-114.082,G05_08,staged
2025-11-24 22:20:00,3,51.101,-114.054,G14_09,staged
2025-11-24 22:20:00,4,51.065,-113.97,G12_12,staged
2025-11-24 22:20:00,5,51.137,-114.166,G16_05,staged
2025-11-24 22:20:00,6,50.903,-113.97,G03_12,staged
2025-11-24 22:20:00,7,50.993,-114.082,G08_08,staged
2025-11-24 22:20:00,8,51.137,-113.97,G16_12,staged
2025-11-24 22:20:00,9,51.011,-113.998,G09_11,staged
2025-11-24 22:20:00,10,51.047,-114.138,G11_06,staged
2025-11-24 22:25:00,1,51.047,-114.054,G11_09,staged
2025-11-24 22:25:00,2,50.939,-114.082,G05_08,staged
2025-11-24 22:25:00,3,51.101,-114.054,G14_09,staged
2025-11-24 22:25:00,4,51.065,-113.97,G12_12,staged
2025-11-24 22:25:00,5,51.137,-114.166,G16_05,staged
2025-11-24 22:25:00,6,50.903,-113.97,G03_12,staged
2025-11-24 22:25:00,7,50.993,-114.082,G08_08,staged
2025-11-24 22:25:00,8,51.137,-113.97,G16_12,staged
2025-11-24 22:25:00,9,51.011,-113.998,G09_11,staged
2025-11-24 22:25:00,10,51.047,-114.138,G11_06,staged
2025-11-24 22:30:00,1,51.047,-114.054,G11_09,staged
2025-11-24 22:30:00,2,50.939,-114.082,G05_08,staged
2025-11-24 22:30:00,3,51.101,-114.054,G14_09,staged
2025-11-24 22:30:00,4,51.065,-113.97,G12_12,staged
2025-11-24 22:30:00,5,51.137,-114.166,G16_05,staged
2025-11-24 22:30:00,6,50.903,-113.97,G03_12,staged
2025-11-24 22:30:00,7,50.993,-114.082,G08_08,staged
2025-11-24 22:30:00,8,51.137,-113.97,G16_12,staged
2025-11-24 22:30:00,9,51.011,-113.998,G09_11,staged
2025-11-24 22:30:00,10,51.047,-114.138,G11_06,staged
2025-11-24 22:35:00,1,51.047,-114.054,G11_09,staged
2025-11-24 22:35:00,2,50.939,-114.082,G05_08,staged
2025-11-24 22:35:00,3,51.101,-114.054,G14_09,staged
2025-11-24 22:35:00,4,51.065,-113.97,G12_12,staged
2025-11-24 22:35:00,5,51.137,-114.166,G16_05,staged
2025-11-24 22:35:00,6,50.903,-113.97,G03_12,staged
2025-11-24 22:35:00,7,50.993,-114.082,G08_08,staged
2025-11-24 22:35:00,8,51.137,-113.97,G16_12,staged
2025-11-24 22:35:00,9,51.011,-113.998,G09_11,staged
2025-11-24 22:35:00,10,51.047,-114.138,G11_06,staged
2025-11-24 22:40:00,1,51.047,-114.054,G11_09,staged
2025-11-24 22:40:00,2,50.939,-114.082,G05_08,staged
2025-11-24 22:40:00,3,51.101,-114.054,G14_09,staged
2025-11-24 22:40:00,4,51.065,-113.97,G12_12,staged
2025-11-24 22:40:00,5,51.137,-114.166,G16_05,staged
2025-11-24 22:40:00,6,50.903,-113.97,G03_12,staged
2025-11-24 22:40:00,7,50.993,-114.082,G08_08,staged
2025-11-24 22:40:00,8,51.137,-113.97,G16_12,staged
2025-11-24 22:40:00,9,51.011,-113.998,G09_11,staged
2025-11-24 22:40:00,10,51.047,-114.138,G11_06,staged
2025-11-24 22:45:00,1,51.047,-114.054,G11_09,staged
2025-11-24 22:45:00,2,50.939,-114.082,G05_08,staged
2025-11-24 22:45:00,3,51.101,-114.054,G14_09,staged
2025-11-24 22:45:00,4,51.065,-113.97,G12_12,staged
2025-11-24 22:45:00,5,51.137,-114.166,G16_05,staged
2025-11-24 22:45:00,6,50.903,-113.97,G03_12,staged
2025-11-24 22:45:00,7,50.993,-114.082,G08_08,staged
2025-11-24 22:45:00,8,51.137,-113.97,G16_12,staged
2025-11-24 22:45:00,9,51.011,-113.998,G09_11,staged
2025-11-24 22:45:00,10,51.047,-114.138,G11_06,staged
2025-11-24 22:50:00,1,51.047,-114.054,G11_09,staged
2025-11-24 22:50:00,2,50.939,-114.082,G05_08,staged
2025-11-24 22:50:00,3,51.101,-114.054,G14_09,staged
2025-11-24 22:50:00,4,51.065,-113.97,G12_12,staged
2025-11-24 22:50:00,5,51.137,-114.166,G16_05,staged
2025-11-24 22:50:00,6,50.903,-113.97,G03_12,staged
2025-11-24 22:50:00,7,50.993,-114.082,G08_08,staged
2025-11-24 22:50:00,8,51.137,-113.97,G16_12,staged
2025-11-24 22:50:00,9,51.011,-113.998,G09_11,staged
2025-11-24 22:50:00,10,51.047,-114.138,G11_06,staged
2025-11-24 22:55:00,1,51.047,-114.054,G11_09,staged
2025-11-24 22:55:00,2,50.939,-114.082,G05_08,staged
2025-11-24 22:55:00,3,51.101,-114.054,G14_09,staged
2025-11-24 22:55:00,4,51.065,-113.97,G12_12,staged
2025-11-24 22:55:00,5,51.137,-114.166,G16_05,staged
2025-11-24 22:55:00,6,50.903,-113.97,G03_12,staged
2025-11-24 22:55:00,7,50.993,-114.082,G08_08,staged
2025-11-24 22:55:00,8,51.137,-113.97,G16_12,staged
2025-11-24 22:55:00,9,51.011,-113.998,G09_11,staged
2025-11-24 22:55:00,10,51.047,-114.138,G11_06,responding
2025-11-24 23:00:00,1,51.047,-114.054,G11_09,staged
2025-11-24 23:00:00,2,50.939,-114.082,G05_08,staged
2025-11-24 23:00:00,3,51.101,-114.054,G14_09,staged
2025-11-24 23:00:00,4,51.065,-113.97,G12_12,staged
2025-11-24 23:00:00,5,51.137,-114.166,G16_05,staged
2025-11-24 23:00:00,6,50.903,-113.97,G03_12,staged
2025-11-24 23:00:00,7,50.993,-114.082,G08_08,staged
2025-11-24 23:00:00,8,51.137,-113.97,G16_12,staged
2025-11-24 23:00:00,9,51.011,-113.998,G09_11,staged
2025-11-24 23:00:00,10,51.0252,-114.14997,G10_06,responding
2025-11-24 23:05:00,1,51.047,-114.054,G11_09,staged
2025-11-24 23:05:00,2,50.939,-114.082,G05_08,staged
2025-11-24 23:05:00,3,51.101,-114.054,G14_09,staged
2025-11-24 23:05:00,4,51.065,-113.97,G12_12,staged
2025-11-24 23:05:00,5,51.137,-114.166,G16_05,staged
2025-11-24 23:05:00,6,50.903,-113.97,G03_12,staged
2025-11-24 23:05:00,7,50.993,-114.082,G08_08,staged
2025-11-24 23:05:00,8,51.14235,-113.98198,G16_12,responding
2025-11-24 23:05:00,9,51.011,-113.998,G09_11,staged
2025-11-24 23:05:00,10,51.00737,-114.15975,G09_05,on_scene
2025-11-24 23:10:00,1,51.047,-114.054,G11_09,staged
2025-11-24 23:10:00,2,50.939,-114.082,G05_08,staged
2025-11-24 23:10:00,3,51.101,-114.054,G14_09,staged
2025-11-24 23:10:00,4,51.065,-113.97,G12_12,staged
2025-11-24 23:10:00,5,51.137,-114.166,G16_05,staged
2025-11-24 23:10:00,6,50.903,-113.97,G03_12,staged
2025-11-24 23:10:00,7,50.993,-114.082,G08_08,staged
2025-11-24 23:10:00,8,51.15572,-114.01193,G17_11,responding
2025-11-24 23:10:00,9,51.011,-113.998,G09_11,staged
2025-11-24 23:10:00,10,51.00737,-114.15975,G09_05,on_scene
2025-11-24 23:15:00,1,51.047,-114.054,G11_09,staged
2025-11-24 23:15:00,2,50.939,-114.082,G05_08,staged
2025-11-24 23:15:00,3,51.101,-114.054,G14_09,staged
2025-11-24 23:15:00,4,51.065,-113.97,G12_12,staged
2025-11-24 23:15:00,5,51.137,-114.166,G16_05,staged
2025-11-24 23:15:00,6,50.903,-113.97,G03_12,staged
2025-11-24 23:15:00,7,50.993,-114.082,G08_08,staged
2025-11-24 23:15:00,8,51.16158,-114.02504,G17_10,on_scene
2025-11-24 23:15:00,9,51.011,-113.998,G09_11,staged
2025-11-24 23:15:00,10,51.00737,-114.15975,G09_05,on_scene
2025-11-24 23:20:00,1,51.047,-114.054,G11_09,staged
2025-11-24 23:20:00,2,50.939,-114.082,G05_08,staged
2025-11-24 23:20:00,3,51.101,-114.054,G14_09,staged
2025-11-24 23:20:00,4,51.065,-113.97,G12_12,staged
2025-11-24 23:20:00,5,51.137,-114.166,G16_05,staged
2025-11-24 23:20:00,6,50.903,-113.97,G03_12,staged
2025-11-24 23:20:00,7,50.993,-114.082,G08_08,staged
2025-11-24 23:20:00,8,51.16158,-114.02504,G17_10,on_scene
2025-11-24 23:20:00,9,51.011,-113.998,G09_11,staged
2025-11-24 23:20:00,10,51.00737,-114.15975,G09_05,on_scene
2025-11-24 23:25:00,1,51.047,-114.054,G11_09,staged
2025-11-24 23:25:00,2,50.939,-114.082,G05_08,staged
2025-11-24 23:25:00,3,51.101,-114.054,G14_09,staged
2025-11-24 23:25:00,4,51.065,-113.97,G12_12,staged
2025-11-24 23:25:00,5,51.137,-114.166,G16_05,staged
2025-11-24 23:25:00,6,50.903,-113.97,G03_12,staged
2025-11-24 23:25:00,7,50.993,-114.082,G08_08,staged
2025-11-24 23:25:00,8,51.16158,-114.02504,G17_10,on_scene
2025-11-24 23:25:00,9,51.011,-113.998,G09_11,staged
2025-11-24 23:25:00,10,51.00737,-114.15975,G09_05,on_scene
2025-11-24 23:30:00,1,51.047,-114.054,G11_09,staged
2025-11-24 23:30:00,2,50.939,-114.082,G05_08,staged
2025-11-24 23:30:00,3,51.101,-114.054,G14_09,staged
2025-11-24 23:30:00,4,51.065,-113.97,G12_12,staged
2025-11-24 23:30:00,5,51.137,-114.166,G16_05,staged
2025-11-24 23:30:00,6,50.903,-113.97,G03_12,staged
2025-11-24 23:30:00,7,50.993,-114.082,G08_08,staged
2025-11-24 23:30:00,8,51.16158,-114.02504,G17_10,on_scene
2025-11-24 23:30:00,9,51.011,-113.998,G09_11,staged
2025-11-24 23:30:00,10,51.00737,-114.15975,G09_05,on_scene
2025-11-24 23:35:00,1,51.047,-114.054,G11_09,staged
2025-11-24 23:35:00,2,50.939,-114.082,G05_08,staged
2025-11-24 23:35:00,3,51.101,-114.054,G14_09,staged
2025-11-24 23:35:00,4,51.065,-113.97,G12_12,staged
2025-11-24 23:35:00,5,51.137,-114.166,G16_05,staged
2025-11-24 23:35:00,6,50.903,-113.97,G03_12,staged
2025-11-24 23:35:00,7,50.993,-114.082,G08_08,staged
2025-11-24 23:35:00,8,51.16158,-114.02504,G17_10,on_scene
2025-11-24 23:35:00,9,51.011,-113.998,G09_11,staged
2025-11-24 23:35:00,10,51.01134,-114.15758,G09_05,returning
2025-11-24 23:40:00,1,51.047,-114.054,G11_09,staged
2025-11-24 23:40:00,2,50.939,-114.082,G05_08,staged
2025-11-24 23:40:00,3,51.101,-114.054,G14_09,staged
2025-11-24 23:40:00,4,51.065,-113.97,G12_12,staged
2025-11-24 23:40:00,5,51.137,-114.166,G16_05,staged
2025-11-24 23:40:00,6,50.903,-113.97,G03_12,staged
2025-11-24 23:40:00,7,50.993,-114.082,G08_08,staged
2025-11-24 23:40:00,8,51.16158,-114.02504,G17_10,on_scene
2025-11-24 23:40:00,9,51.011,-113.998,G09_11,staged
2025-11-24 23:40:00,10,51.03314,-114.14561,G10_06,returning
2025-11-24 23:45:00,1,51.047,-114.054,G11_09,staged
2025-11-24 23:45:00,2,50.939,-114.082,G05_08,staged
2025-11-24 23:45:00,3,51.101,-114.054,G14_09,staged
2025-11-24 23:45:00,4,51.065,-113.97,G12_12,staged
2025-11-24 23:45:00,5,51.137,-114.166,G16_05,staged
2025-11-24 23:45:00,6,50.903,-113.97,G03_12,staged
2025-11-24 23:45:00,7,50.993,-114.082,G08_08,staged
2025-11-24 23:45:00,8,51.15406,-114.00821,G17_11,returning
2025-11-24 23:45:00,9,51.011,-113.998,G09_11,staged
2025-11-24 23:45:00,10,51.047,-114.138,G11_06,staged
2025-11-24 23:50:00,1,51.047,-114.054,G11_09,staged
2025-11-24 23:50:00,2,50.939,-114.082,G05_08,staged
2025-11-24 23:50:00,3,51.101,-114.054,G14_09,staged
2025-11-24 23:50:00,4,51.065,-113.97,G12_12,staged
2025-11-24 23:50:00,5,51.137,-114.166,G16_05,staged
2025-11-24 23:50:00,6,50.903,-113.97,G03_12,staged
2025-11-24 23:50:00,7,50.993,-114.082,G08_08,staged
2025-11-24 23:50:00,8,51.14069,-113.97826,G16_12,returning
2025-11-24 23:50:00,9,51.011,-113.998,G09_11,staged
2025-11-24 23:50:00,10,51.047,-114.138,G11_06,staged
2025-11-24 23:55:00,1,51.047,-114.054,G11_09,staged
2025-11-24 23:55:00,2,50.939,-114.082,G05_08,staged
2025-11-24 23:55:00,3,51.101,-114.054,G14_09,staged
2025-11-24 23:55:00,4,51.065,-113.97,G12_12,staged
2025-11-24 23:55:00,5,51.137,-114.166,G16_05,staged
2025-11-24 23:55:00,6,50.903,-113.97,G03_12,staged
2025-11-24 23:55:00,7,50.993,-114.082,G08_08,staged
2025-11-24 23:55:00,8,51.137,-113.97,G16_12,staged
2025-11-24 23:55:00,9,51.011,-113.998,G09_11,staged
2025-11-24 23:55:00,10,51.047,-114.138,G11_06,staged
