time,unit_id,lat,lon,zone_id,status
2025-11-24 00:00:00,1,51.047,-114.082,G11_08,staged
2025-11-24 00:00:00,2,50.993,-114.054,G08_09,staged
2025-11-24 00:00:00,3,51.137,-114.026,G16_10,staged
2025-11-24 00:00:00,4,51.065,-113.97,G12_12,staged
2025-11-24 00:00:00,5,51.119,-114.194,G15_04,staged
2025-11-24 00:00:00,6,50.903,-113.998,G03_11,staged
2025-11-24 00:05:00,1,51.047,-114.082,G11_08,staged
2025-11-24 00:05:00,2,50.993,-114.054,G08_09,staged
2025-11-24 00:05:00,3,51.137,-114.026,G16_10,staged
2025-11-24 00:05:00,4,51.065,-113.97,G12_12,staged
2025-11-24 00:05:00,5,51.119,-114.194,G15_04,staged
2025-11-24 00:05:00,6,50.903,-113.998,G03_11,staged
2025-11-24 00:10:00,1,51.047,-114.082,G11_08,staged
2025-11-24 00:10:00,2,50.993,-114.054,G08_09,staged
2025-11-24 00:10:00,3,51.137,-114.026,G16_10,staged
2025-11-24 00:10:00,4,51.065,-113.97,G12_12,staged
2025-11-24 00:10:00,5,51.119,-114.194,G15_04,staged
2025-11-24 00:10:00,6,50.903,-113.998,G03_11,staged
2025-11-24 00:15:00,1,51.047,-114.082,G11_08,staged
2025-11-24 00:15:00,2,50.993,-114.054,G08_09,staged
2025-11-24 00:15:00,3,51.137,-114.026,G16_10,staged
2025-11-24 00:15:00,4,51.065,-113.97,G12_12,staged
2025-11-24 00:15:00,5,51.119,-114.194,G15_04,staged
2025-11-24 00:15:00,6,50.903,-113.998,G03_11,staged
2025-11-24 00:20:00,1,51.047,-114.082,G11_08,staged
2025-11-24 00:20:00,2,50.993,-114.054,G08_09,staged
2025-11-24 00:20:00,3,51.137,-114.026,G16_10,staged
2025-11-24 00:20:00,4,51.065,-113.97,G12_12,staged
2025-11-24 00:20:00,5,51.119,-114.194,G15_04,staged
2025-11-24 00:20:00,6,50.903,-113.998,G03_11,staged
2025-11-24 00:25:00,1,51.047,-114.082,G11_08,staged
2025-11-24 00:25:00,2,50.993,-114.054,G08_09,staged
2025-11-24 00:25:00,3,51.137,-114.026,G16_10,staged
2025-11-24 00:25:00,4,51.065,-113.97,G12_12,staged
2025-11-24 00:25:00,5,51.119,-114.194,G15_04,staged
2025-11-24 00:25:00,6,50.903,-113.998,G03_11,staged
2025-11-24 00:30:00,1,51.047,-114.082,G11_08,staged
2025-11-24 00:30:00,2,50.993,-114.054,G08_09,staged
2025-11-24 00:30:00,3,51.137,-114.026,G16_10,staged
2025-11-24 00:30:00,4,51.065,-113.97,G12_12,staged
2025-11-24 00:30:00,5,51.119,-114.194,G15_04,staged
2025-11-24 00:30:00,6,50.903,-113.998,G03_11,staged
2025-11-24 00:35:00,1,51.047,-114.082,G11_08,staged
2025-11-24 00:35:00,2,50.993,-114.054,G08_09,staged
2025-11-24 00:35:00,3,51.137,-114.026,G16_10,staged
2025-11-24 00:35:00,4,51.065,-113.97,G12_12,staged
2025-11-24 00:35:00,5,51.119,-114.194,G15_04,staged
2025-11-24 00:35:00,6,50.903,-113.998,G03_11,staged
2025-11-24 00:40:00,1,51.047,-114.082,G11_08,staged
2025-11-24 00:40:00,2,50.993,-114.054,G08_09,staged
2025-11-24 00:40:00,3,51.137,-114.026,G16_10,staged
2025-11-24 00:40:00,4,51.065,-113.97,G12_12,staged
2025-11-24 00:40:00,5,51.119,-114.194,G15_04,staged
2025-11-24 00:40:00,6,50.903,-113.998,G03_11,staged
2025-11-24 00:45:00,1,51.047,-114.082,G11_08,staged
2025-11-24 00:45:00,2,50.993,-114.054,G08_09,staged
2025-11-24 00:45:00,3,51.137,-114.026,G16_10,staged
2025-11-24 00:45:00,4,51.065,-113.97,G12_12,staged
2025-11-24 00:45:00,5,51.119,-114.194,G15_04,staged
2025-11-24 00:45:00,6,50.903,-113.998,G03_11,staged
2025-11-24 00:50:00,1,51.047,-114.082,G11_08,staged
2025-11-24 00:50:00,2,50.993,-114.054,G08_09,staged
2025-11-24 00:50:00,3,51.137,-114.026,G16_10,staged
2025-11-24 00:50:00,4,51.065,-113.97,G12_12,staged
2025-11-24 00:50:00,5,51.119,-114.194,G15_04,staged
2025-11-24 00:50:00,6,50.903,-113.998,G03_11,staged
2025-11-24 00:55:00,1,51.047,-114.082,G11_08,staged
2025-11-24 00:55:00,2,50.993,-114.054,G08_09,staged
2025-11-24 00:55:00,3,51.137,-114.026,G16_10,staged
2025-11-24 00:55:00,4,51.065,-113.97,G12_12,staged
2025-11-24 00:55:00,5,51.119,-114.194,G15_04,staged
2025-11-24 00:55:00,6,50.903,-113.998,G03_11,staged
2025-11-24 01:00:00,1,51.047,-114.082,G11_08,staged
2025-11-24 01:00:00,2,50.993,-114.054,G08_09,staged
2025-11-24 01:00:00,3,51.137,-114.026,G16_10,staged
2025-11-24 01:00:00,4,51.065,-113.97,G12_12,staged
2025-11-24 01:00:00,5,51.119,-114.194,G15_04,staged
2025-11-24 01:00:00,6,50.903,-113.998,G03_11,staged
2025-11-24 01:05:00,1,51.047,-114.082,G11_08,staged
2025-11-24 01:05:00,2,50.993,-114.054,G08_09,staged
2025-11-24 01:05:00,3,51.137,-114.026,G16_10,staged
2025-11-24 01:05:00,4,51.065,-113.97,G12_12,staged
2025-11-24 01:05:00,5,51.119,-114.194,G15_04,staged
2025-11-24 01:05:00,6,50.903,-113.998,G03_11,staged
2025-11-24 01:10:00,1,51.047,-114.082,G11_08,staged
2025-11-24 01:10:00,2,50.993,-114.054,G08_09,staged
2025-11-24 01:10:00,3,51.137,-114.026,G16_10,staged
2025-11-24 01:10:00,4,51.065,-113.97,G12_12,staged
2025-11-24 01:10:00,5,51.119,-114.194,G15_04,staged
2025-11-24 01:10:00,6,50.903,-113.998,G03_11,staged
2025-11-24 01:15:00,1,51.047,-114.082,G11_08,staged
2025-11-24 01:15:00,2,50.993,-114.054,G08_09,staged
2025-11-24 01:15:00,3,51.137,-114.026,G16_10,staged
2025-11-24 01:15:00,4,51.065,-113.97,G12_12,staged
2025-11-24 01:15:00,5,51.119,-114.194,G15_04,staged
2025-11-24 01:15:00,6,50.903,-113.998,G03_11,staged
2025-11-24 01:20:00,1,51.047,-114.082,G11_08,staged
2025-11-24 01:20:00,2,50.993,-114.054,G08_09,staged
2025-11-24 01:20:00,3,51.137,-114.026,G16_10,staged
2025-11-24 01:20:00,4,51.065,-113.97,G12_12,staged
2025-11-24 01:20:00,5,51.119,-114.194,G15_04,staged
2025-11-24 01:20:00,6,50.903,-113.998,G03_11,staged
2025-11-24 01:25:00,1,51.047,-114.082,G11_08,staged
2025-11-24 01:25:00,2,50.993,-114.054,G08_09,staged
2025-11-24 01:25:00,3,51.137,-114.026,G16_10,staged
2025-11-24 01:25:00,4,51.065,-113.97,G12_12,staged
2025-11-24 01:25:00,5,51.119,-114.194,G15_04,staged
2025-11-24 01:25:00,6,50.903,-113.998,G03_11,staged
2025-11-24 01:30:00,1,51.047,-114.082,G11_08,staged
2025-11-24 01:30:00,2,50.993,-114.054,G08_09,staged
2025-11-24 01:30:00,3,51.137,-114.026,G16_10,staged
2025-11-24 01:30:00,4,51.065,-113.97,G12_12,staged
2025-11-24 01:30:00,5,51.119,-114.194,G15_04,staged
2025-11-24 01:30:00,6,50.903,-113.998,G03_11,staged
2025-11-24 01:35:00,1,51.047,-114.082,G11_08,staged
2025-11-24 01:35:00,2,50.993,-114.054,G08_09,staged
2025-11-24 01:35:00,3,51.137,-114.026,G16_10,staged
2025-11-24 01:35:00,4,51.065,-113.97,G12_12,staged
2025-11-24 01:35:00,5,51.119,-114.194,G15_04,staged
2025-11-24 01:35:00,6,50.903,-113.998,G03_11,staged
2025-11-24 01:40:00,1,51.047,-114.082,G11_08,staged
2025-11-24 01:40:00,2,50.993,-114.054,G08_09,staged
2025-11-24 01:40:00,3,51.137,-114.026,G16_10,staged
2025-11-24 01:40:00,4,51.065,-113.97,G12_12,staged
2025-11-24 01:40:00,5,51.119,-114.194,G15_04,staged
2025-11-24 01:40:00,6,50.903,-113.998,G03_11,staged
2025-11-24 01:45:00,1,51.047,-114.082,G11_08,staged
2025-11-24 01:45:00,2,50.993,-114.054,G08_09,staged
2025-11-24 01:45:00,3,51.137,-114.026,G16_10,staged
2025-11-24 01:45:00,4,51.065,-113.97,G12_12,staged
2025-11-24 01:45:00,5,51.119,-114.194,G15_04,staged
2025-11-24 01:45:00,6,50.903,-113.998,G03_11,staged
2025-11-24 01:50:00,1,51.047,-114.082,G11_08,staged
2025-11-24 01:50:00,2,50.993,-114.054,G08_09,staged
2025-11-24 01:50:00,3,51.137,-114.026,G16_10,staged
2025-11-24 01:50:00,4,51.065,-113.97,G12_12,staged
2025-11-24 01:50:00,5,51.119,-114.194,G15_04,staged
2025-11-24 01:50:00,6,50.903,-113.998,G03_11,staged
2025-11-24 01:55:00,1,51.047,-114.082,G11_08,staged
2025-11-24 01:55:00,2,50.993,-114.054,G08_09,staged
2025-11-24 01:55:00,3,51.137,-114.026,G16_10,staged
2025-11-24 01:55:00,4,51.065,-113.97,G12_12,staged
2025-11-24 01:55:00,5,51.119,-114.194,G15_04,staged
2025-11-24 01:55:00,6,50.903,-113.998,G03_11,staged
2025-11-24 02:00:00,1,51.047,-114.082,G11_08,staged
2025-11-24 02:00:00,2,50.993,-114.054,G08_09,staged
2025-11-24 02:00:00,3,51.137,-114.026,G16_10,staged
2025-11-24 02:00:00,4,51.065,-113.97,G12_12,staged
2025-11-24 02:00:00,5,51.119,-114.194,G15_04,staged
2025-11-24 02:00:00,6,50.903,-113.998,G03_11,staged
2025-11-24 02:05:00,1,51.047,-114.082,G11_08,staged
2025-11-24 02:05:00,2,50.993,-114.054,G08_09,staged
2025-11-24 02:05:00,3,51.137,-114.026,G16_10,staged
2025-11-24 02:05:00,4,51.065,-113.97,G12_12,staged
2025-11-24 02:05:00,5,51.119,-114.194,G15_04,staged
2025-11-24 02:05:00,6,50.903,-113.998,G03_11,staged
2025-11-24 02:10:00,1,51.047,-114.082,G11_08,staged
2025-11-24 02:10:00,2,50.993,-114.054,G08_09,staged
2025-11-24 02:10:00,3,51.137,-114.026,G16_10,staged
2025-11-24 02:10:00,4,51.065,-113.97,G12_12,staged
2025-11-24 02:10:00,5,51.119,-114.194,G15_04,staged
2025-11-24 02:10:00,6,50.903,-113.998,G03_11,staged
2025-11-24 02:15:00,1,51.047,-114.082,G11_08,staged
2025-11-24 02:15:00,2,50.993,-114.054,G08_09,staged
2025-11-24 02:15:00,3,51.137,-114.026,G16_10,staged
2025-11-24 02:15:00,4,51.065,-113.97,G12_12,staged
2025-11-24 02:15:00,5,51.119,-114.194,G15_04,staged
2025-11-24 02:15:00,6,50.903,-113.998,G03_11,staged
2025-11-24 02:20:00,1,51.047,-114.082,G11_08,staged
2025-11-24 02:20:00,2,50.993,-114.054,G08_09,staged
2025-11-24 02:20:00,3,51.137,-114.026,G16_10,staged
2025-11-24 02:20:00,4,51.065,-113.97,G12_12,staged
2025-11-24 02:20:00,5,51.119,-114.194,G15_04,staged
2025-11-24 02:20:00,6,50.903,-113.998,G03_11,staged
2025-11-24 02:25:00,1,51.047,-114.082,G11_08,staged
2025-11-24 02:25:00,2,50.993,-114.054,G08_09,staged
2025-11-24 02:25:00,3,51.137,-114.026,G16_10,staged
2025-11-24 02:25:00,4,51.065,-113.97,G12_12,staged
2025-11-24 02:25:00,5,51.119,-114.194,G15_04,staged
2025-11-24 02:25:00,6,50.903,-113.998,G03_11,staged
2025-11-24 02:30:00,1,51.047,-114.082,G11_08,staged
2025-11-24 02:30:00,2,50.993,-114.054,G08_09,staged
2025-11-24 02:30:00,3,51.137,-114.026,G16_10,staged
2025-11-24 02:30:00,4,51.065,-113.97,G12_12,staged
2025-11-24 02:30:00,5,51.119,-114.194,G15_04,staged
2025-11-24 02:30:00,6,50.903,-113.998,G03_11,staged
2025-11-24 02:35:00,1,51.047,-114.082,G11_08,staged
2025-11-24 02:35:00,2,50.993,-114.054,G08_09,staged
2025-11-24 02:35:00,3,51.137,-114.026,G16_10,staged
2025-11-24 02:35:00,4,51.065,-113.97,G12_12,staged
2025-11-24 02:35:00,5,51.119,-114.194,G15_04,staged
2025-11-24 02:35:00,6,50.903,-113.998,G03_11,staged
2025-11-24 02:40:00,1,51.047,-114.082,G11_08,staged
2025-11-24 02:40:00,2,50.993,-114.054,G08_09,staged
2025-11-24 02:40:00,3,51.137,-114.026,G16_10,staged
2025-11-24 02:40:00,4,51.065,-113.97,G12_12,staged
2025-11-24 02:40:00,5,51.119,-114.194,G15_04,staged
2025-11-24 02:40:00,6,50.903,-113.998,G03_11,staged
2025-11-24 02:45:00,1,51.047,-114.082,G11_08,staged
2025-11-24 02:45:00,2,50.993,-114.054,G08_09,staged
2025-11-24 02:45:00,3,51.137,-114.026,G16_10,staged
2025-11-24 02:45:00,4,51.065,-113.97,G12_12,staged
2025-11-24 02:45:00,5,51.119,-114.194,G15_04,staged
2025-11-24 02:45:00,6,50.903,-113.998,G03_11,staged
2025-11-24 02:50:00,1,51.047,-114.082,G11_08,staged
2025-11-24 02:50:00,2,50.993,-114.054,G08_09,staged
2025-11-24 02:50:00,3,51.137,-114.026,G16_10,staged
2025-11-24 02:50:00,4,51.065,-113.97,G12_12,staged
2025-11-24 02:50:00,5,51.119,-114.194,G15_04,staged
2025-11-24 02:50:00,6,50.903,-113.998,G03_11,staged
2025-11-24 02:55:00,1,51.047,-114.082,G11_08,staged
2025-11-24 02:55:00,2,50.993,-114.054,G08_09,staged
2025-11-24 02:55:00,3,51.137,-114.026,G16_10,staged
2025-11-24 02:55:00,4,51.065,-113.97,G12_12,staged
2025-11-24 02:55:00,5,51.119,-114.194,G15_04,staged
2025-11-24 02:55:00,6,50.903,-113.998,G03_11,staged
2025-11-24 03:00:00,1,51.047,-114.082,G11_08,staged
2025-11-24 03:00:00,2,50.993,-114.054,G08_09,staged
2025-11-24 03:00:00,3,51.137,-114.026,G16_10,staged
2025-11-24 03:00:00,4,51.065,-113.97,G12_12,staged
2025-11-24 03:00:00,5,51.119,-114.194,G15_04,staged
2025-11-24 03:00:00,6,50.903,-113.998,G03_11,staged
2025-11-24 03:05:00,1,51.047,-114.082,G11_08,staged
2025-11-24 03:05:00,2,50.993,-114.054,G08_09,staged
2025-11-24 03:05:00,3,51.137,-114.026,G16_10,staged
2025-11-24 03:05:00,4,51.065,-113.97,G12_12,staged
2025-11-24 03:05:00,5,51.119,-114.194,G15_04,staged
2025-11-24 03:05:00,6,50.903,-113.998,G03_11,staged
2025-11-24 03:10:00,1,51.047,-114.082,G11_08,staged
2025-11-24 03:10:00,2,50.993,-114.054,G08_09,staged
2025-11-24 03:10:00,3,51.137,-114.026,G16_10,staged
2025-11-24 03:10:00,4,51.065,-113.97,G12_12,staged
2025-11-24 03:10:00,5,51.119,-114.194,G15_04,staged
2025-11-24 03:10:00,6,50.903,-113.998,G03_11,staged
2025-11-24 03:15:00,1,51.047,-114.082,G11_08,staged
2025-11-24 03:15:00,2,50.993,-114.054,G08_09,staged
2025-11-24 03:15:00,3,51.137,-114.026,G16_10,staged
2025-11-24 03:15:00,4,51.065,-113.97,G12_12,staged
2025-11-24 03:15:00,5,51.119,-114.194,G15_04,staged
2025-11-24 03:15:00,6,50.903,-113.998,G03_11,staged
2025-11-24 03:20:00,1,51.047,-114.082,G11_08,staged
2025-11-24 03:20:00,2,50.993,-114.054,G08_09,staged
2025-11-24 03:20:00,3,51.137,-114.026,G16_10,staged
2025-11-24 03:20:00,4,51.065,-113.97,G12_12,staged
2025-11-24 03:20:00,5,51.119,-114.194,G15_04,staged
2025-11-24 03:20:00,6,50.903,-113.998,G03_11,staged
2025-11-24 03:25:00,1,51.047,-114.082,G11_08,staged
2025-11-24 03:25:00,2,50.993,-114.054,G08_09,staged
2025-11-24 03:25:00,3,51.137,-114.026,G16_10,staged
2025-11-24 03:25:00,4,51.065,-113.97,G12_12,staged
2025-11-24 03:25:00,5,51.119,-114.194,G15_04,staged
2025-11-24 03:25:00,6,50.903,-113.998,G03_11,staged
2025-11-24 03:30:00,1,51.047,-114.082,G11_08,staged
2025-11-24 03:30:00,2,50.993,-114.054,G08_09,staged
2025-11-24 03:30:00,3,51.137,-114.026,G16_10,staged
2025-11-24 03:30:00,4,51.065,-113.97,G12_12,staged
2025-11-24 03:30:00,5,51.119,-114.194,G15_04,staged
2025-11-24 03:30:00,6,50.903,-113.998,G03_11,staged
2025-11-24 03:35:00,1,51.047,-114.082,G11_08,staged
2025-11-24 03:35:00,2,50.993,-114.054,G08_09,staged
2025-11-24 03:35:00,3,51.137,-114.026,G16_10,staged
2025-11-24 03:35:00,4,51.065,-113.97,G12_12,staged
2025-11-24 03:35:00,5,51.119,-114.194,G15_04,staged
2025-11-24 03:35:00,6,50.903,-113.998,G03_11,staged
2025-11-24 03:40:00,1,51.047,-114.082,G11_08,staged
2025-11-24 03:40:00,2,50.993,-114.054,G08_09,staged
2025-11-24 03:40:00,3,51.137,-114.026,G16_10,staged
2025-11-24 03:40:00,4,51.065,-113.97,G12_12,staged
2025-11-24 03:40:00,5,51.119,-114.194,G15_04,staged
2025-11-24 03:40:00,6,50.903,-113.998,G03_11,staged
2025-11-24 03:45:00,1,51.047,-114.082,G11_08,staged
2025-11-24 03:45:00,2,50.993,-114.054,G08_09,staged
2025-11-24 03:45:00,3,51.137,-114.026,G16_10,staged
2025-11-24 03:45:00,4,51.065,-113.97,G12_12,staged
2025-11-24 03:45:00,5,51.119,-114.194,G15_04,staged
2025-11-24 03:45:00,6,50.903,-113.998,G03_11,staged
2025-11-24 03:50:00,1,51.047,-114.082,G11_08,staged
2025-11-24 03:50:00,2,50.993,-114.054,G08_09,staged
2025-11-24 03:50:00,3,51.137,-114.026,G16_10,staged
2025-11-24 03:50:00,4,51.065,-113.97,G12_12,staged
2025-11-24 03:50:00,5,51.119,-114.194,G15_04,staged
2025-11-24 03:50:00,6,50.903,-113.998,G03_11,staged
2025-11-24 03:55:00,1,51.047,-114.082,G11_08,staged
2025-11-24 03:55:00,2,50.993,-114.054,G08_09,staged
2025-11-24 03:55:00,3,51.137,-114.026,G16_10,staged
2025-11-24 03:55:00,4,51.065,-113.97,G12_12,staged
2025-11-24 03:55:00,5,51.119,-114.194,G15_04,staged
2025-11-24 03:55:00,6,50.903,-113.998,G03_11,staged
2025-11-24 04:00:00,1,51.047,-114.082,G11_08,staged
2025-11-24 04:00:00,2,50.993,-114.054,G08_09,staged
2025-11-24 04:00:00,3,51.137,-114.026,G16_10,staged
2025-11-24 04:00:00,4,51.065,-113.97,G12_12,staged
2025-11-24 04:00:00,5,51.119,-114.194,G15_04,staged
2025-11-24 04:00:00,6,50.903,-113.998,G03_11,staged
2025-11-24 04:05:00,1,51.047,-114.082,G11_08,staged
2025-11-24 04:05:00,2,50.993,-114.054,G08_09,staged
2025-11-24 04:05:00,3,51.137,-114.026,G16_10,staged
2025-11-24 04:05:00,4,51.065,-113.97,G12_12,staged
2025-11-24 04:05:00,5,51.119,-114.194,G15_04,staged
2025-11-24 04:05:00,6,50.903,-113.998,G03_11,staged
2025-11-24 04:10:00,1,51.047,-114.082,G11_08,staged
2025-11-24 04:10:00,2,50.993,-114.054,G08_09,staged
2025-11-24 04:10:00,3,51.137,-114.026,G16_10,staged
2025-11-24 04:10:00,4,51.065,-113.97,G12_12,staged
2025-11-24 04:10:00,5,51.119,-114.194,G15_04,staged
2025-11-24 04:10:00,6,50.903,-113.998,G03_11,staged
2025-11-24 04:15:00,1,51.047,-114.082,G11_08,staged
2025-11-24 04:15:00,2,50.993,-114.054,G08_09,staged
2025-11-24 04:15:00,3,51.137,-114.026,G16_10,staged
2025-11-24 04:15:00,4,51.065,-113.97,G12_12,staged
2025-11-24 04:15:00,5,51.119,-114.194,G15_04,staged
2025-11-24 04:15:00,6,50.903,-113.998,G03_11,staged
2025-11-24 04:20:00,1,51.047,-114.082,G11_08,staged
2025-11-24 04:20:00,2,50.993,-114.054,G08_09,staged
2025-11-24 04:20:00,3,51.137,-114.026,G16_10,staged
2025-11-24 04:20:00,4,51.065,-113.97,G12_12,staged
2025-11-24 04:20:00,5,51.119,-114.194,G15_04,staged
2025-11-24 04:20:00,6,50.903,-113.998,G03_11,staged
2025-11-24 04:25:00,1,51.047,-114.082,G11_08,staged
2025-11-24 04:25:00,2,50.993,-114.054,G08_09,staged
2025-11-24 04:25:00,3,51.137,-114.026,G16_10,staged
2025-11-24 04:25:00,4,51.065,-113.97,G12_12,staged
2025-11-24 04:25:00,5,51.119,-114.194,G15_04,staged
2025-11-24 04:25:00,6,50.903,-113.998,G03_11,staged
2025-11-24 04:30:00,1,51.047,-114.082,G11_08,staged
2025-11-24 04:30:00,2,50.993,-114.054,G08_09,staged
2025-11-24 04:30:00,3,51.137,-114.026,G16_10,staged
2025-11-24 04:30:00,4,51.065,-113.97,G12_12,staged
2025-11-24 04:30:00,5,51.119,-114.194,G15_04,staged
2025-11-24 04:30:00,6,50.903,-113.998,G03_11,staged
2025-11-24 04:35:00,1,51.047,-114.082,G11_08,staged
2025-11-24 04:35:00,2,50.993,-114.054,G08_09,staged
2025-11-24 04:35:00,3,51.14585,-114.00905,G16_11,responding
2025-11-24 04:35:00,4,51.065,-113.97,G12_12,staged
2025-11-24 04:35:00,5,51.119,-114.194,G15_04,staged
2025-11-24 04:35:00,6,50.903,-113.998,G03_11,staged
2025-11-24 04:40:00,1,51.047,-114.082,G11_08,staged
2025-11-24 04:40:00,2,50.993,-114.054,G08_09,staged
2025-11-24 04:40:00,3,51.16061,-113.9808,G17_12,responding
2025-11-24 04:40:00,4,51.065,-113.97,G12_12,staged
2025-11-24 04:40:00,5,51.119,-114.194,G15_04,staged
2025-11-24 04:40:00,6,50.903,-113.998,G03_11,staged
2025-11-24 04:45:00,1,51.047,-114.082,G11_08,staged
2025-11-24 04:45:00,2,50.993,-114.054,G08_09,staged
2025-11-24 04:45:00,3,51.16545,-113.97155,G18_12,on_scene
2025-11-24 04:45:00,4,51.065,-113.97,G12_12,staged
2025-11-24 04:45:00,5,51.119,-114.194,G15_04,staged
2025-11-24 04:45:00,6,50.903,-113.998,G03_11,staged
2025-11-24 04:50:00,1,51.047,-114.082,G11_08,staged
2025-11-24 04:50:00,2,50.993,-114.054,G08_09,staged
2025-11-24 04:50:00,3,51.16545,-113.97155,G18_12,on_scene
2025-11-24 04:50:00,4,51.065,-113.97,G12_12,staged
2025-11-24 04:50:00,5,51.119,-114.194,G15_04,staged
2025-11-24 04:50:00,6,50.903,-113.998,G03_11,staged
2025-11-24 04:55:00,1,51.047,-114.082,G11_08,staged
2025-11-24 04:55:00,2,50.993,-114.054,G08_09,staged
2025-11-24 04:55:00,3,51.16545,-113.97155,G18_12,on_scene
2025-11-24 04:55:00,4,51.065,-113.97,G12_12,staged
2025-11-24 04:55:00,5,51.119,-114.194,G15_04,staged
2025-11-24 04:55:00,6,50.903,-113.998,G03_11,staged
2025-11-24 05:00:00,1,51.047,-114.082,G11_08,staged
2025-11-24 05:00:00,2,50.993,-114.054,G08_09,staged
2025-11-24 05:00:00,3,51.16545,-113.97155,G18_12,on_scene
2025-11-24 05:00:00,4,51.065,-113.97,G12_12,staged
2025-11-24 05:00:00,5,51.119,-114.194,G15_04,staged
2025-11-24 05:00:00,6,50.903,-113.998,G03_11,staged
2025-11-24 05:05:00,1,51.047,-114.082,G11_08,staged
2025-11-24 05:05:00,2,50.993,-114.054,G08_09,staged
2025-11-24 05:05:00,3,51.16545,-113.97155,G18_12,on_scene
2025-11-24 05:05:00,4,51.065,-113.97,G12_12,staged
2025-11-24 05:05:00,5,51.119,-114.194,G15_04,staged
2025-11-24 05:05:00,6,50.903,-113.998,G03_11,staged
2025-11-24 05:10:00,1,51.047,-114.082,G11_08,staged
2025-11-24 05:10:00,2,50.993,-114.054,G08_09,staged
2025-11-24 05:10:00,3,51.16545,-113.97155,G18_12,on_scene
2025-11-24 05:10:00,4,51.065,-113.97,G12_12,staged
2025-11-24 05:10:00,5,51.119,-114.194,G15_04,staged
2025-11-24 05:10:00,6,50.903,-113.998,G03_11,staged
2025-11-24 05:15:00,1,51.047,-114.082,G11_08,staged
2025-11-24 05:15:00,2,50.993,-114.054,G08_09,staged
2025-11-24 05:15:00,3,51.15552,-113.99054,G17_11,returning
2025-11-24 05:15:00,4,51.065,-113.97,G12_12,staged
2025-11-24 05:15:00,5,51.119,-114.194,G15_04,staged
2025-11-24 05:15:00,6,50.903,-113.998,G03_11,staged
2025-11-24 05:20:00,1,51.047,-114.082,G11_08,staged
2025-11-24 05:20:00,2,50.993,-114.054,G08_09,staged
2025-11-24 05:20:00,3,51.14077,-114.01879,G16_10,returning
2025-11-24 05:20:00,4,51.065,-113.97,G12_12,staged
2025-11-24 05:20:00,5,51.119,-114.194,G15_04,staged
2025-11-24 05:20:00,6,50.903,-113.998,G03_11,staged
2025-11-24 05:25:00,1,51.047,-114.082,G11_08,staged
2025-11-24 05:25:00,2,50.993,-114.054,G08_09,staged
2025-11-24 05:25:00,3,51.137,-114.026,G16_10,staged
2025-11-24 05:25:00,4,51.065,-113.97,G12_12,staged
2025-11-24 05:25:00,5,51.119,-114.194,G15_04,staged
2025-11-24 05:25:00,6,50.903,-113.998,G03_11,staged
2025-11-24 05:30:00,1,51.047,-114.082,G11_08,staged
2025-11-24 05:30:00,2,50.993,-114.054,G08_09,staged
2025-11-24 05:30:00,3,51.137,-114.026,G16_10,staged
2025-11-24 05:30:00,4,51.065,-113.97,G12_12,staged
2025-11-24 05:30:00,5,51.119,-114.194,G15_04,staged
2025-11-24 05:30:00,6,50.903,-113.998,G03_11,staged
2025-11-24 05:35:00,1,51.047,-114.082,G11_08,staged
2025-11-24 05:35:00,2,50.993,-114.054,G08_09,staged
2025-11-24 05:35:00,3,51.137,-114.026,G16_10,staged
2025-11-24 05:35:00,4,51.065,-113.97,G12_12,staged
2025-11-24 05:35:00,5,51.119,-114.194,G15_04,staged
2025-11-24 05:35:00,6,50.903,-113.998,G03_11,staged
2025-11-24 05:40:00,1,51.047,-114.082,G11_08,staged
2025-11-24 05:40:00,2,50.993,-114.054,G08_09,staged
2025-11-24 05:40:00,3,51.137,-114.026,G16_10,staged
2025-11-24 05:40:00,4,51.065,-113.97,G12_12,staged
2025-11-24 05:40:00,5,51.119,-114.194,G15_04,staged
2025-11-24 05:40:00,6,50.903,-113.998,G03_11,staged
2025-11-24 05:45:00,1,51.047,-114.082,G11_08,staged
2025-11-24 05:45:00,2,50.993,-114.054,G08_09,staged
2025-11-24 05:45:00,3,51.137,-114.026,G16_10,staged
2025-11-24 05:45:00,4,51.065,-113.97,G12_12,staged
2025-11-24 05:45:00,5,51.119,-114.194,G15_04,staged
2025-11-24 05:45:00,6,50.903,-113.998,G03_11,staged
2025-11-24 05:50:00,1,51.047,-114.082,G11_08,staged
2025-11-24 05:50:00,2,50.993,-114.054,G08_09,staged
2025-11-24 05:50:00,3,51.137,-114.026,G16_10,staged
2025-11-24 05:50:00,4,51.065,-113.97,G12_12,staged
2025-11-24 05:50:00,5,51.119,-114.194,G15_04,staged
2025-11-24 05:50:00,6,50.903,-113.998,G03_11,staged
2025-11-24 05:55:00,1,51.047,-114.082,G11_08,staged
2025-11-24 05:55:00,2,50.993,-114.054,G08_09,staged
2025-11-24 05:55:00,3,51.137,-114.026,G16_10,staged
2025-11-24 05:55:00,4,51.065,-113.97,G12_12,staged
2025-11-24 05:55:00,5,51.119,-114.194,G15_04,staged
2025-11-24 05:55:00,6,50.903,-113.998,G03_11,staged
2025-11-24 06:00:00,1,51.047,-114.082,G11_08,staged
2025-11-24 06:00:00,2,50.993,-114.054,G08_09,staged
2025-11-24 06:00:00,3,51.137,-114.026,G16_10,staged
2025-11-24 06:00:00,4,51.065,-113.97,G12_12,staged
2025-11-24 06:00:00,5,51.119,-114.194,G15_04,staged
2025-11-24 06:00:00,6,50.903,-113.998,G03_11,staged
2025-11-24 06:05:00,1,51.047,-114.082,G11_08,staged
2025-11-24 06:05:00,2,50.993,-114.054,G08_09,staged
2025-11-24 06:05:00,3,51.137,-114.026,G16_10,staged
2025-11-24 06:05:00,4,51.065,-113.97,G12_12,staged
2025-11-24 06:05:00,5,51.119,-114.194,G15_04,staged
2025-11-24 06:05:00,6,50.903,-113.998,G03_11,staged
2025-11-24 06:10:00,1,51.047,-114.082,G11_08,staged
2025-11-24 06:10:00,2,50.993,-114.054,G08_09,staged
2025-11-24 06:10:00,3,51.137,-114.026,G16_10,staged
2025-11-24 06:10:00,4,51.065,-113.97,G12_12,staged
2025-11-24 06:10:00,5,51.119,-114.194,G15_04,staged
2025-11-24 06:10:00,6,50.903,-113.998,G03_11,staged
2025-11-24 06:15:00,1,51.047,-114.082,G11_08,staged
2025-11-24 06:15:00,2,50.993,-114.054,G08_09,staged
2025-11-24 06:15:00,3,51.137,-114.026,G16_10,staged
2025-11-24 06:15:00,4,51.065,-113.97,G12_12,staged
2025-11-24 06:15:00,5,51.1136,-114.20591,G15_04,responding
2025-11-24 06:15:00,6,50.903,-113.998,G03_11,staged
2025-11-24 06:20:00,1,51.047,-114.082,G11_08,staged
2025-11-24 06:20:00,2,50.99627,-114.08285,G08_08,responding
2025-11-24 06:20:00,3,51.137,-114.026,G16_10,staged
2025-11-24 06:20:00,4,51.065,-113.97,G12_12,staged
2025-11-24 06:20:00,5,51.1001,-114.23568,G14_03,responding
2025-11-24 06:20:00,6,50.903,-113.998,G03_11,staged
2025-11-24 06:25:00,1,51.047,-114.082,G11_08,staged
2025-11-24 06:25:00,2,51.00022,-114.11773,G08_07,on_scene
2025-11-24 06:25:00,3,51.137,-114.026,G16_10,staged
2025-11-24 06:25:00,4,51.065,-113.97,G12_12,staged
2025-11-24 06:25:00,5,51.0885,-114.26123,G13_02,on_scene
2025-11-24 06:25:00,6,50.903,-113.998,G03_11,staged
2025-11-24 06:30:00,1,51.047,-114.082,G11_08,staged
2025-11-24 06:30:00,2,51.00022,-114.11773,G08_07,on_scene
2025-11-24 06:30:00,3,51.137,-114.026,G16_10,staged
2025-11-24 06:30:00,4,51.0688,-113.97415,G12_12,responding
2025-11-24 06:30:00,5,51.0885,-114.26123,G13_02,on_scene
2025-11-24 06:30:00,6,50.91199,-114.01469,G03_11,responding
2025-11-24 06:35:00,1,51.04872,-114.06016,G11_09,responding
2025-11-24 06:35:00,2,51.00022,-114.11773,G08_07,on_scene
2025-11-24 06:35:00,3,51.137,-114.026,G16_10,staged
2025-11-24 06:35:00,4,51.076,-113.98202,G13_12,on_scene
2025-11-24 06:35:00,5,51.0885,-114.26123,G13_02,on_scene
2025-11-24 06:35:00,6,50.92696,-114.0425,G04_09,responding
2025-11-24 06:40:00,1,51.0491,-114.05539,G11_09,on_scene
2025-11-24 06:40:00,2,51.00022,-114.11773,G08_07,on_scene
2025-11-24 06:40:00,3,51.137,-114.026,G16_10,staged
2025-11-24 06:40:00,4,51.076,-113.98202,G13_12,on_scene
2025-11-24 06:40:00,5,51.0885,-114.26123,G13_02,on_scene
2025-11-24 06:40:00,6,50.94161,-114.06969,G05_08,on_scene
2025-11-24 06:45:00,1,51.0491,-114.05539,G11_09,on_scene
2025-11-24 06:45:00,2,51.00022,-114.11773,G08_07,on_scene
2025-11-24 06:45:00,3,51.137,-114.026,G16_10,staged
2025-11-24 06:45:00,4,51.076,-113.98202,G13_12,on_scene
2025-11-24 06:45:00,5,51.0885,-114.26123,G13_02,on_scene
2025-11-24 06:45:00,6,50.94161,-114.06969,G05_08,on_scene
2025-11-24 06:50:00,1,51.0491,-114.05539,G11_09,on_scene
2025-11-24 06:50:00,2,51.00022,-114.11773,G08_07,on_scene
2025-11-24 06:50:00,3,51.137,-114.026,G16_10,staged
2025-11-24 06:50:00,4,51.076,-113.98202,G13_12,on_scene
2025-11-24 06:50:00,5,51.0885,-114.26123,G13_02,on_scene
2025-11-24 06:50:00,6,50.94161,-114.06969,G05_08,on_scene
2025-11-24 06:55:00,1,51.0491,-114.05539,G11_09,on_scene
2025-11-24 06:55:00,2,51.00083,-114.11843,G08_07,responding
2025-11-24 06:55:00,3,51.137,-114.026,G16_10,staged
2025-11-24 06:55:00,4,51.076,-113.98202,G13_12,on_scene
2025-11-24 06:55:00,5,51.09041,-114.25702,G13_02,returning
2025-11-24 06:55:00,6,50.94161,-114.06969,G05_08,on_scene
2025-11-24 07:00:00,1,51.0491,-114.05539,G11_09,on_scene
2025-11-24 07:00:00,2,51.01952,-114.1399,G09_06,responding
2025-11-24 07:00:00,3,51.137,-114.026,G16_10,staged
2025-11-24 07:00:00,4,51.076,-113.98202,G13_12,on_scene
2025-11-24 07:00:00,5,51.10392,-114.22725,G14_03,returning
2025-11-24 07:00:00,6,50.94161,-114.06969,G05_08,on_scene
2025-11-24 07:00:00,7,51.047,-114.082,G11_08,relocating
2025-11-24 07:00:00,8,51.047,-114.082,G11_08,relocating
2025-11-24 07:00:00,9,51.047,-114.082,G11_08,relocating
2025-11-24 07:00:00,10,51.047,-114.082,G11_08,staged
2025-11-24 07:05:00,1,51.0491,-114.05539,G11_09,on_scene
2025-11-24 07:05:00,2,51.03821,-114.16137,G11_05,responding
2025-11-24 07:05:00,3,51.15274,-114.01067,G17_11,responding
2025-11-24 07:05:00,4,51.065,-113.97,G12_12,staged
2025-11-24 07:05:00,5,51.11742,-114.19748,G15_04,returning
2025-11-24 07:05:00,6,50.94161,-114.06969,G05_08,on_scene
2025-11-24 07:05:00,7,51.06632,-114.06196,G12_09,relocating
2025-11-24 07:05:00,8,51.02688,-114.06411,G10_09,relocating
2025-11-24 07:05:00,9,51.047,-114.11868,G11_07,relocating
2025-11-24 07:05:00,10,51.047,-114.082,G11_08,staged
2025-11-24 07:10:00,1,51.03065,-114.06781,G10_09,responding
2025-11-24 07:10:00,2,51.03938,-114.16271,G11_05,on_scene
2025-11-24 07:10:00,3,51.17242,-113.99151,G18_11,responding
2025-11-24 07:10:00,4,51.06923,-113.96708,G12_12,responding
2025-11-24 07:10:00,5,51.119,-114.194,G15_04,staged
2025-11-24 07:10:00,6,50.9414,-114.06894,G05_08,responding
2025-11-24 07:10:00,7,51.08565,-114.04192,G13_09,relocating
2025-11-24 07:10:00,8,51.00675,-114.04623,G09_09,relocating
2025-11-24 07:10:00,9,51.047,-114.15536,G11_05,relocating
2025-11-24 07:10:00,10,51.047,-114.082,G11_08,staged
2025-11-24 07:15:00,1,51.00941,-114.08211,G09_08,responding
2025-11-24 07:15:00,2,51.03938,-114.16271,G11_05,on_scene
2025-11-24 07:15:00,3,51.17525,-113.98876,G18_11,on_scene
2025-11-24 07:15:00,4,51.09039,-113.95248,G13_13,responding
2025-11-24 07:15:00,5,51.119,-114.194,G15_04,staged
2025-11-24 07:15:00,6,50.93205,-114.03549,G05_10,responding
2025-11-24 07:15:00,7,51.10497,-114.02188,G14_10,relocating
2025-11-24 07:15:00,8,50.98663,-114.02834,G08_10,relocating
2025-11-24 07:15:00,9,51.047,-114.166,G11_05,staged
2025-11-24 07:15:00,10,51.047,-114.082,G11_08,staged
2025-11-24 07:20:00,1,50.99429,-114.09229,G08_08,on_scene
2025-11-24 07:20:00,2,51.03938,-114.16271,G11_05,on_scene
2025-11-24 07:20:00,3,51.17525,-113.98876,G18_11,on_scene
2025-11-24 07:20:00,4,51.11155,-113.93789,G15_13,responding
2025-11-24 07:20:00,5,51.119,-114.194,G15_04,staged
2025-11-24 07:20:00,6,50.93115,-114.03225,G05_10,on_scene
2025-11-24 07:20:00,7,51.12429,-114.00184,G16_11,relocating
2025-11-24 07:20:00,8,50.96651,-114.01045,G07_11,relocating
2025-11-24 07:20:00,9,51.047,-114.166,G11_05,staged
2025-11-24 07:20:00,10,51.047,-114.082,G11_08,staged
2025-11-24 07:25:00,1,50.99429,-114.09229,G08_08,on_scene
2025-11-24 07:25:00,2,51.03938,-114.16271,G11_05,on_scene
2025-11-24 07:25:00,3,51.17525,-113.98876,G18_11,on_scene
2025-11-24 07:25:00,4,51.13271,-113.92329,G16_14,responding
2025-11-24 07:25:00,5,51.119,-114.194,G15_04,responding
2025-11-24 07:25:00,6,50.93115,-114.03225,G05_10,on_scene
2025-11-24 07:25:00,7,51.14362,-113.9818,G16_12,relocating
2025-11-24 07:25:00,8,50.94638,-113.99256,G05_11,relocating
2025-11-24 07:25:00,9,51.047,-114.166,G11_05,staged
2025-11-24 07:25:00,10,51.047,-114.082,G11_08,staged
2025-11-24 07:30:00,1,50.99429,-114.09229,G08_08,on_scene
2025-11-24 07:30:00,2,51.03938,-114.16271,G11_05,on_scene
2025-11-24 07:30:00,3,51.17525,-113.98876,G18_11,on_scene
2025-11-24 07:30:00,4,51.13645,-113.92071,G16_14,on_scene
2025-11-24 07:30:00,5,51.11055,-114.15982,G15_05,responding
2025-11-24 07:30:00,6,50.93115,-114.03225,G05_10,on_scene
2025-11-24 07:30:00,7,51.155,-113.97,G17_12,staged
2025-11-24 07:30:00,8,50.92626,-113.97468,G04_12,relocating
2025-11-24 07:30:00,9,51.047,-114.166,G11_05,staged
2025-11-24 07:30:00,10,51.047,-114.082,G11_08,staged
2025-11-24 07:35:00,1,50.99429,-114.09229,G08_08,on_scene
2025-11-24 07:35:00,2,51.03938,-114.16271,G11_05,on_scene
2025-11-24 07:35:00,3,51.17525,-113.98876,G18_11,on_scene
2025-11-24 07:35:00,4,51.13645,-113.92071,G16_14,on_scene
2025-11-24 07:35:00,5,51.10211,-114.12565,G14_06,responding
2025-11-24 07:35:00,6,50.93115,-114.03225,G05_10,on_scene
2025-11-24 07:35:00,7,51.15613,-113.9846,G17_11,responding
2025-11-24 07:35:00,8,50.921,-113.97,G04_12,staged
2025-11-24 07:35:00,9,51.047,-114.166,G11_05,staged
2025-11-24 07:35:00,10,51.047,-114.082,G11_08,staged
2025-11-24 07:40:00,1,50.99429,-114.09229,G08_08,on_scene
2025-11-24 07:40:00,2,51.02724,-114.13427,G10_06,returning
2025-11-24 07:40:00,3,51.17525,-113.98876,G18_11,on_scene
2025-11-24 07:40:00,4,51.13645,-113.92071,G16_14,on_scene
2025-11-24 07:40:00,5,51.10196,-114.12506,G14_06,on_scene
2025-11-24 07:40:00,6,50.93115,-114.03225,G05_10,on_scene
2025-11-24 07:40:00,7,51.15896,-114.02109,G17_10,responding
2025-11-24 07:40:00,8,50.921,-113.97,G04_12,staged
2025-11-24 07:40:00,9,51.047,-114.166,G11_05,staged
2025-11-24 07:40:00,10,51.047,-114.082,G11_08,staged
2025-11-24 07:45:00,1,50.99429,-114.09229,G08_08,on_scene
2025-11-24 07:45:00,2,51.0143,-114.10393,G09_07,returning
2025-11-24 07:45:00,3,51.15839,-114.00517,G17_11,returning
2025-11-24 07:45:00,4,51.13645,-113.92071,G16_14,on_scene
2025-11-24 07:45:00,5,51.10196,-114.12506,G14_06,on_scene
2025-11-24 07:45:00,6,50.93115,-114.03225,G05_10,on_scene
2025-11-24 07:45:00,7,51.16179,-114.05758,G17_09,responding
2025-11-24 07:45:00,8,50.921,-113.97,G04_12,staged
2025-11-24 07:45:00,9,51.047,-114.166,G11_05,staged
2025-11-24 07:45:00,10,51.047,-114.082,G11_08,staged
2025-11-24 07:50:00,1,50.99762,-114.10141,G08_07,returning
2025-11-24 07:50:00,2,51.01494,-114.07968,G09_08,responding
2025-11-24 07:50:00,3,51.13871,-114.02433,G16_10,returning
2025-11-24 07:50:00,4,51.13645,-113.92071,G16_14,on_scene
2025-11-24 07:50:00,5,51.10196,-114.12506,G14_06,on_scene
2025-11-24 07:50:00,6,50.939,-114.054,G05_09,staged
2025-11-24 07:50:00,7,51.16462,-114.09407,G18_08,responding
2025-11-24 07:50:00,8,50.921,-113.97,G04_12,staged
2025-11-24 07:50:00,9,51.047,-114.166,G11_05,staged
2025-11-24 07:50:00,10,51.047,-114.082,G11_08,staged
2025-11-24 07:55:00,1,51.00921,-114.13309,G09_06,returning
2025-11-24 07:55:00,2,51.01688,-114.07828,G09_08,on_scene
2025-11-24 07:55:00,3,51.137,-114.026,G16_10,staged
2025-11-24 07:55:00,4,51.13645,-113.92071,G16_14,on_scene
2025-11-24 07:55:00,5,51.10196,-114.12506,G14_06,on_scene
2025-11-24 07:55:00,6,50.939,-114.054,G05_09,staged
2025-11-24 07:55:00,7,51.16745,-114.13057,G18_06,responding
2025-11-24 07:55:00,8,50.921,-113.97,G04_12,staged
2025-11-24 07:55:00,9,51.047,-114.166,G11_05,staged
2025-11-24 07:55:00,10,51.047,-114.082,G11_08,staged
2025-11-24 08:00:00,1,51.011,-114.138,G09_06,staged
2025-11-24 08:00:00,2,51.01688,-114.07828,G09_08,on_scene
2025-11-24 08:00:00,3,51.137,-114.026,G16_10,relocating
2025-11-24 08:00:00,4,51.11902,-113.93273,G15_13,returning
2025-11-24 08:00:00,5,51.10196,-114.12506,G14_06,on_scene
2025-11-24 08:00:00,6,50.939,-114.054,G05_09,staged
2025-11-24 08:00:00,7,51.16813,-114.13938,G18_06,on_scene
2025-11-24 08:00:00,8,50.921,-113.97,G04_12,staged
2025-11-24 08:00:00,9,51.047,-114.166,G11_05,staged
2025-11-24 08:00:00,10,51.047,-114.082,G11_08,staged
2025-11-24 08:05:00,1,51.011,-114.138,G09_06,staged
2025-11-24 08:05:00,2,51.01688,-114.07828,G09_08,on_scene
2025-11-24 08:05:00,3,51.14445,-114.06078,G16_09,relocating
2025-11-24 08:05:00,4,51.09786,-113.94733,G14_13,returning
2025-11-24 08:05:00,5,51.10196,-114.12506,G14_06,on_scene
2025-11-24 08:05:00,6,50.939,-114.054,G05_09,staged
2025-11-24 08:05:00,7,51.16813,-114.13938,G18_06,on_scene
2025-11-24 08:05:00,8,50.921,-113.97,G04_12,staged
2025-11-24 08:05:00,9,51.047,-114.166,G11_05,staged
2025-11-24 08:05:00,10,51.047,-114.082,G11_08,staged
2025-11-24 08:10:00,1,51.011,-114.138,G09_06,staged
2025-11-24 08:10:00,2,51.01688,-114.07828,G09_08,on_scene
2025-11-24 08:10:00,3,51.15191,-114.09557,G17_08,relocating
2025-11-24 08:10:00,4,51.0767,-113.96192,G13_12,returning
2025-11-24 08:10:00,5,51.11026,-114.15864,G15_05,returning
2025-11-24 08:10:00,6,50.939,-114.054,G05_09,staged
2025-11-24 08:10:00,7,51.16813,-114.13938,G18_06,on_scene
2025-11-24 08:10:00,8,50.921,-113.97,G04_12,staged
2025-11-24 08:10:00,9,51.047,-114.166,G11_05,staged
2025-11-24 08:10:00,10,51.047,-114.082,G11_08,staged
2025-11-24 08:15:00,1,51.011,-114.138,G09_06,staged
2025-11-24 08:15:00,2,51.01688,-114.07828,G09_08,on_scene
2025-11-24 08:15:00,3,51.155,-114.11,G17_07,staged
2025-11-24 08:15:00,4,51.065,-113.97,G12_12,staged
2025-11-24 08:15:00,5,51.11871,-114.19282,G15_04,returning
2025-11-24 08:15:00,6,50.939,-114.054,G05_09,staged
2025-11-24 08:15:00,7,51.16813,-114.13938,G18_06,on_scene
2025-11-24 08:15:00,8,50.921,-113.97,G04_12,staged
2025-11-24 08:15:00,9,51.047,-114.166,G11_05,staged
2025-11-24 08:15:00,10,51.047,-114.082,G11_08,staged
2025-11-24 08:20:00,1,51.011,-114.138,G09_06,staged
2025-11-24 08:20:00,2,51.01688,-114.07828,G09_08,on_scene
2025-11-24 08:20:00,3,51.155,-114.11,G17_07,staged
2025-11-24 08:20:00,4,51.065,-113.97,G12_12,staged
2025-11-24 08:20:00,5,51.119,-114.194,G15_04,staged
2025-11-24 08:20:00,6,50.939,-114.054,G05_09,staged
2025-11-24 08:20:00,7,51.16813,-114.13938,G18_06,on_scene
2025-11-24 08:20:00,8,50.921,-113.97,G04_12,staged
2025-11-24 08:20:00,9,51.047,-114.166,G11_05,staged
2025-11-24 08:20:00,10,51.047,-114.082,G11_08,staged
2025-11-24 08:25:00,1,51.011,-114.138,G09_06,staged
2025-11-24 08:25:00,2,50.99926,-114.06036,G08_09,returning
2025-11-24 08:25:00,3,51.155,-114.11,G17_07,staged
2025-11-24 08:25:00,4,51.065,-113.97,G12_12,staged
2025-11-24 08:25:00,5,51.119,-114.194,G15_04,staged
2025-11-24 08:25:00,6,50.939,-114.054,G05_09,staged
2025-11-24 08:25:00,7,51.16813,-114.13938,G18_06,on_scene
2025-11-24 08:25:00,8,50.921,-113.97,G04_12,staged
2025-11-24 08:25:00,9,51.047,-114.166,G11_05,staged
2025-11-24 08:25:00,10,51.047,-114.082,G11_08,staged
2025-11-24 08:30:00,1,51.011,-114.138,G09_06,staged
2025-11-24 08:30:00,2,50.993,-114.054,G08_09,staged
2025-11-24 08:30:00,3,51.155,-114.11,G17_07,staged
2025-11-24 08:30:00,4,51.065,-113.97,G12_12,staged
2025-11-24 08:30:00,5,51.119,-114.194,G15_04,staged
2025-11-24 08:30:00,6,50.939,-114.054,G05_09,staged
2025-11-24 08:30:00,7,51.16599,-114.11169,G18_07,returning
2025-11-24 08:30:00,8,50.921,-113.97,G04_12,staged
2025-11-24 08:30:00,9,51.047,-114.166,G11_05,staged
2025-11-24 08:30:00,10,51.047,-114.082,G11_08,staged
2025-11-24 08:35:00,1,51.011,-114.138,G09_06,staged
2025-11-24 08:35:00,2,50.993,-114.054,G08_09,staged
2025-11-24 08:35:00,3,51.155,-114.11,G17_07,staged
2025-11-24 08:35:00,4,51.065,-113.97,G12_12,staged
2025-11-24 08:35:00,5,51.119,-114.194,G15_04,staged
2025-11-24 08:35:00,6,50.939,-114.054,G05_09,staged
2025-11-24 08:35:00,7,51.16316,-114.0752,G17_08,returning
2025-11-24 08:35:00,8,50.921,-113.97,G04_12,staged
2025-11-24 08:35:00,9,51.047,-114.166,G11_05,staged
2025-11-24 08:35:00,10,51.047,-114.082,G11_08,staged
2025-11-24 08:40:00,1,51.011,-114.138,G09_06,staged
2025-11-24 08:40:00,2,50.993,-114.054,G08_09,staged
2025-11-24 08:40:00,3,51.155,-114.11,G17_07,staged
2025-11-24 08:40:00,4,51.065,-113.97,G12_12,staged
2025-11-24 08:40:00,5,51.119,-114.194,G15_04,staged
2025-11-24 08:40:00,6,50.939,-114.054,G05_09,staged
2025-11-24 08:40:00,7,51.16033,-114.03871,G17_10,returning
2025-11-24 08:40:00,8,50.921,-113.97,G04_12,staged
2025-11-24 08:40:00,9,51.047,-114.166,G11_05,staged
2025-11-24 08:40:00,10,51.03997,-114.0725,G11_08,responding
2025-11-24 08:45:00,1,51.011,-114.138,G09_06,staged
2025-11-24 08:45:00,2,50.993,-114.054,G08_09,staged
2025-11-24 08:45:00,3,51.155,-114.11,G17_07,staged
2025-11-24 08:45:00,4,51.065,-113.97,G12_12,staged
2025-11-24 08:45:00,5,51.119,-114.194,G15_04,staged
2025-11-24 08:45:00,6,50.939,-114.054,G05_09,staged
2025-11-24 08:45:00,7,51.1575,-114.00222,G17_11,returning
2025-11-24 08:45:00,8,50.921,-113.97,G04_12,staged
2025-11-24 08:45:00,9,51.047,-114.166,G11_05,staged
2025-11-24 08:45:00,10,51.03052,-114.05973,G10_09,on_scene
2025-11-24 08:50:00,1,51.011,-114.138,G09_06,staged
2025-11-24 08:50:00,2,50.993,-114.054,G08_09,staged
2025-11-24 08:50:00,3,51.155,-114.11,G17_07,staged
2025-11-24 08:50:00,4,51.065,-113.97,G12_12,staged
2025-11-24 08:50:00,5,51.119,-114.194,G15_04,staged
2025-11-24 08:50:00,6,50.939,-114.054,G05_09,staged
2025-11-24 08:50:00,7,51.155,-113.97,G17_12,staged
2025-11-24 08:50:00,8,50.921,-113.97,G04_12,staged
2025-11-24 08:50:00,9,51.047,-114.166,G11_05,staged
2025-11-24 08:50:00,10,51.03052,-114.05973,G10_09,on_scene
2025-11-24 08:55:00,1,51.011,-114.138,G09_06,staged
2025-11-24 08:55:00,2,50.993,-114.054,G08_09,staged
2025-11-24 08:55:00,3,51.155,-114.11,G17_07,staged
2025-11-24 08:55:00,4,51.065,-113.97,G12_12,staged
2025-11-24 08:55:00,5,51.119,-114.194,G15_04,staged
2025-11-24 08:55:00,6,50.939,-114.054,G05_09,staged
2025-11-24 08:55:00,7,51.155,-113.97,G17_12,staged
2025-11-24 08:55:00,8,50.921,-113.97,G04_12,staged
2025-11-24 08:55:00,9,51.047,-114.166,G11_05,staged
2025-11-24 08:55:00,10,51.03052,-114.05973,G10_09,on_scene
2025-11-24 09:00:00,1,51.011,-114.138,G09_06,staged
2025-11-24 09:00:00,2,51.00187,-114.03712,G08_10,responding
2025-11-24 09:00:00,3,51.155,-114.11,G17_07,staged
2025-11-24 09:00:00,4,51.065,-113.97,G12_12,staged
2025-11-24 09:00:00,5,51.119,-114.194,G15_04,staged
2025-11-24 09:00:00,6,50.939,-114.054,G05_09,staged
2025-11-24 09:00:00,7,51.155,-113.97,G17_12,staged
2025-11-24 09:00:00,8,50.921,-113.97,G04_12,staged
2025-11-24 09:00:00,9,51.047,-114.166,G11_05,staged
2025-11-24 09:00:00,10,51.03052,-114.05973,G10_09,on_scene
2025-11-24 09:05:00,1,51.011,-114.138,G09_06,staged
2025-11-24 09:05:00,2,51.00838,-114.02472,G09_10,on_scene
2025-11-24 09:05:00,3,51.155,-114.11,G17_07,staged
2025-11-24 09:05:00,4,51.065,-113.97,G12_12,staged
2025-11-24 09:05:00,5,51.119,-114.194,G15_04,staged
2025-11-24 09:05:00,6,50.939,-114.054,G05_09,staged
2025-11-24 09:05:00,7,51.155,-113.97,G17_12,staged
2025-11-24 09:05:00,8,50.921,-113.97,G04_12,staged
2025-11-24 09:05:00,9,51.05572,-114.19187,G11_04,responding
2025-11-24 09:05:00,10,51.03052,-114.05973,G10_09,on_scene
2025-11-24 09:10:00,1,51.011,-114.138,G09_06,staged
2025-11-24 09:10:00,2,51.00838,-114.02472,G09_10,on_scene
2025-11-24 09:10:00,3,51.155,-114.11,G17_07,staged
2025-11-24 09:10:00,4,51.065,-113.97,G12_12,staged
2025-11-24 09:10:00,5,51.119,-114.194,G15_04,staged
2025-11-24 09:10:00,6,50.939,-114.054,G05_09,staged
2025-11-24 09:10:00,7,51.155,-113.97,G17_12,staged
2025-11-24 09:10:00,8,50.921,-113.97,G04_12,staged
2025-11-24 09:10:00,9,51.06661,-114.2242,G12_03,responding
2025-11-24 09:10:00,10,51.03052,-114.05973,G10_09,on_scene
2025-11-24 09:15:00,1,51.011,-114.138,G09_06,staged
2025-11-24 09:15:00,2,51.00838,-114.02472,G09_10,on_scene
2025-11-24 09:15:00,3,51.155,-114.11,G17_07,staged
2025-11-24 09:15:00,4,51.065,-113.97,G12_12,staged
2025-11-24 09:15:00,5,51.119,-114.194,G15_04,staged
2025-11-24 09:15:00,6,50.939,-114.054,G05_09,staged
2025-11-24 09:15:00,7,51.155,-113.97,G17_12,staged
2025-11-24 09:15:00,8,50.921,-113.97,G04_12,staged
2025-11-24 09:15:00,9,51.06705,-114.2255,G12_03,on_scene
2025-11-24 09:15:00,10,51.03864,-114.0707,G11_08,returning
2025-11-24 09:20:00,1,51.011,-114.138,G09_06,staged
2025-11-24 09:20:00,2,51.00838,-114.02472,G09_10,on_scene
2025-11-24 09:20:00,3,51.155,-114.11,G17_07,staged
2025-11-24 09:20:00,4,51.065,-113.97,G12_12,staged
2025-11-24 09:20:00,5,51.119,-114.194,G15_04,staged
2025-11-24 09:20:00,6,50.939,-114.054,G05_09,staged
2025-11-24 09:20:00,7,51.155,-113.97,G17_12,staged
2025-11-24 09:20:00,8,50.921,-113.97,G04_12,staged
2025-11-24 09:20:00,9,51.06705,-114.2255,G12_03,on_scene
2025-11-24 09:20:00,10,51.047,-114.082,G11_08,staged
2025-11-24 09:25:00,1,51.011,-114.138,G09_06,staged
2025-11-24 09:25:00,2,51.00838,-114.02472,G09_10,on_scene
2025-11-24 09:25:00,3,51.155,-114.11,G17_07,staged
2025-11-24 09:25:00,4,51.065,-113.97,G12_12,staged
2025-11-24 09:25:00,5,51.119,-114.194,G15_04,staged
2025-11-24 09:25:00,6,50.939,-114.054,G05_09,staged
2025-11-24 09:25:00,7,51.155,-113.97,G17_12,staged
2025-11-24 09:25:00,8,50.921,-113.97,G04_12,staged
2025-11-24 09:25:00,9,51.06705,-114.2255,G12_03,on_scene
2025-11-24 09:25:00,10,51.047,-114.082,G11_08,staged
2025-11-24 09:30:00,1,51.011,-114.138,G09_06,staged
2025-11-24 09:30:00,2,51.00838,-114.02472,G09_10,on_scene
2025-11-24 09:30:00,3,51.155,-114.11,G17_07,staged
2025-11-24 09:30:00,4,51.065,-113.97,G12_12,staged
2025-11-24 09:30:00,5,51.119,-114.194,G15_04,staged
2025-11-24 09:30:00,6,50.939,-114.054,G05_09,staged
2025-11-24 09:30:00,7,51.155,-113.97,G17_12,staged
2025-11-24 09:30:00,8,50.921,-113.97,G04_12,staged
2025-11-24 09:30:00,9,51.06705,-114.2255,G12_03,on_scene
2025-11-24 09:30:00,10,51.047,-114.082,G11_08,staged
2025-11-24 09:35:00,1,51.011,-114.138,G09_06,staged
2025-11-24 09:35:00,2,51.00012,-114.04045,G08_09,returning
2025-11-24 09:35:00,3,51.155,-114.11,G17_07,staged
2025-11-24 09:35:00,4,51.0653,-113.97732,G12_12,responding
2025-11-24 09:35:00,5,51.119,-114.194,G15_04,staged
2025-11-24 09:35:00,6,50.939,-114.054,G05_09,staged
2025-11-24 09:35:00,7,51.155,-113.97,G17_12,staged
2025-11-24 09:35:00,8,50.921,-113.97,G04_12,staged
2025-11-24 09:35:00,9,51.06705,-114.2255,G12_03,on_scene
2025-11-24 09:35:00,10,51.047,-114.082,G11_08,staged
2025-11-24 09:40:00,1,51.011,-114.138,G09_06,staged
2025-11-24 09:40:00,2,50.993,-114.054,G08_09,staged
2025-11-24 09:40:00,3,51.155,-114.11,G17_07,staged
2025-11-24 09:40:00,4,51.06679,-114.01394,G12_10,responding
2025-11-24 09:40:00,5,51.119,-114.194,G15_04,staged
2025-11-24 09:40:00,6,50.939,-114.054,G05_09,staged
2025-11-24 09:40:00,7,51.14584,-113.96831,G16_12,responding
2025-11-24 09:40:00,8,50.921,-113.97,G04_12,staged
2025-11-24 09:40:00,9,51.06705,-114.2255,G12_03,on_scene
2025-11-24 09:40:00,10,51.047,-114.082,G11_08,staged
2025-11-24 09:45:00,1,51.011,-114.138,G09_06,staged
2025-11-24 09:45:00,2,50.993,-114.054,G08_09,staged
2025-11-24 09:45:00,3,51.155,-114.11,G17_07,staged
2025-11-24 09:45:00,4,51.06739,-114.02856,G12_10,on_scene
2025-11-24 09:45:00,5,51.119,-114.194,G15_04,staged
2025-11-24 09:45:00,6,50.9297,-114.07025,G04_08,responding
2025-11-24 09:45:00,7,51.12293,-113.9641,G15_12,responding
2025-11-24 09:45:00,8,50.921,-113.97,G04_12,staged
2025-11-24 09:45:00,9,51.05659,-114.19447,G12_04,returning
2025-11-24 09:45:00,10,51.047,-114.082,G11_08,staged
2025-11-24 09:50:00,1,51.011,-114.138,G09_06,staged
2025-11-24 09:50:00,2,50.993,-114.054,G08_09,staged
2025-11-24 09:50:00,3,51.155,-114.11,G17_07,staged
2025-11-24 09:50:00,4,51.06739,-114.02856,G12_10,on_scene
2025-11-24 09:50:00,5,51.119,-114.194,G15_04,staged
2025-11-24 09:50:00,6,50.91421,-114.09735,G04_07,responding
2025-11-24 09:50:00,7,51.10002,-113.95988,G14_12,responding
2025-11-24 09:50:00,8,50.921,-113.97,G04_12,staged
2025-11-24 09:50:00,9,51.06584,-114.17753,G12_05,responding
2025-11-24 09:50:00,10,51.047,-114.082,G11_08,staged
2025-11-24 09:55:00,1,51.011,-114.138,G09_06,staged
2025-11-24 09:55:00,2,50.993,-114.054,G08_09,staged
2025-11-24 09:55:00,3,51.155,-114.11,G17_07,staged
2025-11-24 09:55:00,4,51.06739,-114.02856,G12_10,on_scene
2025-11-24 09:55:00,5,51.119,-114.194,G15_04,staged
2025-11-24 09:55:00,6,50.90666,-114.11053,G03_07,on_scene
2025-11-24 09:55:00,7,51.09147,-113.95831,G13_12,on_scene
2025-11-24 09:55:00,8,50.921,-113.97,G04_12,staged
2025-11-24 09:55:00,9,51.08017,-114.17331,G13_05,on_scene
2025-11-24 09:55:00,10,51.047,-114.082,G11_08,staged
2025-11-24 10:00:00,1,51.011,-114.138,G09_06,staged
2025-11-24 10:00:00,2,50.993,-114.054,G08_09,staged
2025-11-24 10:00:00,3,51.155,-114.11,G17_07,staged
2025-11-24 10:00:00,4,51.06739,-114.02856,G12_10,on_scene
2025-11-24 10:00:00,5,51.119,-114.194,G15_04,staged
2025-11-24 10:00:00,6,50.90666,-114.11053,G03_07,on_scene
2025-11-24 10:00:00,7,51.09147,-113.95831,G13_12,on_scene
2025-11-24 10:00:00,8,50.921,-113.97,G04_12,staged
2025-11-24 10:00:00,9,51.08017,-114.17331,G13_05,on_scene
2025-11-24 10:00:00,10,51.047,-114.082,G11_08,staged
2025-11-24 10:05:00,1,51.011,-114.138,G09_06,staged
2025-11-24 10:05:00,2,50.993,-114.054,G08_09,staged
2025-11-24 10:05:00,3,51.155,-114.11,G17_07,staged
2025-11-24 10:05:00,4,51.06739,-114.02856,G12_10,on_scene
2025-11-24 10:05:00,5,51.119,-114.194,G15_04,staged
2025-11-24 10:05:00,6,50.90666,-114.11053,G03_07,on_scene
2025-11-24 10:05:00,7,51.09147,-113.95831,G13_12,on_scene
2025-11-24 10:05:00,8,50.921,-113.97,G04_12,staged
2025-11-24 10:05:00,9,51.08017,-114.17331,G13_05,on_scene
2025-11-24 10:05:00,10,51.047,-114.082,G11_08,staged
2025-11-24 10:10:00,1,51.011,-114.138,G09_06,staged
2025-11-24 10:10:00,2,50.993,-114.054,G08_09,staged
2025-11-24 10:10:00,3,51.155,-114.11,G17_07,staged
2025-11-24 10:10:00,4,51.06739,-114.02856,G12_10,on_scene
2025-11-24 10:10:00,5,51.119,-114.194,G15_04,staged
2025-11-24 10:10:00,6,50.90666,-114.11053,G03_07,on_scene
2025-11-24 10:10:00,7,51.09147,-113.95831,G13_12,on_scene
2025-11-24 10:10:00,8,50.921,-113.97,G04_12,staged
2025-11-24 10:10:00,9,51.08017,-114.17331,G13_05,on_scene
2025-11-24 10:10:00,10,51.047,-114.082,G11_08,staged
2025-11-24 10:15:00,1,51.011,-114.138,G09_06,staged
2025-11-24 10:15:00,2,50.993,-114.054,G08_09,staged
2025-11-24 10:15:00,3,51.155,-114.11,G17_07,staged
2025-11-24 10:15:00,4,51.06649,-114.00657,G12_11,returning
2025-11-24 10:15:00,5,51.119,-114.194,G15_04,staged
2025-11-24 10:15:00,6,50.90666,-114.11053,G03_07,on_scene
2025-11-24 10:15:00,7,51.09147,-113.95831,G13_12,on_scene
2025-11-24 10:15:00,8,50.921,-113.97,G04_12,staged
2025-11-24 10:15:00,9,51.08017,-114.17331,G13_05,on_scene
2025-11-24 10:15:00,10,51.047,-114.082,G11_08,staged
2025-11-24 10:20:00,1,51.011,-114.138,G09_06,staged
2025-11-24 10:20:00,2,50.993,-114.054,G08_09,staged
2025-11-24 10:20:00,3,51.155,-114.11,G17_07,staged
2025-11-24 10:20:00,4,51.065,-113.97,G12_12,staged
2025-11-24 10:20:00,5,51.119,-114.194,G15_04,staged
2025-11-24 10:20:00,6,50.90666,-114.11053,G03_07,on_scene
2025-11-24 10:20:00,7,51.09147,-113.95831,G13_12,on_scene
2025-11-24 10:20:00,8,50.921,-113.97,G04_12,staged
2025-11-24 10:20:00,9,51.08017,-114.17331,G13_05,on_scene
2025-11-24 10:20:00,10,51.047,-114.082,G11_08,staged
2025-11-24 10:25:00,1,51.011,-114.138,G09_06,staged
2025-11-24 10:25:00,2,50.993,-114.054,G08_09,staged
2025-11-24 10:25:00,3,51.155,-114.11,G17_07,staged
2025-11-24 10:25:00,4,51.065,-113.97,G12_12,staged
2025-11-24 10:25:00,5,51.119,-114.194,G15_04,responding
2025-11-24 10:25:00,6,50.91462,-114.09663,G04_07,returning
2025-11-24 10:25:00,7,51.10583,-113.96095,G14_12,returning
2025-11-24 10:25:00,8,50.921,-113.97,G04_12,staged
2025-11-24 10:25:00,9,51.07178,-114.17146,G12_05,returning
2025-11-24 10:25:00,10,51.047,-114.082,G11_08,staged
2025-11-24 10:30:00,1,51.011,-114.138,G09_06,staged
2025-11-24 10:30:00,2,50.993,-114.054,G08_09,staged
2025-11-24 10:30:00,3,51.155,-114.11,G17_07,staged
2025-11-24 10:30:00,4,51.065,-113.97,G12_12,staged
2025-11-24 10:30:00,5,51.1087,-114.17327,G14_05,on_scene
2025-11-24 10:30:00,6,50.93011,-114.06954,G05_08,returning
2025-11-24 10:30:00,7,51.12873,-113.96517,G16_12,returning
2025-11-24 10:30:00,8,50.921,-113.97,G04_12,staged
2025-11-24 10:30:00,9,51.04893,-114.16643,G11_05,returning
2025-11-24 10:30:00,10,51.047,-114.082,G11_08,staged
2025-11-24 10:35:00,1,51.011,-114.138,G09_06,staged
2025-11-24 10:35:00,2,50.993,-114.054,G08_09,staged
2025-11-24 10:35:00,3,51.155,-114.11,G17_07,staged
2025-11-24 10:35:00,4,51.065,-113.97,G12_12,staged
2025-11-24 10:35:00,5,51.1087,-114.17327,G14_05,on_scene
2025-11-24 10:35:00,6,50.939,-114.054,G05_09,staged
2025-11-24 10:35:00,7,51.15164,-113.96938,G17_12,returning
2025-11-24 10:35:00,8,50.921,-113.97,G04_12,staged
2025-11-24 10:35:00,9,51.047,-114.166,G11_05,staged
2025-11-24 10:35:00,10,51.04696,-114.08934,G11_08,responding
2025-11-24 10:40:00,1,51.011,-114.138,G09_06,staged
2025-11-24 10:40:00,2,50.993,-114.054,G08_09,staged
2025-11-24 10:40:00,3,51.155,-114.11,G17_07,staged
2025-11-24 10:40:00,4,51.065,-113.97,G12_12,staged
2025-11-24 10:40:00,5,51.1087,-114.17327,G14_05,on_scene
2025-11-24 10:40:00,6,50.939,-114.054,G05_09,staged
2025-11-24 10:40:00,7,51.155,-113.97,G17_12,staged
2025-11-24 10:40:00,8,50.921,-113.97,G04_12,staged
2025-11-24 10:40:00,9,51.047,-114.166,G11_05,staged
2025-11-24 10:40:00,10,51.0468,-114.11472,G11_07,on_scene
2025-11-24 10:45:00,1,51.011,-114.138,G09_06,staged
2025-11-24 10:45:00,2,50.993,-114.054,G08_09,staged
2025-11-24 10:45:00,3,51.155,-114.11,G17_07,staged
2025-11-24 10:45:00,4,51.065,-113.97,G12_12,staged
2025-11-24 10:45:00,5,51.1087,-114.17327,G14_05,on_scene
2025-11-24 10:45:00,6,50.939,-114.054,G05_09,staged
2025-11-24 10:45:00,7,51.155,-113.97,G17_12,staged
2025-11-24 10:45:00,8,50.921,-113.97,G04_12,staged
2025-11-24 10:45:00,9,51.047,-114.166,G11_05,staged
2025-11-24 10:45:00,10,51.0468,-114.11472,G11_07,on_scene
2025-11-24 10:50:00,1,51.011,-114.138,G09_06,staged
2025-11-24 10:50:00,2,50.993,-114.054,G08_09,staged
2025-11-24 10:50:00,3,51.155,-114.11,G17_07,staged
2025-11-24 10:50:00,4,51.065,-113.97,G12_12,staged
2025-11-24 10:50:00,5,51.1087,-114.17327,G14_05,on_scene
2025-11-24 10:50:00,6,50.939,-114.054,G05_09,staged
2025-11-24 10:50:00,7,51.155,-113.97,G17_12,staged
2025-11-24 10:50:00,8,50.921,-113.97,G04_12,staged
2025-11-24 10:50:00,9,51.047,-114.166,G11_05,staged
2025-11-24 10:50:00,10,51.0468,-114.11472,G11_07,on_scene
2025-11-24 10:55:00,1,51.011,-114.138,G09_06,staged
2025-11-24 10:55:00,2,50.993,-114.054,G08_09,staged
2025-11-24 10:55:00,3,51.155,-114.11,G17_07,staged
2025-11-24 10:55:00,4,51.065,-113.97,G12_12,staged
2025-11-24 10:55:00,5,51.1087,-114.17327,G14_05,on_scene
2025-11-24 10:55:00,6,50.939,-114.054,G05_09,staged
2025-11-24 10:55:00,7,51.155,-113.97,G17_12,staged
2025-11-24 10:55:00,8,50.92944,-113.96411,G04_12,responding
2025-11-24 10:55:00,9,51.047,-114.166,G11_05,staged
2025-11-24 10:55:00,10,51.0468,-114.11472,G11_07,on_scene
2025-11-24 11:00:00,1,51.011,-114.138,G09_06,staged
2025-11-24 11:00:00,2,50.993,-114.054,G08_09,staged
2025-11-24 11:00:00,3,51.155,-114.11,G17_07,staged
2025-11-24 11:00:00,4,51.065,-113.97,G12_12,staged
2025-11-24 11:00:00,5,51.11272,-114.18135,G15_04,returning
2025-11-24 11:00:00,6,50.939,-114.054,G05_09,staged
2025-11-24 11:00:00,7,51.155,-113.97,G17_12,staged
2025-11-24 11:00:00,8,50.95055,-113.94938,G06_13,responding
2025-11-24 11:00:00,9,51.047,-114.166,G11_05,staged
2025-11-24 11:00:00,10,51.0468,-114.11472,G11_07,on_scene
2025-11-24 11:05:00,1,51.011,-114.138,G09_06,staged
2025-11-24 11:05:00,2,50.993,-114.054,G08_09,staged
2025-11-24 11:05:00,3,51.155,-114.11,G17_07,staged
2025-11-24 11:05:00,4,51.065,-113.97,G12_12,responding
2025-11-24 11:05:00,5,51.119,-114.194,G15_04,staged
2025-11-24 11:05:00,6,50.939,-114.054,G05_09,staged
2025-11-24 11:05:00,7,51.155,-113.97,G17_12,staged
2025-11-24 11:05:00,8,50.97167,-113.93465,G07_13,responding
2025-11-24 11:05:00,9,51.047,-114.166,G11_05,staged
2025-11-24 11:05:00,10,51.0468,-114.11472,G11_07,on_scene
2025-11-24 11:10:00,1,51.011,-114.138,G09_06,staged
2025-11-24 11:10:00,2,50.993,-114.054,G08_09,staged
2025-11-24 11:10:00,3,51.16705,-114.12083,G18_07,responding
2025-11-24 11:10:00,4,51.04487,-113.98789,G11_11,responding
2025-11-24 11:10:00,5,51.119,-114.194,G15_04,staged
2025-11-24 11:10:00,6,50.939,-114.054,G05_09,staged
2025-11-24 11:10:00,7,51.155,-113.97,G17_12,staged
2025-11-24 11:10:00,8,50.98999,-113.92186,G08_14,on_scene
2025-11-24 11:10:00,9,51.047,-114.166,G11_05,staged
2025-11-24 11:10:00,10,51.04789,-114.10356,G11_07,responding
2025-11-24 11:15:00,1,51.011,-114.138,G09_06,staged
2025-11-24 11:15:00,2,50.9889,-114.05065,G08_09,responding
2025-11-24 11:15:00,3,51.16777,-114.12148,G18_07,on_scene
2025-11-24 11:15:00,4,51.03597,-113.99581,G10_11,on_scene
2025-11-24 11:15:00,5,51.119,-114.194,G15_04,staged
2025-11-24 11:15:00,6,50.92297,-114.06849,G04_08,responding
2025-11-24 11:15:00,7,51.155,-113.97,G17_12,staged
2025-11-24 11:15:00,8,50.98999,-113.92186,G08_14,on_scene
2025-11-24 11:15:00,9,51.04902,-114.18777,G11_04,responding
2025-11-24 11:15:00,10,51.05143,-114.06731,G11_09,responding
2025-11-24 11:20:00,1,51.011,-114.138,G09_06,staged
2025-11-24 11:20:00,2,50.96838,-114.03392,G07_10,responding
2025-11-24 11:20:00,3,51.16777,-114.12148,G18_07,on_scene
2025-11-24 11:20:00,4,51.03597,-113.99581,G10_11,on_scene
2025-11-24 11:20:00,5,51.119,-114.194,G15_04,staged
2025-11-24 11:20:00,6,50.90294,-114.0866,G03_08,responding
2025-11-24 11:20:00,7,51.155,-113.97,G17_12,staged
2025-11-24 11:20:00,8,50.98999,-113.92186,G08_14,on_scene
2025-11-24 11:20:00,9,51.05239,-114.22406,G11_03,responding
2025-11-24 11:20:00,10,51.05497,-114.03106,G11_10,responding
2025-11-24 11:25:00,1,51.011,-114.138,G09_06,staged
2025-11-24 11:25:00,2,50.95246,-114.02094,G06_10,on_scene
2025-11-24 11:25:00,3,51.16777,-114.12148,G18_07,on_scene
2025-11-24 11:25:00,4,51.03597,-113.99581,G10_11,on_scene
2025-11-24 11:25:00,5,51.119,-114.194,G15_04,staged
2025-11-24 11:25:00,6,50.89568,-114.09315,G03_08,on_scene
2025-11-24 11:25:00,7,51.14608,-113.96624,G17_12,responding
2025-11-24 11:25:00,8,50.98999,-113.92186,G08_14,on_scene
2025-11-24 11:25:00,9,51.05263,-114.22669,G11_03,on_scene
2025-11-24 11:25:00,10,51.05599,-114.02058,G11_10,on_scene
2025-11-24 11:30:00,1,51.011,-114.138,G09_06,staged
2025-11-24 11:30:00,2,50.95246,-114.02094,G06_10,on_scene
2025-11-24 11:30:00,3,51.16777,-114.12148,G18_07,on_scene
2025-11-24 11:30:00,4,51.03597,-113.99581,G10_11,on_scene
2025-11-24 11:30:00,5,51.119,-114.194,G15_04,staged
2025-11-24 11:30:00,6,50.89568,-114.09315,G03_08,on_scene
2025-11-24 11:30:00,7,51.12379,-113.95683,G15_12,responding
2025-11-24 11:30:00,8,50.98999,-113.92186,G08_14,on_scene
2025-11-24 11:30:00,9,51.05263,-114.22669,G11_03,on_scene
2025-11-24 11:30:00,10,51.05599,-114.02058,G11_10,on_scene
2025-11-24 11:35:00,1,51.011,-114.138,G09_06,staged
2025-11-24 11:35:00,2,50.95246,-114.02094,G06_10,on_scene
2025-11-24 11:35:00,3,51.16777,-114.12148,G18_07,on_scene
2025-11-24 11:35:00,4,51.03597,-113.99581,G10_11,on_scene
2025-11-24 11:35:00,5,51.11996,-114.17939,G15_05,responding
2025-11-24 11:35:00,6,50.89568,-114.09315,G03_08,on_scene
2025-11-24 11:35:00,7,51.1015,-113.94742,G14_13,responding
2025-11-24 11:35:00,8,50.98999,-113.92186,G08_14,on_scene
2025-11-24 11:35:00,9,51.05263,-114.22669,G11_03,on_scene
2025-11-24 11:35:00,10,51.05599,-114.02058,G11_10,on_scene
2025-11-24 11:40:00,1,51.011,-114.138,G09_06,staged
2025-11-24 11:40:00,2,50.95246,-114.02094,G06_10,on_scene
2025-11-24 11:40:00,3,51.16777,-114.12148,G18_07,on_scene
2025-11-24 11:40:00,4,51.03597,-113.99581,G10_11,on_scene
2025-11-24 11:40:00,5,51.12081,-114.16658,G15_05,on_scene
2025-11-24 11:40:00,6,50.89568,-114.09315,G03_08,on_scene
2025-11-24 11:40:00,7,51.07921,-113.93801,G13_13,responding
2025-11-24 11:40:00,8,50.9872,-113.92381,G08_14,returning
2025-11-24 11:40:00,9,51.05263,-114.22669,G11_03,on_scene
2025-11-24 11:40:00,10,51.05599,-114.02058,G11_10,on_scene
2025-11-24 11:45:00,1,51.011,-114.138,G09_06,responding
2025-11-24 11:45:00,2,50.95246,-114.02094,G06_10,on_scene
2025-11-24 11:45:00,3,51.16061,-114.09817,G17_07,responding
2025-11-24 11:45:00,4,51.04719,-113.98583,G11_11,returning
2025-11-24 11:45:00,5,51.12081,-114.16658,G15_05,on_scene
2025-11-24 11:45:00,6,50.89568,-114.09315,G03_08,on_scene
2025-11-24 11:45:00,7,51.07262,-113.93523,G12_13,on_scene
2025-11-24 11:45:00,8,50.96609,-113.93854,G07_13,returning
2025-11-24 11:45:00,9,51.05263,-114.22669,G11_03,on_scene
2025-11-24 11:45:00,10,51.05599,-114.02058,G11_10,on_scene
2025-11-24 11:50:00,1,51.03403,-114.1361,G10_06,responding
2025-11-24 11:50:00,2,50.95246,-114.02094,G06_10,on_scene
2025-11-24 11:50:00,3,51.17104,-114.06537,G18_09,responding
2025-11-24 11:50:00,4,51.06371,-113.96065,G12_12,responding
2025-11-24 11:50:00,5,51.12081,-114.16658,G15_05,on_scene
2025-11-24 11:50:00,6,50.89568,-114.09315,G03_08,on_scene
2025-11-24 11:50:00,7,51.07262,-113.93523,G12_13,on_scene
2025-11-24 11:50:00,8,50.94498,-113.95327,G05_12,returning
2025-11-24 11:50:00,9,51.05263,-114.22669,G11_03,on_scene
2025-11-24 11:50:00,10,51.05599,-114.02058,G11_10,on_scene
2025-11-24 11:55:00,1,51.05665,-114.13423,G12_06,on_scene
2025-11-24 11:55:00,2,50.95705,-114.02468,G06_10,returning
2025-11-24 11:55:00,3,51.17356,-114.05742,G18_09,on_scene
2025-11-24 11:55:00,4,51.06662,-113.95561,G12_13,on_scene
2025-11-24 11:55:00,5,51.12081,-114.16658,G15_05,on_scene
2025-11-24 11:55:00,6,50.89832,-114.07021,G03_08,responding
2025-11-24 11:55:00,7,51.07262,-113.93523,G12_13,on_scene
2025-11-24 11:55:00,8,50.92387,-113.968,G04_12,returning
2025-11-24 11:55:00,9,51.04668,-114.1942,G11_04,responding
2025-11-24 11:55:00,10,51.05228,-114.04597,G11_09,returning
2025-11-24 12:00:00,1,51.05665,-114.13423,G12_06,on_scene
2025-11-24 12:00:00,2,50.97756,-114.04141,G07_09,returning
2025-11-24 12:00:00,3,51.17356,-114.05742,G18_09,on_scene
2025-11-24 12:00:00,4,51.06662,-113.95561,G12_13,on_scene
2025-11-24 12:00:00,5,51.12081,-114.16658,G15_05,on_scene
2025-11-24 12:00:00,6,50.89865,-114.0673,G03_09,on_scene
2025-11-24 12:00:00,7,51.07262,-113.93523,G12_13,on_scene
2025-11-24 12:00:00,8,50.921,-113.97,G04_12,staged
2025-11-24 12:00:00,9,51.03859,-114.15985,G11_05,responding
2025-11-24 12:00:00,10,51.04522,-114.08029,G11_08,responding
2025-11-24 12:05:00,1,51.05665,-114.13423,G12_06,on_scene
2025-11-24 12:05:00,2,50.993,-114.054,G08_09,staged
2025-11-24 12:05:00,3,51.17356,-114.05742,G18_09,on_scene
2025-11-24 12:05:00,4,51.06662,-113.95561,G12_13,on_scene
2025-11-24 12:05:00,5,51.12081,-114.16658,G15_05,on_scene
2025-11-24 12:05:00,6,50.89865,-114.0673,G03_09,on_scene
2025-11-24 12:05:00,7,51.07262,-113.93523,G12_13,on_scene
2025-11-24 12:05:00,8,50.921,-113.97,G04_12,staged
2025-11-24 12:05:00,9,51.03782,-114.15659,G10_05,on_scene
2025-11-24 12:05:00,10,51.03088,-114.10901,G10_07,responding
2025-11-24 12:10:00,1,51.05665,-114.13423,G12_06,on_scene
2025-11-24 12:10:00,2,50.993,-114.054,G08_09,responding
2025-11-24 12:10:00,3,51.17356,-114.05742,G18_09,on_scene
2025-11-24 12:10:00,4,51.06662,-113.95561,G12_13,on_scene
2025-11-24 12:10:00,5,51.11952,-114.14281,G15_06,responding
2025-11-24 12:10:00,6,50.89865,-114.0673,G03_09,on_scene
2025-11-24 12:10:00,7,51.07262,-113.93523,G12_13,on_scene
2025-11-24 12:10:00,8,50.921,-113.97,G04_12,staged
2025-11-24 12:10:00,9,51.03782,-114.15659,G10_05,on_scene
2025-11-24 12:10:00,10,51.01655,-114.13773,G09_06,responding
2025-11-24 12:15:00,1,51.05665,-114.13423,G12_06,on_scene
2025-11-24 12:15:00,2,50.99431,-114.08562,G08_08,on_scene
2025-11-24 12:15:00,3,51.17356,-114.05742,G18_09,on_scene
2025-11-24 12:15:00,4,51.06662,-113.95561,G12_13,on_scene
2025-11-24 12:15:00,5,51.11753,-114.10621,G15_08,responding
2025-11-24 12:15:00,6,50.89865,-114.0673,G03_09,on_scene
2025-11-24 12:15:00,7,51.08832,-113.94185,G13_13,returning
2025-11-24 12:15:00,8,50.921,-113.97,G04_12,staged
2025-11-24 12:15:00,9,51.03782,-114.15659,G10_05,on_scene
2025-11-24 12:15:00,10,51.01483,-114.14117,G09_06,on_scene
2025-11-24 12:20:00,1,51.05665,-114.13423,G12_06,on_scene
2025-11-24 12:20:00,2,50.99431,-114.08562,G08_08,on_scene
2025-11-24 12:20:00,3,51.17356,-114.05742,G18_09,on_scene
2025-11-24 12:20:00,4,51.06662,-113.95561,G12_13,on_scene
2025-11-24 12:20:00,5,51.11555,-114.06961,G15_08,responding
2025-11-24 12:20:00,6,50.89865,-114.0673,G03_09,on_scene
2025-11-24 12:20:00,7,51.11061,-113.95126,G15_13,returning
2025-11-24 12:20:00,8,50.921,-113.97,G04_12,staged
2025-11-24 12:20:00,9,51.03782,-114.15659,G10_05,on_scene
2025-11-24 12:20:00,10,51.01483,-114.14117,G09_06,on_scene
2025-11-24 12:25:00,1,51.05683,-114.13365,G12_06,responding
2025-11-24 12:25:00,2,50.99431,-114.08562,G08_08,on_scene
2025-11-24 12:25:00,3,51.15954,-114.07402,G17_08,responding
2025-11-24 12:25:00,4,51.065,-113.97,G12_12,staged
2025-11-24 12:25:00,5,51.11434,-114.04742,G15_09,on_scene
2025-11-24 12:25:00,6,50.89865,-114.0673,G03_09,on_scene
2025-11-24 12:25:00,7,51.1329,-113.96067,G16_12,returning
2025-11-24 12:25:00,8,50.921,-113.97,G04_12,staged
2025-11-24 12:25:00,9,51.03782,-114.15659,G10_05,on_scene
2025-11-24 12:25:00,10,51.01483,-114.14117,G09_06,on_scene
2025-11-24 12:30:00,1,51.06696,-114.10212,G12_07,on_scene
2025-11-24 12:30:00,2,50.99431,-114.08562,G08_08,on_scene
2025-11-24 12:30:00,3,51.14102,-114.09593,G16_08,responding
2025-11-24 12:30:00,4,51.065,-113.97,G12_12,staged
2025-11-24 12:30:00,5,51.11434,-114.04742,G15_09,on_scene
2025-11-24 12:30:00,6,50.91941,-114.06046,G04_09,returning
2025-11-24 12:30:00,7,51.155,-113.97,G17_12,staged
2025-11-24 12:30:00,8,50.921,-113.97,G04_12,staged
2025-11-24 12:30:00,9,51.03782,-114.15659,G10_05,on_scene
2025-11-24 12:30:00,10,51.01483,-114.14117,G09_06,on_scene
2025-11-24 12:35:00,1,51.06696,-114.10212,G12_07,on_scene
2025-11-24 12:35:00,2,50.99431,-114.08562,G08_08,on_scene
2025-11-24 12:35:00,3,51.12251,-114.11784,G15_06,responding
2025-11-24 12:35:00,4,51.065,-113.97,G12_12,staged
2025-11-24 12:35:00,5,51.11434,-114.04742,G15_09,on_scene
2025-11-24 12:35:00,6,50.939,-114.054,G05_09,staged
2025-11-24 12:35:00,7,51.155,-113.97,G17_12,staged
2025-11-24 12:35:00,8,50.921,-113.97,G04_12,staged
2025-11-24 12:35:00,9,51.047,-114.166,G11_05,staged
2025-11-24 12:35:00,10,51.01483,-114.14117,G09_06,on_scene
2025-11-24 12:40:00,1,51.06696,-114.10212,G12_07,on_scene
2025-11-24 12:40:00,2,50.99431,-114.08562,G08_08,on_scene
2025-11-24 12:40:00,3,51.10729,-114.13585,G14_06,on_scene
2025-11-24 12:40:00,4,51.065,-113.97,G12_12,staged
2025-11-24 12:40:00,5,51.11434,-114.04742,G15_09,on_scene
2025-11-24 12:40:00,6,50.939,-114.054,G05_09,staged
2025-11-24 12:40:00,7,51.155,-113.97,G17_12,staged
2025-11-24 12:40:00,8,50.921,-113.97,G04_12,staged
2025-11-24 12:40:00,9,51.047,-114.166,G11_05,staged
2025-11-24 12:40:00,10,51.01483,-114.14117,G09_06,on_scene
2025-11-24 12:45:00,1,51.06696,-114.10212,G12_07,on_scene
2025-11-24 12:45:00,2,50.9941,-114.08068,G08_08,returning
2025-11-24 12:45:00,3,51.10729,-114.13585,G14_06,on_scene
2025-11-24 12:45:00,4,51.065,-113.97,G12_12,staged
2025-11-24 12:45:00,5,51.11434,-114.04742,G15_09,on_scene
2025-11-24 12:45:00,6,50.92668,-114.07106,G04_08,on_scene
2025-11-24 12:45:00,7,51.155,-113.97,G17_12,staged
2025-11-24 12:45:00,8,50.921,-113.97,G04_12,staged
2025-11-24 12:45:00,9,51.047,-114.166,G11_05,staged
2025-11-24 12:45:00,10,51.0281,-114.11676,G10_07,returning
2025-11-24 12:50:00,1,51.06696,-114.10212,G12_07,on_scene
2025-11-24 12:50:00,2,50.993,-114.054,G08_09,staged
2025-11-24 12:50:00,3,51.10729,-114.13585,G14_06,on_scene
2025-11-24 12:50:00,4,51.065,-113.97,G12_12,staged
2025-11-24 12:50:00,5,51.11434,-114.04742,G15_09,on_scene
2025-11-24 12:50:00,6,50.92668,-114.07106,G04_08,on_scene
2025-11-24 12:50:00,7,51.155,-113.97,G17_12,staged
2025-11-24 12:50:00,8,50.921,-113.97,G04_12,staged
2025-11-24 12:50:00,9,51.047,-114.166,G11_05,staged
2025-11-24 12:50:00,10,51.04318,-114.08902,G11_08,returning
2025-11-24 12:55:00,1,51.06696,-114.10212,G12_07,on_scene
2025-11-24 12:55:00,2,50.993,-114.054,G08_09,staged
2025-11-24 12:55:00,3,51.10729,-114.13585,G14_06,on_scene
2025-11-24 12:55:00,4,51.065,-113.97,G12_12,staged
2025-11-24 12:55:00,5,51.1148,-114.06187,G15_09,returning
2025-11-24 12:55:00,6,50.92668,-114.07106,G04_08,on_scene
2025-11-24 12:55:00,7,51.155,-113.97,G17_12,staged
2025-11-24 12:55:00,8,50.92064,-113.97562,G04_12,on_scene
2025-11-24 12:55:00,9,51.047,-114.166,G11_05,staged
2025-11-24 12:55:00,10,51.047,-114.082,G11_08,staged
2025-11-24 13:00:00,1,51.06622,-114.1026,G12_07,returning
2025-11-24 13:00:00,2,50.993,-114.054,G08_09,staged
2025-11-24 13:00:00,3,51.10729,-114.13585,G14_06,on_scene
2025-11-24 13:00:00,4,51.065,-113.97,G12_12,responding
2025-11-24 13:00:00,5,51.11597,-114.09856,G15_08,returning
2025-11-24 13:00:00,6,50.92668,-114.07106,G04_08,on_scene
2025-11-24 13:00:00,7,51.155,-113.97,G17_12,staged
2025-11-24 13:00:00,8,50.92064,-113.97562,G04_12,on_scene
2025-11-24 13:00:00,9,51.047,-114.166,G11_05,staged
2025-11-24 13:00:00,10,51.047,-114.082,G11_08,staged
2025-11-24 13:05:00,1,51.04483,-114.11631,G11_07,returning
2025-11-24 13:05:00,2,50.993,-114.054,G08_09,staged
2025-11-24 13:05:00,3,51.10729,-114.13585,G14_06,on_scene
2025-11-24 13:05:00,4,51.04823,-113.99517,G11_11,responding
2025-11-24 13:05:00,5,51.11713,-114.13524,G15_06,returning
2025-11-24 13:05:00,6,50.92668,-114.07106,G04_08,on_scene
2025-11-24 13:05:00,7,51.155,-113.97,G17_12,staged
2025-11-24 13:05:00,8,50.92064,-113.97562,G04_12,on_scene
2025-11-24 13:05:00,9,51.047,-114.166,G11_05,staged
2025-11-24 13:05:00,10,51.047,-114.082,G11_08,staged
2025-11-24 13:10:00,1,51.02344,-114.13002,G10_06,returning
2025-11-24 13:10:00,2,50.993,-114.054,G08_09,staged
2025-11-24 13:10:00,3,51.11117,-114.13375,G15_06,returning
2025-11-24 13:10:00,4,51.0403,-114.00708,G11_11,on_scene
2025-11-24 13:10:00,5,51.1183,-114.17193,G15_05,returning
2025-11-24 13:10:00,6,50.92668,-114.07106,G04_08,on_scene
2025-11-24 13:10:00,7,51.155,-113.97,G17_12,staged
2025-11-24 13:10:00,8,50.92064,-113.97562,G04_12,on_scene
2025-11-24 13:10:00,9,51.047,-114.166,G11_05,staged
2025-11-24 13:10:00,10,51.047,-114.082,G11_08,staged
2025-11-24 13:15:00,1,51.011,-114.138,G09_06,staged
2025-11-24 13:15:00,2,50.993,-114.054,G08_09,staged
2025-11-24 13:15:00,3,51.133,-114.12192,G16_07,returning
2025-11-24 13:15:00,4,51.0403,-114.00708,G11_11,on_scene
2025-11-24 13:15:00,5,51.119,-114.194,G15_04,staged
2025-11-24 13:15:00,6,50.92826,-114.06887,G04_08,returning
2025-11-24 13:15:00,7,51.155,-113.97,G17_12,staged
2025-11-24 13:15:00,8,50.92064,-113.97562,G04_12,on_scene
2025-11-24 13:15:00,9,51.047,-114.166,G11_05,staged
2025-11-24 13:15:00,10,51.047,-114.082,G11_08,staged
2025-11-24 13:20:00,1,51.011,-114.138,G09_06,staged
2025-11-24 13:20:00,2,50.993,-114.054,G08_09,staged
2025-11-24 13:20:00,3,51.15483,-114.11009,G17_07,returning
2025-11-24 13:20:00,4,51.0403,-114.00708,G11_11,on_scene
2025-11-24 13:20:00,5,51.119,-114.194,G15_04,staged
2025-11-24 13:20:00,6,50.939,-114.054,G05_09,staged
2025-11-24 13:20:00,7,51.155,-113.97,G17_12,responding
2025-11-24 13:20:00,8,50.92064,-113.97562,G04_12,on_scene
2025-11-24 13:20:00,9,51.047,-114.166,G11_05,staged
2025-11-24 13:20:00,10,51.047,-114.082,G11_08,staged
2025-11-24 13:25:00,1,51.011,-114.138,G09_06,staged
2025-11-24 13:25:00,2,50.993,-114.054,G08_09,staged
2025-11-24 13:25:00,3,51.155,-114.11,G17_07,staged
2025-11-24 13:25:00,4,51.0403,-114.00708,G11_11,on_scene
2025-11-24 13:25:00,5,51.119,-114.194,G15_04,staged
2025-11-24 13:25:00,6,50.939,-114.054,G05_09,staged
2025-11-24 13:25:00,7,51.14088,-113.94095,G16_13,responding
2025-11-24 13:25:00,8,50.92075,-113.97395,G04_12,returning
2025-11-24 13:25:00,9,51.047,-114.166,G11_05,staged
2025-11-24 13:25:00,10,51.047,-114.082,G11_08,staged
2025-11-24 13:30:00,1,51.011,-114.138,G09_06,staged
2025-11-24 13:30:00,2,50.993,-114.054,G08_09,staged
2025-11-24 13:30:00,3,51.155,-114.11,G17_07,staged
2025-11-24 13:30:00,4,51.0403,-114.00708,G11_11,on_scene
2025-11-24 13:30:00,5,51.119,-114.194,G15_04,staged
2025-11-24 13:30:00,6,50.939,-114.054,G05_09,staged
2025-11-24 13:30:00,7,51.13113,-113.92091,G16_14,on_scene
2025-11-24 13:30:00,8,50.921,-113.97,G04_12,staged
2025-11-24 13:30:00,9,51.047,-114.166,G11_05,staged
2025-11-24 13:30:00,10,51.047,-114.082,G11_08,responding
2025-11-24 13:35:00,1,51.011,-114.138,G09_06,staged
2025-11-24 13:35:00,2,50.993,-114.054,G08_09,staged
2025-11-24 13:35:00,3,51.155,-114.11,G17_07,responding
2025-11-24 13:35:00,4,51.0403,-114.00708,G11_11,on_scene
2025-11-24 13:35:00,5,51.119,-114.194,G15_04,staged
2025-11-24 13:35:00,6,50.939,-114.054,G05_09,staged
2025-11-24 13:35:00,7,51.13113,-113.92091,G16_14,on_scene
2025-11-24 13:35:00,8,50.921,-113.97,G04_12,responding
2025-11-24 13:35:00,9,51.05075,-114.16173,G11_05,responding
2025-11-24 13:35:00,10,51.0467,-114.07034,G11_08,on_scene
2025-11-24 13:40:00,1,51.011,-114.138,G09_06,staged
2025-11-24 13:40:00,2,50.99743,-114.05196,G08_09,responding
2025-11-24 13:40:00,3,51.16274,-114.07536,G17_08,responding
2025-11-24 13:40:00,4,51.0515,-114.01457,G11_10,responding
2025-11-24 13:40:00,5,51.119,-114.194,G15_04,staged
2025-11-24 13:40:00,6,50.939,-114.054,G05_09,staged
2025-11-24 13:40:00,7,51.13113,-113.92091,G16_14,on_scene
2025-11-24 13:40:00,8,50.92871,-113.97565,G04_12,on_scene
2025-11-24 13:40:00,9,51.06618,-114.14417,G12_06,on_scene
2025-11-24 13:40:00,10,51.0467,-114.07034,G11_08,on_scene
2025-11-24 13:45:00,1,51.011,-114.138,G09_06,staged
2025-11-24 13:45:00,2,51.01958,-114.04174,G09_09,responding
2025-11-24 13:45:00,3,51.17049,-114.04073,G18_09,responding
2025-11-24 13:45:00,4,51.07277,-114.02877,G12_10,responding
2025-11-24 13:45:00,5,51.119,-114.194,G15_04,staged
2025-11-24 13:45:00,6,50.939,-114.054,G05_09,staged
2025-11-24 13:45:00,7,51.13113,-113.92091,G16_14,on_scene
2025-11-24 13:45:00,8,50.92871,-113.97565,G04_12,on_scene
2025-11-24 13:45:00,9,51.06618,-114.14417,G12_06,on_scene
2025-11-24 13:45:00,10,51.0467,-114.07034,G11_08,on_scene
2025-11-24 13:50:00,1,51.011,-114.138,G09_06,staged
2025-11-24 13:50:00,2,51.04172,-114.03152,G11_10,responding
2025-11-24 13:50:00,3,51.17615,-114.0154,G18_10,on_scene
2025-11-24 13:50:00,4,51.08664,-114.03803,G13_10,on_scene
2025-11-24 13:50:00,5,51.119,-114.194,G15_04,staged
2025-11-24 13:50:00,6,50.939,-114.054,G05_09,responding
2025-11-24 13:50:00,7,51.13113,-113.92091,G16_14,on_scene
2025-11-24 13:50:00,8,50.92871,-113.97565,G04_12,on_scene
2025-11-24 13:50:00,9,51.06618,-114.14417,G12_06,on_scene
2025-11-24 13:50:00,10,51.0467,-114.07034,G11_08,on_scene
2025-11-24 13:55:00,1,51.011,-114.138,G09_06,staged
2025-11-24 13:55:00,2,51.06387,-114.0213,G12_10,responding
2025-11-24 13:55:00,3,51.17615,-114.0154,G18_10,on_scene
2025-11-24 13:55:00,4,51.08664,-114.03803,G13_10,on_scene
2025-11-24 13:55:00,5,51.11103,-114.21202,G15_03,responding
2025-11-24 13:55:00,6,50.95502,-114.02766,G06_10,responding
2025-11-24 13:55:00,7,51.13113,-113.92091,G16_14,on_scene
2025-11-24 13:55:00,8,50.92871,-113.97565,G04_12,on_scene
2025-11-24 13:55:00,9,51.06618,-114.14417,G12_06,on_scene
2025-11-24 13:55:00,10,51.0467,-114.07034,G11_08,on_scene
2025-11-24 14:00:00,1,51.011,-114.138,G09_06,relocating
2025-11-24 14:00:00,2,51.06684,-114.01993,G12_10,on_scene
2025-11-24 14:00:00,3,51.17615,-114.0154,G18_10,on_scene
2025-11-24 14:00:00,4,51.08664,-114.03803,G13_10,on_scene
2025-11-24 14:00:00,5,51.09776,-114.24204,G14_03,responding
2025-11-24 14:00:00,6,50.97104,-114.00132,G07_11,responding
2025-11-24 14:00:00,7,51.13551,-113.92992,G16_13,returning
2025-11-24 14:00:00,8,50.92871,-113.97565,G04_12,on_scene
2025-11-24 14:00:00,9,51.06618,-114.14417,G12_06,on_scene
2025-11-24 14:00:00,10,51.0467,-114.07034,G11_08,on_scene
2025-11-24 14:05:00,1,51.02959,-114.11631,G10_07,relocating
2025-11-24 14:05:00,2,51.06684,-114.01993,G12_10,on_scene
2025-11-24 14:05:00,3,51.17615,-114.0154,G18_10,on_scene
2025-11-24 14:05:00,4,51.08664,-114.03803,G13_10,on_scene
2025-11-24 14:05:00,5,51.0884,-114.26322,G13_02,on_scene
2025-11-24 14:05:00,6,50.98706,-113.97497,G08_12,responding
2025-11-24 14:05:00,7,51.14964,-113.95897,G17_12,returning
2025-11-24 14:05:00,8,50.92871,-113.97565,G04_12,on_scene
2025-11-24 14:05:00,9,51.06618,-114.14417,G12_06,on_scene
2025-11-24 14:05:00,10,51.047,-114.082,G11_08,staged
2025-11-24 14:10:00,1,51.04819,-114.09461,G11_08,relocating
2025-11-24 14:10:00,2,51.06684,-114.01993,G12_10,on_scene
2025-11-24 14:10:00,3,51.17615,-114.0154,G18_10,on_scene
2025-11-24 14:10:00,4,51.08664,-114.03803,G13_10,on_scene
2025-11-24 14:10:00,5,51.0884,-114.26322,G13_02,on_scene
2025-11-24 14:10:00,6,51.00308,-113.94863,G08_13,responding
2025-11-24 14:10:00,7,51.155,-113.97,G17_12,staged
2025-11-24 14:10:00,8,50.91794,-113.97552,G04_12,on_scene
2025-11-24 14:10:00,9,51.06285,-114.14795,G12_06,returning
2025-11-24 14:10:00,10,51.047,-114.082,G11_08,responding
2025-11-24 14:15:00,1,51.06678,-114.07292,G12_08,relocating
2025-11-24 14:15:00,2,51.06684,-114.01993,G12_10,on_scene
2025-11-24 14:15:00,3,51.17615,-114.0154,G18_10,on_scene
2025-11-24 14:15:00,4,51.08664,-114.03803,G13_10,on_scene
2025-11-24 14:15:00,5,51.0884,-114.26322,G13_02,on_scene
2025-11-24 14:15:00,6,51.01906,-113.92236,G09_14,on_scene
2025-11-24 14:15:00,7,51.155,-113.97,G17_12,staged
2025-11-24 14:15:00,8,50.91794,-113.97552,G04_12,on_scene
2025-11-24 14:15:00,9,51.047,-114.166,G11_05,staged
2025-11-24 14:15:00,10,51.03158,-114.05475,G10_09,responding
2025-11-24 14:20:00,1,51.083,-114.054,G13_09,staged
2025-11-24 14:20:00,2,51.06684,-114.01993,G12_10,on_scene
2025-11-24 14:20:00,3,51.17407,-114.02471,G18_10,returning
2025-11-24 14:20:00,4,51.08302,-114.02665,G13_10,returning
2025-11-24 14:20:00,5,51.0884,-114.26322,G13_02,on_scene
2025-11-24 14:20:00,6,51.01906,-113.92236,G09_14,on_scene
2025-11-24 14:20:00,7,51.155,-113.97,G17_12,staged
2025-11-24 14:20:00,8,50.91794,-113.97552,G04_12,on_scene
2025-11-24 14:20:00,9,51.047,-114.166,G11_05,staged
2025-11-24 14:20:00,10,51.01617,-114.0275,G09_10,responding
2025-11-24 14:25:00,1,51.083,-114.054,G13_09,staged
2025-11-24 14:25:00,2,51.06684,-114.01993,G12_10,on_scene
2025-11-24 14:25:00,3,51.16633,-114.05935,G18_09,returning
2025-11-24 14:25:00,4,51.0726,-113.9939,G12_11,returning
2025-11-24 14:25:00,5,51.0884,-114.26322,G13_02,on_scene
2025-11-24 14:25:00,6,51.01906,-113.92236,G09_14,on_scene
2025-11-24 14:25:00,7,51.155,-113.97,G17_12,staged
2025-11-24 14:25:00,8,50.91794,-113.97552,G04_12,on_scene
2025-11-24 14:25:00,9,51.047,-114.166,G11_05,staged
2025-11-24 14:25:00,10,51.00075,-114.00025,G08_11,responding
2025-11-24 14:30:00,1,51.083,-114.054,G13_09,staged
2025-11-24 14:30:00,2,51.04767,-114.02878,G11_10,returning
2025-11-24 14:30:00,3,51.15858,-114.09398,G17_08,returning
2025-11-24 14:30:00,4,51.065,-113.97,G12_12,staged
2025-11-24 14:30:00,5,51.0884,-114.26322,G13_02,on_scene
2025-11-24 14:30:00,6,51.01906,-113.92236,G09_14,on_scene
2025-11-24 14:30:00,7,51.155,-113.97,G17_12,staged
2025-11-24 14:30:00,8,50.91794,-113.97552,G04_12,on_scene
2025-11-24 14:30:00,9,51.047,-114.166,G11_05,staged
2025-11-24 14:30:00,10,50.98533,-113.973,G08_12,responding
2025-11-24 14:35:00,1,51.083,-114.054,G13_09,staged
2025-11-24 14:35:00,2,51.02552,-114.03899,G10_10,returning
2025-11-24 14:35:00,3,51.155,-114.11,G17_07,staged
2025-11-24 14:35:00,4,51.065,-113.97,G12_12,staged
2025-11-24 14:35:00,5,51.09232,-114.25436,G13_02,returning
2025-11-24 14:35:00,6,51.01906,-113.92236,G09_14,on_scene
2025-11-24 14:35:00,7,51.155,-113.97,G17_12,staged
2025-11-24 14:35:00,8,50.91794,-113.97552,G04_12,on_scene
2025-11-24 14:35:00,9,51.047,-114.166,G11_05,staged
2025-11-24 14:35:00,10,50.96991,-113.94576,G07_13,responding
2025-11-24 14:40:00,1,51.083,-114.054,G13_09,staged
2025-11-24 14:40:00,2,51.00338,-114.04921,G09_09,returning
2025-11-24 14:40:00,3,51.155,-114.11,G17_07,staged
2025-11-24 14:40:00,4,51.065,-113.97,G12_12,staged
2025-11-24 14:40:00,5,51.10559,-114.22433,G14_03,returning
2025-11-24 14:40:00,6,51.01906,-113.92236,G09_14,on_scene
2025-11-24 14:40:00,7,51.155,-113.97,G17_12,staged
2025-11-24 14:40:00,8,50.92045,-113.971,G04_12,returning
2025-11-24 14:40:00,9,51.047,-114.166,G11_05,staged
2025-11-24 14:40:00,10,50.95595,-113.92108,G06_14,on_scene
2025-11-24 14:45:00,1,51.083,-114.054,G13_09,staged
2025-11-24 14:45:00,2,50.993,-114.054,G08_09,staged
2025-11-24 14:45:00,3,51.155,-114.11,G17_07,staged
2025-11-24 14:45:00,4,51.065,-113.97,G12_12,staged
2025-11-24 14:45:00,5,51.11887,-114.1943,G15_04,returning
2025-11-24 14:45:00,6,51.01902,-113.92243,G09_14,returning
2025-11-24 14:45:00,7,51.155,-113.97,G17_12,staged
2025-11-24 14:45:00,8,50.921,-113.97,G04_12,staged
2025-11-24 14:45:00,9,51.047,-114.166,G11_05,staged
2025-11-24 14:45:00,10,50.95595,-113.92108,G06_14,on_scene
2025-11-24 14:50:00,1,51.083,-114.054,G13_09,staged
2025-11-24 14:50:00,2,50.993,-114.054,G08_09,staged
2025-11-24 14:50:00,3,51.155,-114.11,G17_07,staged
2025-11-24 14:50:00,4,51.065,-113.97,G12_12,staged
2025-11-24 14:50:00,5,51.119,-114.194,G15_04,staged
2025-11-24 14:50:00,6,51.003,-113.94877,G08_13,returning
2025-11-24 14:50:00,7,51.155,-113.97,G17_12,staged
2025-11-24 14:50:00,8,50.921,-113.97,G04_12,staged
2025-11-24 14:50:00,9,51.047,-114.166,G11_05,staged
2025-11-24 14:50:00,10,50.95595,-113.92108,G06_14,on_scene
2025-11-24 14:55:00,1,51.083,-114.054,G13_09,staged
2025-11-24 14:55:00,2,50.993,-114.054,G08_09,staged
2025-11-24 14:55:00,3,51.155,-114.11,G17_07,staged
2025-11-24 14:55:00,4,51.065,-113.97,G12_12,staged
2025-11-24 14:55:00,5,51.119,-114.194,G15_04,staged
2025-11-24 14:55:00,6,50.98698,-113.97512,G08_12,returning
2025-11-24 14:55:00,7,51.155,-113.97,G17_12,staged
2025-11-24 14:55:00,8,50.921,-113.97,G04_12,staged
2025-11-24 14:55:00,9,51.047,-114.166,G11_05,staged
2025-11-24 14:55:00,10,50.95595,-113.92108,G06_14,on_scene
2025-11-24 15:00:00,1,51.083,-114.054,G13_09,staged
2025-11-24 15:00:00,2,50.993,-114.054,G08_09,staged
2025-11-24 15:00:00,3,51.155,-114.11,G17_07,staged
2025-11-24 15:00:00,4,51.07543,-113.95553,G13_13,responding
2025-11-24 15:00:00,5,51.119,-114.194,G15_04,staged
2025-11-24 15:00:00,6,50.97095,-114.00146,G07_11,returning
2025-11-24 15:00:00,7,51.155,-113.97,G17_12,staged
2025-11-24 15:00:00,8,50.921,-113.97,G04_12,staged
2025-11-24 15:00:00,9,51.047,-114.166,G11_05,staged
2025-11-24 15:00:00,10,50.95595,-113.92108,G06_14,on_scene
2025-11-24 15:05:00,1,51.083,-114.054,G13_09,staged
2025-11-24 15:05:00,2,50.993,-114.054,G08_09,staged
2025-11-24 15:05:00,3,51.155,-114.11,G17_07,staged
2025-11-24 15:05:00,4,51.09282,-113.93142,G14_13,responding
2025-11-24 15:05:00,5,51.119,-114.194,G15_04,staged
2025-11-24 15:05:00,6,50.95493,-114.0278,G06_10,returning
2025-11-24 15:05:00,7,51.155,-113.97,G17_12,staged
2025-11-24 15:05:00,8,50.921,-113.97,G04_12,staged
2025-11-24 15:05:00,9,51.047,-114.166,G11_05,staged
2025-11-24 15:05:00,10,50.95595,-113.92108,G06_14,on_scene
2025-11-24 15:10:00,1,51.083,-114.054,G13_09,staged
2025-11-24 15:10:00,2,50.993,-114.054,G08_09,staged
2025-11-24 15:10:00,3,51.155,-114.11,G17_07,staged
2025-11-24 15:10:00,4,51.09637,-113.92649,G14_14,on_scene
2025-11-24 15:10:00,5,51.119,-114.194,G15_04,staged
2025-11-24 15:10:00,6,50.939,-114.054,G05_09,staged
2025-11-24 15:10:00,7,51.155,-113.97,G17_12,staged
2025-11-24 15:10:00,8,50.921,-113.97,G04_12,staged
2025-11-24 15:10:00,9,51.047,-114.166,G11_05,staged
2025-11-24 15:10:00,10,50.9574,-113.92365,G06_14,returning
2025-11-24 15:15:00,1,51.083,-114.054,G13_09,staged
2025-11-24 15:15:00,2,50.993,-114.054,G08_09,staged
2025-11-24 15:15:00,3,51.155,-114.11,G17_07,staged
2025-11-24 15:15:00,4,51.09637,-113.92649,G14_14,on_scene
2025-11-24 15:15:00,5,51.119,-114.194,G15_04,staged
2025-11-24 15:15:00,6,50.939,-114.054,G05_09,staged
2025-11-24 15:15:00,7,51.155,-113.97,G17_12,staged
2025-11-24 15:15:00,8,50.921,-113.97,G04_12,staged
2025-11-24 15:15:00,9,51.047,-114.166,G11_05,staged
2025-11-24 15:15:00,10,50.97282,-113.9509,G07_13,returning
2025-11-24 15:20:00,1,51.083,-114.054,G13_09,staged
2025-11-24 15:20:00,2,50.993,-114.054,G08_09,staged
2025-11-24 15:20:00,3,51.155,-114.11,G17_07,staged
2025-11-24 15:20:00,4,51.09637,-113.92649,G14_14,on_scene
2025-11-24 15:20:00,5,51.119,-114.194,G15_04,staged
2025-11-24 15:20:00,6,50.939,-114.054,G05_09,staged
2025-11-24 15:20:00,7,51.155,-113.97,G17_12,staged
2025-11-24 15:20:00,8,50.921,-113.97,G04_12,staged
2025-11-24 15:20:00,9,51.047,-114.166,G11_05,staged
2025-11-24 15:20:00,10,50.98824,-113.97815,G08_12,returning
2025-11-24 15:25:00,1,51.083,-114.054,G13_09,staged
2025-11-24 15:25:00,2,50.993,-114.054,G08_09,staged
2025-11-24 15:25:00,3,51.155,-114.11,G17_07,staged
2025-11-24 15:25:00,4,51.09637,-113.92649,G14_14,on_scene
2025-11-24 15:25:00,5,51.119,-114.194,G15_04,staged
2025-11-24 15:25:00,6,50.939,-114.054,G05_09,staged
2025-11-24 15:25:00,7,51.155,-113.97,G17_12,staged
2025-11-24 15:25:00,8,50.921,-113.97,G04_12,staged
2025-11-24 15:25:00,9,51.047,-114.166,G11_05,staged
2025-11-24 15:25:00,10,51.00366,-114.0054,G09_11,returning
2025-11-24 15:30:00,1,51.083,-114.054,G13_09,staged
2025-11-24 15:30:00,2,50.993,-114.054,G08_09,staged
2025-11-24 15:30:00,3,51.155,-114.11,G17_07,staged
2025-11-24 15:30:00,4,51.09637,-113.92649,G14_14,on_scene
2025-11-24 15:30:00,5,51.119,-114.194,G15_04,staged
2025-11-24 15:30:00,6,50.939,-114.054,G05_09,staged
2025-11-24 15:30:00,7,51.155,-113.97,G17_12,staged
2025-11-24 15:30:00,8,50.921,-113.97,G04_12,staged
2025-11-24 15:30:00,9,51.047,-114.166,G11_05,staged
2025-11-24 15:30:00,10,51.01907,-114.03264,G09_10,returning
2025-11-24 15:35:00,1,51.083,-114.054,G13_09,staged
2025-11-24 15:35:00,2,50.993,-114.054,G08_09,staged
2025-11-24 15:35:00,3,51.155,-114.11,G17_07,staged
2025-11-24 15:35:00,4,51.09637,-113.92649,G14_14,on_scene
2025-11-24 15:35:00,5,51.119,-114.194,G15_04,staged
2025-11-24 15:35:00,6,50.939,-114.054,G05_09,staged
2025-11-24 15:35:00,7,51.155,-113.97,G17_12,staged
2025-11-24 15:35:00,8,50.921,-113.97,G04_12,responding
2025-11-24 15:35:00,9,51.047,-114.166,G11_05,staged
2025-11-24 15:35:00,10,51.03449,-114.05989,G10_09,returning
2025-11-24 15:40:00,1,51.083,-114.054,G13_09,staged
2025-11-24 15:40:00,2,50.993,-114.054,G08_09,staged
2025-11-24 15:40:00,3,51.155,-114.11,G17_07,staged
2025-11-24 15:40:00,4,51.08254,-113.94567,G13_13,returning
2025-11-24 15:40:00,5,51.119,-114.194,G15_04,staged
2025-11-24 15:40:00,6,50.939,-114.054,G05_09,staged
2025-11-24 15:40:00,7,51.155,-113.97,G17_12,staged
2025-11-24 15:40:00,8,50.89837,-113.96299,G03_12,responding
2025-11-24 15:40:00,9,51.047,-114.166,G11_05,staged
2025-11-24 15:40:00,10,51.047,-114.082,G11_08,staged
2025-11-24 15:45:00,1,51.083,-114.054,G13_09,staged
2025-11-24 15:45:00,2,50.993,-114.054,G08_09,staged
2025-11-24 15:45:00,3,51.155,-114.11,G17_07,staged
2025-11-24 15:45:00,4,51.06516,-113.96978,G12_12,returning
2025-11-24 15:45:00,5,51.119,-114.194,G15_04,staged
2025-11-24 15:45:00,6,50.939,-114.054,G05_09,staged
2025-11-24 15:45:00,7,51.155,-113.97,G17_12,staged
2025-11-24 15:45:00,8,50.87574,-113.95598,G01_13,responding
2025-11-24 15:45:00,9,51.047,-114.166,G11_05,staged
2025-11-24 15:45:00,10,51.047,-114.082,G11_08,staged
2025-11-24 15:50:00,1,51.083,-114.054,G13_09,staged
2025-11-24 15:50:00,2,50.993,-114.054,G08_09,staged
2025-11-24 15:50:00,3,51.155,-114.11,G17_07,staged
2025-11-24 15:50:00,4,51.065,-113.97,G12_12,staged
2025-11-24 15:50:00,5,51.119,-114.194,G15_04,staged
2025-11-24 15:50:00,6,50.939,-114.054,G05_09,staged
2025-11-24 15:50:00,7,51.155,-113.97,G17_12,staged
2025-11-24 15:50:00,8,50.86329,-113.95213,G01_13,on_scene
2025-11-24 15:50:00,9,51.047,-114.166,G11_05,staged
2025-11-24 15:50:00,10,51.047,-114.082,G11_08,staged
2025-11-24 15:55:00,1,51.083,-114.054,G13_09,staged
2025-11-24 15:55:00,2,50.993,-114.054,G08_09,staged
2025-11-24 15:55:00,3,51.155,-114.11,G17_07,staged
2025-11-24 15:55:00,4,51.065,-113.97,G12_12,staged
2025-11-24 15:55:00,5,51.119,-114.194,G15_04,staged
2025-11-24 15:55:00,6,50.939,-114.054,G05_09,staged
2025-11-24 15:55:00,7,51.155,-113.97,G17_12,staged
2025-11-24 15:55:00,8,50.86329,-113.95213,G01_13,on_scene
2025-11-24 15:55:00,9,51.047,-114.166,G11_05,staged
2025-11-24 15:55:00,10,51.047,-114.082,G11_08,staged
2025-11-24 16:00:00,1,51.083,-114.054,G13_09,staged
2025-11-24 16:00:00,2,50.993,-114.054,G08_09,staged
2025-11-24 16:00:00,3,51.155,-114.11,G17_07,staged
2025-11-24 16:00:00,4,51.065,-113.97,G12_12,staged
2025-11-24 16:00:00,5,51.119,-114.194,G15_04,staged
2025-11-24 16:00:00,6,50.939,-114.054,G05_09,staged
2025-11-24 16:00:00,7,51.155,-113.97,G17_12,staged
2025-11-24 16:00:00,8,50.86329,-113.95213,G01_13,on_scene
2025-11-24 16:00:00,9,51.047,-114.166,G11_05,staged
2025-11-24 16:00:00,10,51.047,-114.082,G11_08,staged
2025-11-24 16:05:00,1,51.083,-114.054,G13_09,staged
2025-11-24 16:05:00,2,50.993,-114.054,G08_09,staged
2025-11-24 16:05:00,3,51.155,-114.11,G17_07,staged
2025-11-24 16:05:00,4,51.065,-113.97,G12_12,staged
2025-11-24 16:05:00,5,51.119,-114.194,G15_04,staged
2025-11-24 16:05:00,6,50.939,-114.054,G05_09,staged
2025-11-24 16:05:00,7,51.155,-113.97,G17_12,staged
2025-11-24 16:05:00,8,50.86329,-113.95213,G01_13,on_scene
2025-11-24 16:05:00,9,51.047,-114.166,G11_05,staged
2025-11-24 16:05:00,10,51.047,-114.082,G11_08,staged
2025-11-24 16:10:00,1,51.083,-114.054,G13_09,staged
2025-11-24 16:10:00,2,50.993,-114.054,G08_09,staged
2025-11-24 16:10:00,3,51.155,-114.11,G17_07,staged
2025-11-24 16:10:00,4,51.065,-113.97,G12_12,staged
2025-11-24 16:10:00,5,51.119,-114.194,G15_04,staged
2025-11-24 16:10:00,6,50.93658,-114.04778,G05_09,responding
2025-11-24 16:10:00,7,51.14158,-113.94982,G16_13,responding
2025-11-24 16:10:00,8,50.86329,-113.95213,G01_13,on_scene
2025-11-24 16:10:00,9,51.047,-114.166,G11_05,staged
2025-11-24 16:10:00,10,51.047,-114.082,G11_08,staged
2025-11-24 16:15:00,1,51.083,-114.054,G13_09,staged
2025-11-24 16:15:00,2,50.993,-114.054,G08_09,staged
2025-11-24 16:15:00,3,51.155,-114.11,G17_07,staged
2025-11-24 16:15:00,4,51.065,-113.97,G12_12,staged
2025-11-24 16:15:00,5,51.119,-114.194,G15_04,staged
2025-11-24 16:15:00,6,50.92445,-114.01666,G05_10,responding
2025-11-24 16:15:00,7,51.13961,-113.94685,G16_13,on_scene
2025-11-24 16:15:00,8,50.86329,-113.95213,G01_13,on_scene
2025-11-24 16:15:00,9,51.047,-114.166,G11_05,staged
2025-11-24 16:15:00,10,51.047,-114.082,G11_08,staged
2025-11-24 16:20:00,1,51.083,-114.054,G13_09,staged
2025-11-24 16:20:00,2,50.993,-114.054,G08_09,staged
2025-11-24 16:20:00,3,51.155,-114.11,G17_07,staged
2025-11-24 16:20:00,4,51.065,-113.97,G12_12,staged
2025-11-24 16:20:00,5,51.119,-114.194,G15_04,staged
2025-11-24 16:20:00,6,50.91233,-113.98554,G03_11,responding
2025-11-24 16:20:00,7,51.13961,-113.94685,G16_13,on_scene
2025-11-24 16:20:00,8,50.87347,-113.95528,G01_13,returning
2025-11-24 16:20:00,9,51.047,-114.166,G11_05,staged
2025-11-24 16:20:00,10,51.047,-114.082,G11_08,staged
2025-11-24 16:25:00,1,51.083,-114.054,G13_09,staged
2025-11-24 16:25:00,2,50.993,-114.054,G08_09,staged
2025-11-24 16:25:00,3,51.155,-114.11,G17_07,staged
2025-11-24 16:25:00,4,51.06055,-113.97191,G12_12,responding
2025-11-24 16:25:00,5,51.119,-114.194,G15_04,staged
2025-11-24 16:25:00,6,50.90833,-113.97529,G03_12,on_scene
2025-11-24 16:25:00,7,51.13961,-113.94685,G16_13,on_scene
2025-11-24 16:25:00,8,50.8961,-113.96229,G03_12,returning
2025-11-24 16:25:00,9,51.047,-114.166,G11_05,staged
2025-11-24 16:25:00,10,51.047,-114.082,G11_08,staged
2025-11-24 16:30:00,1,51.083,-114.054,G13_09,staged
2025-11-24 16:30:00,2,50.97919,-114.05255,G07_09,responding
2025-11-24 16:30:00,3,51.155,-114.11,G17_07,staged
2025-11-24 16:30:00,4,51.03828,-113.98145,G11_12,responding
2025-11-24 16:30:00,5,51.119,-114.194,G15_04,staged
2025-11-24 16:30:00,6,50.90833,-113.97529,G03_12,on_scene
2025-11-24 16:30:00,7,51.13961,-113.94685,G16_13,on_scene
2025-11-24 16:30:00,8,50.91873,-113.9693,G04_12,returning
2025-11-24 16:30:00,9,51.047,-114.166,G11_05,staged
2025-11-24 16:30:00,10,51.047,-114.082,G11_08,staged
2025-11-24 16:35:00,1,51.083,-114.054,G13_09,staged
2025-11-24 16:35:00,2,50.95618,-114.05014,G06_09,responding
2025-11-24 16:35:00,3,51.155,-114.11,G17_07,staged
2025-11-24 16:35:00,4,51.03775,-113.98168,G10_12,on_scene
2025-11-24 16:35:00,5,51.119,-114.194,G15_04,staged
2025-11-24 16:35:00,6,50.90833,-113.97529,G03_12,on_scene
2025-11-24 16:35:00,7,51.13961,-113.94685,G16_13,on_scene
2025-11-24 16:35:00,8,50.921,-113.97,G04_12,staged
2025-11-24 16:35:00,9,51.047,-114.166,G11_05,staged
2025-11-24 16:35:00,10,51.047,-114.082,G11_08,staged
2025-11-24 16:40:00,1,51.083,-114.054,G13_09,staged
2025-11-24 16:40:00,2,50.93748,-114.04818,G05_09,on_scene
2025-11-24 16:40:00,3,51.155,-114.11,G17_07,staged
2025-11-24 16:40:00,4,51.03775,-113.98168,G10_12,on_scene
2025-11-24 16:40:00,5,51.119,-114.194,G15_04,staged
2025-11-24 16:40:00,6,50.90833,-113.97529,G03_12,on_scene
2025-11-24 16:40:00,7,51.13961,-113.94685,G16_13,on_scene
2025-11-24 16:40:00,8,50.921,-113.97,G04_12,staged
2025-11-24 16:40:00,9,51.047,-114.166,G11_05,staged
2025-11-24 16:40:00,10,51.047,-114.082,G11_08,staged
2025-11-24 16:45:00,1,51.083,-114.054,G13_09,staged
2025-11-24 16:45:00,2,50.93748,-114.04818,G05_09,on_scene
2025-11-24 16:45:00,3,51.155,-114.11,G17_07,staged
2025-11-24 16:45:00,4,51.03775,-113.98168,G10_12,on_scene
2025-11-24 16:45:00,5,51.119,-114.194,G15_04,staged
2025-11-24 16:45:00,6,50.90833,-113.97529,G03_12,on_scene
2025-11-24 16:45:00,7,51.15441,-113.96911,G17_12,returning
2025-11-24 16:45:00,8,50.921,-113.97,G04_12,staged
2025-11-24 16:45:00,9,51.047,-114.166,G11_05,staged
2025-11-24 16:45:00,10,51.047,-114.082,G11_08,staged
2025-11-24 16:50:00,1,51.083,-114.054,G13_09,staged
2025-11-24 16:50:00,2,50.93748,-114.04818,G05_09,on_scene
2025-11-24 16:50:00,3,51.155,-114.11,G17_07,staged
2025-11-24 16:50:00,4,51.03775,-113.98168,G10_12,on_scene
2025-11-24 16:50:00,5,51.119,-114.194,G15_04,staged
2025-11-24 16:50:00,6,50.90833,-113.97529,G03_12,on_scene
2025-11-24 16:50:00,7,51.155,-113.97,G17_12,staged
2025-11-24 16:50:00,8,50.921,-113.97,G04_12,staged
2025-11-24 16:50:00,9,51.047,-114.166,G11_05,staged
2025-11-24 16:50:00,10,51.047,-114.082,G11_08,staged
2025-11-24 16:55:00,1,51.083,-114.054,G13_09,staged
2025-11-24 16:55:00,2,50.93748,-114.04818,G05_09,on_scene
2025-11-24 16:55:00,3,51.155,-114.11,G17_07,staged
2025-11-24 16:55:00,4,51.03775,-113.98168,G10_12,on_scene
2025-11-24 16:55:00,5,51.119,-114.194,G15_04,staged
2025-11-24 16:55:00,6,50.91646,-113.99616,G03_11,returning
2025-11-24 16:55:00,7,51.155,-113.97,G17_12,staged
2025-11-24 16:55:00,8,50.921,-113.97,G04_12,staged
2025-11-24 16:55:00,9,51.047,-114.166,G11_05,staged
2025-11-24 16:55:00,10,51.047,-114.082,G11_08,staged
2025-11-24 17:00:00,1,51.083,-114.054,G13_09,staged
2025-11-24 17:00:00,2,50.93748,-114.04818,G05_09,on_scene
2025-11-24 17:00:00,3,51.155,-114.11,G17_07,staged
2025-11-24 17:00:00,4,51.03775,-113.98168,G10_12,on_scene
2025-11-24 17:00:00,5,51.119,-114.194,G15_04,relocating
2025-11-24 17:00:00,6,50.92859,-114.02727,G05_10,returning
2025-11-24 17:05:00,1,51.083,-114.054,G13_09,staged
2025-11-24 17:05:00,2,50.93748,-114.04818,G05_09,on_scene
2025-11-24 17:05:00,3,51.155,-114.11,G17_07,staged
2025-11-24 17:05:00,4,51.05948,-113.97237,G12_12,returning
2025-11-24 17:05:00,5,51.09707,-114.18263,G14_05,relocating
2025-11-24 17:05:00,6,50.939,-114.054,G05_09,staged
2025-11-24 17:10:00,1,51.083,-114.054,G13_09,staged
2025-11-24 17:10:00,2,50.94178,-114.04863,G05_09,returning
2025-11-24 17:10:00,3,51.15188,-114.09616,G17_07,responding
2025-11-24 17:10:00,4,51.065,-113.97,G12_12,staged
2025-11-24 17:10:00,5,51.07515,-114.17126,G13_05,relocating
2025-11-24 17:10:00,6,50.939,-114.054,G05_09,staged
2025-11-24 17:15:00,1,51.083,-114.054,G13_09,staged
2025-11-24 17:15:00,2,50.96479,-114.05104,G06_09,returning
2025-11-24 17:15:00,3,51.14409,-114.06157,G16_09,responding
2025-11-24 17:15:00,4,51.065,-113.97,G12_12,staged
2025-11-24 17:15:00,5,51.065,-114.166,G12_05,staged
2025-11-24 17:15:00,6,50.939,-114.054,G05_09,staged
2025-11-24 17:20:00,1,51.083,-114.054,G13_09,staged
2025-11-24 17:20:00,2,50.9878,-114.05345,G08_09,returning
2025-11-24 17:20:00,3,51.13852,-114.03687,G16_10,on_scene
2025-11-24 17:20:00,4,51.065,-113.97,G12_12,staged
2025-11-24 17:20:00,5,51.065,-114.166,G12_05,staged
2025-11-24 17:20:00,6,50.939,-114.054,G05_09,staged
2025-11-24 17:25:00,1,51.083,-114.054,G13_09,staged
2025-11-24 17:25:00,2,50.993,-114.054,G08_09,staged
2025-11-24 17:25:00,3,51.13852,-114.03687,G16_10,on_scene
2025-11-24 17:25:00,4,51.065,-113.97,G12_12,staged
2025-11-24 17:25:00,5,51.065,-114.166,G12_05,staged
2025-11-24 17:25:00,6,50.939,-114.054,G05_09,staged
2025-11-24 17:30:00,1,51.083,-114.054,G13_09,staged
2025-11-24 17:30:00,2,50.993,-114.054,G08_09,staged
2025-11-24 17:30:00,3,51.13852,-114.03687,G16_10,on_scene
2025-11-24 17:30:00,4,51.065,-113.97,G12_12,staged
2025-11-24 17:30:00,5,51.065,-114.166,G12_05,staged
2025-11-24 17:30:00,6,50.939,-114.054,G05_09,staged
2025-11-24 17:35:00,1,51.083,-114.054,G13_09,staged
2025-11-24 17:35:00,2,50.993,-114.054,G08_09,staged
2025-11-24 17:35:00,3,51.13852,-114.03687,G16_10,on_scene
2025-11-24 17:35:00,4,51.065,-113.97,G12_12,staged
2025-11-24 17:35:00,5,51.065,-114.166,G12_05,staged
2025-11-24 17:35:00,6,50.939,-114.054,G05_09,staged
2025-11-24 17:40:00,1,51.083,-114.054,G13_09,staged
2025-11-24 17:40:00,2,50.993,-114.054,G08_09,staged
2025-11-24 17:40:00,3,51.13852,-114.03687,G16_10,on_scene
2025-11-24 17:40:00,4,51.065,-113.97,G12_12,staged
2025-11-24 17:40:00,5,51.065,-114.166,G12_05,staged
2025-11-24 17:40:00,6,50.939,-114.054,G05_09,staged
2025-11-24 17:45:00,1,51.083,-114.054,G13_09,staged
2025-11-24 17:45:00,2,50.993,-114.054,G08_09,staged
2025-11-24 17:45:00,3,51.13852,-114.03687,G16_10,on_scene
2025-11-24 17:45:00,4,51.065,-113.97,G12_12,staged
2025-11-24 17:45:00,5,51.065,-114.166,G12_05,staged
2025-11-24 17:45:00,6,50.939,-114.054,G05_09,staged
2025-11-24 17:50:00,1,51.083,-114.054,G13_09,staged
2025-11-24 17:50:00,2,50.993,-114.054,G08_09,staged
2025-11-24 17:50:00,3,51.14075,-114.04677,G16_09,returning
2025-11-24 17:50:00,4,51.065,-113.97,G12_12,staged
2025-11-24 17:50:00,5,51.065,-114.166,G12_05,staged
2025-11-24 17:50:00,6,50.939,-114.054,G05_09,staged
2025-11-24 17:55:00,1,51.083,-114.054,G13_09,staged
2025-11-24 17:55:00,2,50.993,-114.054,G08_09,staged
2025-11-24 17:55:00,3,51.14855,-114.08136,G17_08,returning
2025-11-24 17:55:00,4,51.065,-113.97,G12_12,staged
2025-11-24 17:55:00,5,51.065,-114.166,G12_05,staged
2025-11-24 17:55:00,6,50.939,-114.054,G05_09,staged
2025-11-24 18:00:00,1,51.083,-114.054,G13_09,staged
2025-11-24 18:00:00,2,50.993,-114.054,G08_09,staged
2025-11-24 18:00:00,3,51.155,-114.11,G17_07,staged
2025-11-24 18:00:00,4,51.065,-113.97,G12_12,staged
2025-11-24 18:00:00,5,51.065,-114.166,G12_05,staged
2025-11-24 18:00:00,6,50.939,-114.054,G05_09,staged
2025-11-24 18:05:00,1,51.083,-114.054,G13_09,staged
2025-11-24 18:05:00,2,50.993,-114.054,G08_09,staged
2025-11-24 18:05:00,3,51.155,-114.11,G17_07,responding
2025-11-24 18:05:00,4,51.065,-113.97,G12_12,staged
2025-11-24 18:05:00,5,51.065,-114.166,G12_05,staged
2025-11-24 18:05:00,6,50.939,-114.054,G05_09,staged
2025-11-24 18:10:00,1,51.083,-114.054,G13_09,staged
2025-11-24 18:10:00,2,50.993,-114.054,G08_09,staged
2025-11-24 18:10:00,3,51.15534,-114.07324,G17_08,responding
2025-11-24 18:10:00,4,51.065,-113.97,G12_12,staged
2025-11-24 18:10:00,5,51.065,-114.166,G12_05,staged
2025-11-24 18:10:00,6,50.939,-114.054,G05_09,staged
2025-11-24 18:15:00,1,51.083,-114.054,G13_09,staged
2025-11-24 18:15:00,2,50.993,-114.054,G08_09,staged
2025-11-24 18:15:00,3,51.15569,-114.03648,G17_10,responding
2025-11-24 18:15:00,4,51.065,-113.97,G12_12,staged
2025-11-24 18:15:00,5,51.065,-114.166,G12_05,staged
2025-11-24 18:15:00,6,50.939,-114.054,G05_09,responding
2025-11-24 18:20:00,1,51.083,-114.054,G13_09,staged
2025-11-24 18:20:00,2,50.993,-114.054,G08_09,staged
2025-11-24 18:20:00,3,51.15589,-114.01514,G17_10,on_scene
2025-11-24 18:20:00,4,51.065,-113.97,G12_12,staged
2025-11-24 18:20:00,5,51.065,-114.166,G12_05,staged
2025-11-24 18:20:00,6,50.93057,-114.06644,G05_09,on_scene
2025-11-24 18:25:00,1,51.083,-114.054,G13_09,staged
2025-11-24 18:25:00,2,50.993,-114.054,G08_09,staged
2025-11-24 18:25:00,3,51.15589,-114.01514,G17_10,on_scene
2025-11-24 18:25:00,4,51.065,-113.97,G12_12,staged
2025-11-24 18:25:00,5,51.065,-114.166,G12_05,staged
2025-11-24 18:25:00,6,50.93057,-114.06644,G05_09,on_scene
2025-11-24 18:30:00,1,51.083,-114.054,G13_09,staged
2025-11-24 18:30:00,2,50.993,-114.054,G08_09,staged
2025-11-24 18:30:00,3,51.15589,-114.01514,G17_10,on_scene
2025-11-24 18:30:00,4,51.065,-113.97,G12_12,staged
2025-11-24 18:30:00,5,51.065,-114.166,G12_05,staged
2025-11-24 18:30:00,6,50.93057,-114.06644,G05_09,on_scene
2025-11-24 18:35:00,1,51.083,-114.054,G13_09,staged
2025-11-24 18:35:00,2,50.993,-114.054,G08_09,staged
2025-11-24 18:35:00,3,51.15589,-114.01514,G17_10,on_scene
2025-11-24 18:35:00,4,51.065,-113.97,G12_12,staged
2025-11-24 18:35:00,5,51.065,-114.166,G12_05,staged
2025-11-24 18:35:00,6,50.93057,-114.06644,G05_09,on_scene
2025-11-24 18:40:00,1,51.083,-114.054,G13_09,staged
2025-11-24 18:40:00,2,50.993,-114.054,G08_09,staged
2025-11-24 18:40:00,3,51.15589,-114.01514,G17_10,on_scene
2025-11-24 18:40:00,4,51.065,-113.97,G12_12,staged
2025-11-24 18:40:00,5,51.065,-114.166,G12_05,staged
2025-11-24 18:40:00,6,50.93057,-114.06644,G05_09,on_scene
2025-11-24 18:45:00,1,51.083,-114.054,G13_09,staged
2025-11-24 18:45:00,2,50.993,-114.054,G08_09,staged
2025-11-24 18:45:00,3,51.15589,-114.01514,G17_10,on_scene
2025-11-24 18:45:00,4,51.065,-113.97,G12_12,staged
2025-11-24 18:45:00,5,51.065,-114.166,G12_05,staged
2025-11-24 18:45:00,6,50.93057,-114.06644,G05_09,on_scene
2025-11-24 18:50:00,1,51.083,-114.054,G13_09,staged
2025-11-24 18:50:00,2,50.993,-114.054,G08_09,staged
2025-11-24 18:50:00,3,51.15574,-114.03056,G17_10,returning
2025-11-24 18:50:00,4,51.065,-113.97,G12_12,staged
2025-11-24 18:50:00,5,51.065,-114.166,G12_05,staged
2025-11-24 18:50:00,6,50.939,-114.054,G05_09,staged
2025-11-24 18:55:00,1,51.083,-114.054,G13_09,staged
2025-11-24 18:55:00,2,50.993,-114.054,G08_09,staged
2025-11-24 18:55:00,3,51.1554,-114.06732,G17_09,returning
2025-11-24 18:55:00,4,51.065,-113.97,G12_12,staged
2025-11-24 18:55:00,5,51.065,-114.166,G12_05,staged
2025-11-24 18:55:00,6,50.939,-114.054,G05_09,staged
2025-11-24 19:00:00,1,51.083,-114.054,G13_09,staged
2025-11-24 19:00:00,2,50.993,-114.054,G08_09,staged
2025-11-24 19:00:00,3,51.15506,-114.10408,G17_07,returning
2025-11-24 19:00:00,4,51.065,-113.97,G12_12,staged
2025-11-24 19:00:00,5,51.065,-114.166,G12_05,staged
2025-11-24 19:00:00,6,50.939,-114.054,G05_09,staged
2025-11-24 19:05:00,1,51.083,-114.054,G13_09,staged
2025-11-24 19:05:00,2,50.993,-114.054,G08_09,staged
2025-11-24 19:05:00,3,51.155,-114.11,G17_07,staged
2025-11-24 19:05:00,4,51.06957,-113.96897,G12_12,responding
2025-11-24 19:05:00,5,51.065,-114.166,G12_05,staged
2025-11-24 19:05:00,6,50.939,-114.054,G05_09,staged
2025-11-24 19:10:00,1,51.083,-114.054,G13_09,staged
2025-11-24 19:10:00,2,50.993,-114.054,G08_09,staged
2025-11-24 19:10:00,3,51.155,-114.11,G17_07,staged
2025-11-24 19:10:00,4,51.0924,-113.96384,G14_12,responding
2025-11-24 19:10:00,5,51.065,-114.166,G12_05,staged
2025-11-24 19:10:00,6,50.939,-114.054,G05_09,staged
2025-11-24 19:15:00,1,51.083,-114.054,G13_09,staged
2025-11-24 19:15:00,2,50.993,-114.054,G08_09,staged
2025-11-24 19:15:00,3,51.155,-114.11,G17_07,staged
2025-11-24 19:15:00,4,51.11523,-113.95871,G15_12,responding
2025-11-24 19:15:00,5,51.065,-114.166,G12_05,staged
2025-11-24 19:15:00,6,50.939,-114.054,G05_09,staged
2025-11-24 19:20:00,1,51.083,-114.054,G13_09,staged
2025-11-24 19:20:00,2,50.993,-114.054,G08_09,staged
2025-11-24 19:20:00,3,51.155,-114.11,G17_07,staged
2025-11-24 19:20:00,4,51.13807,-113.95357,G16_13,responding
2025-11-24 19:20:00,5,51.065,-114.166,G12_05,staged
2025-11-24 19:20:00,6,50.939,-114.054,G05_09,staged
2025-11-24 19:25:00,1,51.083,-114.054,G13_09,staged
2025-11-24 19:25:00,2,50.993,-114.054,G08_09,staged
2025-11-24 19:25:00,3,51.155,-114.11,G17_07,staged
2025-11-24 19:25:00,4,51.1609,-113.94844,G17_13,responding
2025-11-24 19:25:00,5,51.065,-114.166,G12_05,staged
2025-11-24 19:25:00,6,50.939,-114.054,G05_09,staged
2025-11-24 19:30:00,1,51.08491,-114.03218,G13_10,responding
2025-11-24 19:30:00,2,50.993,-114.054,G08_09,staged
2025-11-24 19:30:00,3,51.155,-114.11,G17_07,staged
2025-11-24 19:30:00,4,51.16545,-113.94742,G18_13,on_scene
2025-11-24 19:30:00,5,51.065,-114.166,G12_05,staged
2025-11-24 19:30:00,6,50.939,-114.054,G05_09,staged
2025-11-24 19:35:00,1,51.08808,-113.99582,G13_11,responding
2025-11-24 19:35:00,2,50.993,-114.054,G08_09,staged
2025-11-24 19:35:00,3,51.155,-114.11,G17_07,staged
2025-11-24 19:35:00,4,51.16545,-113.94742,G18_13,on_scene
2025-11-24 19:35:00,5,51.065,-114.166,G12_05,staged
2025-11-24 19:35:00,6,50.939,-114.054,G05_09,staged
2025-11-24 19:40:00,1,51.09126,-113.95946,G13_12,responding
2025-11-24 19:40:00,2,50.993,-114.054,G08_09,staged
2025-11-24 19:40:00,3,51.155,-114.11,G17_07,staged
2025-11-24 19:40:00,4,51.16545,-113.94742,G18_13,on_scene
2025-11-24 19:40:00,5,51.065,-114.166,G12_05,staged
2025-11-24 19:40:00,6,50.939,-114.054,G05_09,staged
2025-11-24 19:45:00,1,51.09136,-113.9583,G13_12,on_scene
2025-11-24 19:45:00,2,50.993,-114.054,G08_09,staged
2025-11-24 19:45:00,3,51.155,-114.11,G17_07,staged
2025-11-24 19:45:00,4,51.16545,-113.94742,G18_13,on_scene
2025-11-24 19:45:00,5,51.065,-114.166,G12_05,staged
2025-11-24 19:45:00,6,50.939,-114.054,G05_09,staged
2025-11-24 19:50:00,1,51.09136,-113.9583,G13_12,on_scene
2025-11-24 19:50:00,2,50.993,-114.054,G08_09,staged
2025-11-24 19:50:00,3,51.155,-114.11,G17_07,staged
2025-11-24 19:50:00,4,51.16545,-113.94742,G18_13,on_scene
2025-11-24 19:50:00,5,51.065,-114.166,G12_05,staged
2025-11-24 19:50:00,6,50.939,-114.054,G05_09,staged
2025-11-24 19:55:00,1,51.09136,-113.9583,G13_12,on_scene
2025-11-24 19:55:00,2,50.993,-114.054,G08_09,staged
2025-11-24 19:55:00,3,51.155,-114.11,G17_07,staged
2025-11-24 19:55:00,4,51.16545,-113.94742,G18_13,on_scene
2025-11-24 19:55:00,5,51.065,-114.166,G12_05,staged
2025-11-24 19:55:00,6,50.939,-114.054,G05_09,staged
2025-11-24 20:00:00,1,51.09136,-113.9583,G13_12,on_scene
2025-11-24 20:00:00,2,50.993,-114.054,G08_09,staged
2025-11-24 20:00:00,3,51.155,-114.11,G17_07,staged
2025-11-24 20:00:00,4,51.14716,-113.95153,G17_13,returning
2025-11-24 20:00:00,5,51.065,-114.166,G12_05,staged
2025-11-24 20:00:00,6,50.939,-114.054,G05_09,staged
2025-11-24 20:05:00,1,51.09136,-113.9583,G13_12,on_scene
2025-11-24 20:05:00,2,50.993,-114.054,G08_09,staged
2025-11-24 20:05:00,3,51.155,-114.11,G17_07,staged
2025-11-24 20:05:00,4,51.12433,-113.95666,G15_12,returning
2025-11-24 20:05:00,5,51.065,-114.166,G12_05,staged
2025-11-24 20:05:00,6,50.939,-114.054,G05_09,staged
2025-11-24 20:10:00,1,51.09136,-113.9583,G13_12,on_scene
2025-11-24 20:10:00,2,50.993,-114.054,G08_09,staged
2025-11-24 20:10:00,3,51.155,-114.11,G17_07,staged
2025-11-24 20:10:00,4,51.10149,-113.9618,G14_12,returning
2025-11-24 20:10:00,5,51.065,-114.166,G12_05,staged
2025-11-24 20:10:00,6,50.939,-114.054,G05_09,staged
2025-11-24 20:15:00,1,51.08828,-113.9935,G13_11,returning
2025-11-24 20:15:00,2,50.993,-114.054,G08_09,staged
2025-11-24 20:15:00,3,51.155,-114.11,G17_07,staged
2025-11-24 20:15:00,4,51.07866,-113.96693,G13_12,returning
2025-11-24 20:15:00,5,51.065,-114.166,G12_05,staged
2025-11-24 20:15:00,6,50.939,-114.054,G05_09,staged
2025-11-24 20:20:00,1,51.07933,-114.02637,G13_10,responding
2025-11-24 20:20:00,2,50.993,-114.054,G08_09,staged
2025-11-24 20:20:00,3,51.155,-114.11,G17_07,staged
2025-11-24 20:20:00,4,51.065,-113.97,G12_12,staged
2025-11-24 20:20:00,5,51.065,-114.166,G12_05,staged
2025-11-24 20:20:00,6,50.939,-114.054,G05_09,staged
2025-11-24 20:25:00,1,51.06684,-114.05617,G12_09,on_scene
2025-11-24 20:25:00,2,50.993,-114.054,G08_09,staged
2025-11-24 20:25:00,3,51.15497,-114.08059,G17_08,responding
2025-11-24 20:25:00,4,51.065,-113.97,G12_12,staged
2025-11-24 20:25:00,5,51.065,-114.166,G12_05,staged
2025-11-24 20:25:00,6,50.939,-114.054,G05_09,staged
2025-11-24 20:30:00,1,51.06684,-114.05617,G12_09,on_scene
2025-11-24 20:30:00,2,50.993,-114.054,G08_09,staged
2025-11-24 20:30:00,3,51.15494,-114.05263,G17_09,on_scene
2025-11-24 20:30:00,4,51.065,-113.97,G12_12,staged
2025-11-24 20:30:00,5,51.065,-114.166,G12_05,staged
2025-11-24 20:30:00,6,50.939,-114.054,G05_09,staged
2025-11-24 20:35:00,1,51.06684,-114.05617,G12_09,on_scene
2025-11-24 20:35:00,2,50.993,-114.054,G08_09,staged
2025-11-24 20:35:00,3,51.15494,-114.05263,G17_09,on_scene
2025-11-24 20:35:00,4,51.065,-113.97,G12_12,staged
2025-11-24 20:35:00,5,51.065,-114.166,G12_05,staged
2025-11-24 20:35:00,6,50.939,-114.054,G05_09,staged
2025-11-24 20:40:00,1,51.06684,-114.05617,G12_09,on_scene
2025-11-24 20:40:00,2,50.993,-114.054,G08_09,staged
2025-11-24 20:40:00,3,51.15494,-114.05263,G17_09,on_scene
2025-11-24 20:40:00,4,51.065,-113.97,G12_12,staged
2025-11-24 20:40:00,5,51.065,-114.166,G12_05,staged
2025-11-24 20:40:00,6,50.939,-114.054,G05_09,staged
2025-11-24 20:45:00,1,51.06684,-114.05617,G12_09,on_scene
2025-11-24 20:45:00,2,50.993,-114.054,G08_09,staged
2025-11-24 20:45:00,3,51.15494,-114.05263,G17_09,on_scene
2025-11-24 20:45:00,4,51.065,-113.97,G12_12,staged
2025-11-24 20:45:00,5,51.065,-114.166,G12_05,staged
2025-11-24 20:45:00,6,50.939,-114.054,G05_09,staged
2025-11-24 20:50:00,1,51.06684,-114.05617,G12_09,on_scene
2025-11-24 20:50:00,2,50.993,-114.054,G08_09,staged
2025-11-24 20:50:00,3,51.15494,-114.05263,G17_09,on_scene
2025-11-24 20:50:00,4,51.065,-113.97,G12_12,staged
2025-11-24 20:50:00,5,51.065,-114.166,G12_05,staged
2025-11-24 20:50:00,6,50.939,-114.054,G05_09,staged
2025-11-24 20:55:00,1,51.06739,-114.05609,G12_09,returning
2025-11-24 20:55:00,2,50.993,-114.054,G08_09,staged
2025-11-24 20:55:00,3,51.15494,-114.05263,G17_09,on_scene
2025-11-24 20:55:00,4,51.065,-113.97,G12_12,staged
2025-11-24 20:55:00,5,51.065,-114.166,G12_05,staged
2025-11-24 20:55:00,6,50.939,-114.054,G05_09,staged
2025-11-24 21:00:00,1,51.083,-114.054,G13_09,staged
2025-11-24 21:00:00,2,50.993,-114.054,G08_09,staged
2025-11-24 21:00:00,3,51.15495,-114.06143,G17_09,returning
2025-11-24 21:00:00,4,51.065,-113.97,G12_12,staged
2025-11-24 21:00:00,5,51.065,-114.166,G12_05,staged
2025-11-24 21:00:00,6,50.939,-114.054,G05_09,staged
2025-11-24 21:00:00,7,51.155,-113.97,G17_12,staged
2025-11-24 21:00:00,8,50.921,-113.97,G04_12,staged
2025-11-24 21:00:00,9,51.047,-114.166,G11_05,staged
2025-11-24 21:00:00,10,51.047,-114.082,G11_08,staged
2025-11-24 21:05:00,1,51.083,-114.054,G13_09,staged
2025-11-24 21:05:00,2,50.993,-114.054,G08_09,staged
2025-11-24 21:05:00,3,51.15499,-114.09819,G17_07,returning
2025-11-24 21:05:00,4,51.065,-113.97,G12_12,staged
2025-11-24 21:05:00,5,51.065,-114.166,G12_05,staged
2025-11-24 21:05:00,6,50.939,-114.054,G05_09,staged
2025-11-24 21:05:00,7,51.155,-113.97,G17_12,staged
2025-11-24 21:05:00,8,50.921,-113.97,G04_12,staged
2025-11-24 21:05:00,9,51.047,-114.166,G11_05,staged
2025-11-24 21:05:00,10,51.047,-114.082,G11_08,staged
2025-11-24 21:10:00,1,51.083,-114.054,G13_09,staged
2025-11-24 21:10:00,2,50.99371,-114.03508,G08_10,on_scene
2025-11-24 21:10:00,3,51.155,-114.11,G17_07,staged
2025-11-24 21:10:00,4,51.065,-113.97,G12_12,staged
2025-11-24 21:10:00,5,51.065,-114.166,G12_05,staged
2025-11-24 21:10:00,6,50.939,-114.054,G05_09,staged
2025-11-24 21:10:00,7,51.155,-113.97,G17_12,staged
2025-11-24 21:10:00,8,50.921,-113.97,G04_12,staged
2025-11-24 21:10:00,9,51.047,-114.166,G11_05,staged
2025-11-24 21:10:00,10,51.047,-114.082,G11_08,staged
2025-11-24 21:15:00,1,51.083,-114.054,G13_09,staged
2025-11-24 21:15:00,2,50.99371,-114.03508,G08_10,on_scene
2025-11-24 21:15:00,3,51.155,-114.11,G17_07,staged
2025-11-24 21:15:00,4,51.065,-113.97,G12_12,staged
2025-11-24 21:15:00,5,51.065,-114.166,G12_05,staged
2025-11-24 21:15:00,6,50.939,-114.054,G05_09,staged
2025-11-24 21:15:00,7,51.155,-113.97,G17_12,staged
2025-11-24 21:15:00,8,50.921,-113.97,G04_12,staged
2025-11-24 21:15:00,9,51.047,-114.166,G11_05,staged
2025-11-24 21:15:00,10,51.047,-114.082,G11_08,staged
2025-11-24 21:20:00,1,51.083,-114.054,G13_09,staged
2025-11-24 21:20:00,2,50.99371,-114.03508,G08_10,on_scene
2025-11-24 21:20:00,3,51.155,-114.11,G17_07,staged
2025-11-24 21:20:00,4,51.065,-113.97,G12_12,staged
2025-11-24 21:20:00,5,51.065,-114.166,G12_05,staged
2025-11-24 21:20:00,6,50.939,-114.054,G05_09,staged
2025-11-24 21:20:00,7,51.155,-113.97,G17_12,staged
2025-11-24 21:20:00,8,50.921,-113.97,G04_12,staged
2025-11-24 21:20:00,9,51.047,-114.166,G11_05,staged
2025-11-24 21:20:00,10,51.047,-114.082,G11_08,staged
2025-11-24 21:25:00,1,51.083,-114.054,G13_09,staged
2025-11-24 21:25:00,2,50.99371,-114.03508,G08_10,on_scene
2025-11-24 21:25:00,3,51.155,-114.11,G17_07,staged
2025-11-24 21:25:00,4,51.065,-113.97,G12_12,staged
2025-11-24 21:25:00,5,51.065,-114.166,G12_05,staged
2025-11-24 21:25:00,6,50.939,-114.054,G05_09,staged
2025-11-24 21:25:00,7,51.155,-113.97,G17_12,staged
2025-11-24 21:25:00,8,50.921,-113.97,G04_12,staged
2025-11-24 21:25:00,9,51.047,-114.166,G11_05,staged
2025-11-24 21:25:00,10,51.047,-114.082,G11_08,staged
2025-11-24 21:30:00,1,51.083,-114.054,G13_09,staged
2025-11-24 21:30:00,2,50.99371,-114.03508,G08_10,on_scene
2025-11-24 21:30:00,3,51.155,-114.11,G17_07,staged
2025-11-24 21:30:00,4,51.065,-113.97,G12_12,staged
2025-11-24 21:30:00,5,51.065,-114.166,G12_05,staged
2025-11-24 21:30:00,6,50.939,-114.054,G05_09,staged
2025-11-24 21:30:00,7,51.155,-113.97,G17_12,staged
2025-11-24 21:30:00,8,50.921,-113.97,G04_12,staged
2025-11-24 21:30:00,9,51.047,-114.166,G11_05,staged
2025-11-24 21:30:00,10,51.047,-114.082,G11_08,staged
2025-11-24 21:35:00,1,51.083,-114.054,G13_09,staged
2025-11-24 21:35:00,2,50.99371,-114.03508,G08_10,on_scene
2025-11-24 21:35:00,3,51.155,-114.11,G17_07,staged
2025-11-24 21:35:00,4,51.065,-113.97,G12_12,staged
2025-11-24 21:35:00,5,51.065,-114.166,G12_05,staged
2025-11-24 21:35:00,6,50.939,-114.054,G05_09,staged
2025-11-24 21:35:00,7,51.155,-113.97,G17_12,staged
2025-11-24 21:35:00,8,50.921,-113.97,G04_12,staged
2025-11-24 21:35:00,9,51.047,-114.166,G11_05,staged
2025-11-24 21:35:00,10,51.047,-114.082,G11_08,staged
2025-11-24 21:40:00,1,51.083,-114.054,G13_09,staged
2025-11-24 21:40:00,2,50.99332,-114.04542,G08_09,returning
2025-11-24 21:40:00,3,51.155,-114.11,G17_07,staged
2025-11-24 21:40:00,4,51.065,-113.97,G12_12,staged
2025-11-24 21:40:00,5,51.065,-114.166,G12_05,staged
2025-11-24 21:40:00,6,50.939,-114.054,G05_09,staged
2025-11-24 21:40:00,7,51.155,-113.97,G17_12,staged
2025-11-24 21:40:00,8,50.921,-113.97,G04_12,staged
2025-11-24 21:40:00,9,51.047,-114.166,G11_05,staged
2025-11-24 21:40:00,10,51.047,-114.082,G11_08,staged
2025-11-24 21:45:00,1,51.083,-114.054,G13_09,staged
2025-11-24 21:45:00,2,50.993,-114.054,G08_09,staged
2025-11-24 21:45:00,3,51.155,-114.11,G17_07,staged
2025-11-24 21:45:00,4,51.065,-113.97,G12_12,staged
2025-11-24 21:45:00,5,51.065,-114.166,G12_05,staged
2025-11-24 21:45:00,6,50.939,-114.054,G05_09,staged
2025-11-24 21:45:00,7,51.155,-113.97,G17_12,staged
2025-11-24 21:45:00,8,50.921,-113.97,G04_12,staged
2025-11-24 21:45:00,9,51.047,-114.166,G11_05,staged
2025-11-24 21:45:00,10,51.047,-114.082,G11_08,staged
2025-11-24 21:50:00,1,51.083,-114.054,G13_09,staged
2025-11-24 21:50:00,2,50.993,-114.054,G08_09,staged
2025-11-24 21:50:00,3,51.155,-114.11,G17_07,staged
2025-11-24 21:50:00,4,51.065,-113.97,G12_12,staged
2025-11-24 21:50:00,5,51.065,-114.166,G12_05,staged
2025-11-24 21:50:00,6,50.939,-114.054,G05_09,staged
2025-11-24 21:50:00,7,51.155,-113.97,G17_12,staged
2025-11-24 21:50:00,8,50.921,-113.97,G04_12,staged
2025-11-24 21:50:00,9,51.047,-114.166,G11_05,staged
2025-11-24 21:50:00,10,51.047,-114.082,G11_08,staged
2025-11-24 21:55:00,1,51.083,-114.054,G13_09,staged
2025-11-24 21:55:00,2,50.993,-114.054,G08_09,staged
2025-11-24 21:55:00,3,51.155,-114.11,G17_07,staged
2025-11-24 21:55:00,4,51.065,-113.97,G12_12,staged
2025-11-24 21:55:00,5,51.065,-114.166,G12_05,staged
2025-11-24 21:55:00,6,50.939,-114.054,G05_09,staged
2025-11-24 21:55:00,7,51.155,-113.97,G17_12,staged
2025-11-24 21:55:00,8,50.921,-113.97,G04_12,staged
2025-11-24 21:55:00,9,51.047,-114.166,G11_05,staged
2025-11-24 21:55:00,10,51.047,-114.082,G11_08,staged
2025-11-24 22:00:00,1,51.083,-114.054,G13_09,staged
2025-11-24 22:00:00,2,50.993,-114.054,G08_09,staged
2025-11-24 22:00:00,3,51.155,-114.11,G17_07,staged
2025-11-24 22:00:00,4,51.065,-113.97,G12_12,staged
2025-11-24 22:00:00,5,51.065,-114.166,G12_05,staged
2025-11-24 22:00:00,6,50.939,-114.054,G05_09,staged
2025-11-24 22:00:00,7,51.155,-113.97,G17_12,staged
2025-11-24 22:00:00,8,50.921,-113.97,G04_12,staged
2025-11-24 22:00:00,9,51.047,-114.166,G11_05,staged
2025-11-24 22:00:00,10,51.047,-114.082,G11_08,staged
2025-11-24 22:05:00,1,51.083,-114.054,G13_09,staged
2025-11-24 22:05:00,2,50.993,-114.054,G08_09,staged
2025-11-24 22:05:00,3,51.155,-114.11,G17_07,staged
2025-11-24 22:05:00,4,51.065,-113.97,G12_12,staged
2025-11-24 22:05:00,5,51.065,-114.166,G12_05,staged
2025-11-24 22:05:00,6,50.939,-114.054,G05_09,staged
2025-11-24 22:05:00,7,51.155,-113.97,G17_12,staged
2025-11-24 22:05:00,8,50.921,-113.97,G04_12,staged
2025-11-24 22:05:00,9,51.047,-114.166,G11_05,staged
2025-11-24 22:05:00,10,51.047,-114.082,G11_08,staged
2025-11-24 22:10:00,1,51.083,-114.054,G13_09,staged
2025-11-24 22:10:00,2,50.993,-114.054,G08_09,staged
2025-11-24 22:10:00,3,51.155,-114.11,G17_07,staged
2025-11-24 22:10:00,4,51.065,-113.97,G12_12,staged
2025-11-24 22:10:00,5,51.065,-114.166,G12_05,staged
2025-11-24 22:10:00,6,50.939,-114.054,G05_09,staged
2025-11-24 22:10:00,7,51.155,-113.97,G17_12,staged
2025-11-24 22:10:00,8,50.921,-113.97,G04_12,staged
2025-11-24 22:10:00,9,51.047,-114.166,G11_05,staged
2025-11-24 22:10:00,10,51.047,-114.082,G11_08,staged
2025-11-24 22:15:00,1,51.083,-114.054,G13_09,staged
2025-11-24 22:15:00,2,50.993,-114.054,G08_09,staged
2025-11-24 22:15:00,3,51.155,-114.11,G17_07,staged
2025-11-24 22:15:00,4,51.065,-113.97,G12_12,staged
2025-11-24 22:15:00,5,51.065,-114.166,G12_05,staged
2025-11-24 22:15:00,6,50.939,-114.054,G05_09,staged
2025-11-24 22:15:00,7,51.155,-113.97,G17_12,staged
2025-11-24 22:15:00,8,50.921,-113.97,G04_12,staged
2025-11-24 22:15:00,9,51.047,-114.166,G11_05,staged
2025-11-24 22:15:00,10,51.047,-114.082,G11_08,staged
2025-11-24 22:20:00,1,51.083,-114.054,G13_09,staged
2025-11-24 22:20:00,2,50.993,-114.054,G08_09,staged
2025-11-24 22:20:00,3,51.155,-114.11,G17_07,staged
2025-11-24 22:20:00,4,51.065,-113.97,G12_12,staged
2025-11-24 22:20:00,5,51.065,-114.166,G12_05,staged
2025-11-24 22:20:00,6,50.939,-114.054,G05_09,staged
2025-11-24 22:20:00,7,51.155,-113.97,G17_12,staged
2025-11-24 22:20:00,8,50.921,-113.97,G04_12,staged
2025-11-24 22:20:00,9,51.047,-114.166,G11_05,staged
2025-11-24 22:20:00,10,51.047,-114.082,G11_08,staged
2025-11-24 22:25:00,1,51.083,-114.054,G13_09,staged
2025-11-24 22:25:00,2,50.993,-114.054,G08_09,staged
2025-11-24 22:25:00,3,51.155,-114.11,G17_07,staged
2025-11-24 22:25:00,4,51.065,-113.97,G12_12,staged
2025-11-24 22:25:00,5,51.065,-114.166,G12_05,staged
2025-11-24 22:25:00,6,50.939,-114.054,G05_09,staged
2025-11-24 22:25:00,7,51.155,-113.97,G17_12,staged
2025-11-24 22:25:00,8,50.921,-113.97,G04_12,staged
2025-11-24 22:25:00,9,51.047,-114.166,G11_05,staged
2025-11-24 22:25:00,10,51.047,-114.082,G11_08,staged
2025-11-24 22:30:00,1,51.083,-114.054,G13_09,staged
2025-11-24 22:30:00,2,50.993,-114.054,G08_09,staged
2025-11-24 22:30:00,3,51.155,-114.11,G17_07,staged
2025-11-24 22:30:00,4,51.065,-113.97,G12_12,staged
2025-11-24 22:30:00,5,51.065,-114.166,G12_05,staged
2025-11-24 22:30:00,6,50.939,-114.054,G05_09,staged
2025-11-24 22:30:00,7,51.155,-113.97,G17_12,staged
2025-11-24 22:30:00,8,50.921,-113.97,G04_12,staged
2025-11-24 22:30:00,9,51.047,-114.166,G11_05,staged
2025-11-24 22:30:00,10,51.047,-114.082,G11_08,staged
2025-11-24 22:35:00,1,51.083,-114.054,G13_09,staged
2025-11-24 22:35:00,2,50.993,-114.054,G08_09,staged
2025-11-24 22:35:00,3,51.155,-114.11,G17_07,staged
2025-11-24 22:35:00,4,51.065,-113.97,G12_12,staged
2025-11-24 22:35:00,5,51.065,-114.166,G12_05,staged
2025-11-24 22:35:00,6,50.939,-114.054,G05_09,staged
2025-11-24 22:35:00,7,51.155,-113.97,G17_12,staged
2025-11-24 22:35:00,8,50.921,-113.97,G04_12,staged
2025-11-24 22:35:00,9,51.047,-114.166,G11_05,staged
2025-11-24 22:35:00,10,51.047,-114.082,G11_08,staged
2025-11-24 22:40:00,1,51.083,-114.054,G13_09,staged
2025-11-24 22:40:00,2,50.993,-114.054,G08_09,staged
2025-11-24 22:40:00,3,51.155,-114.11,G17_07,staged
2025-11-24 22:40:00,4,51.065,-113.97,G12_12,staged
2025-11-24 22:40:00,5,51.065,-114.166,G12_05,staged
2025-11-24 22:40:00,6,50.939,-114.054,G05_09,staged
2025-11-24 22:40:00,7,51.155,-113.97,G17_12,staged
2025-11-24 22:40:00,8,50.921,-113.97,G04_12,staged
2025-11-24 22:40:00,9,51.047,-114.166,G11_05,staged
2025-11-24 22:40:00,10,51.047,-114.082,G11_08,staged
2025-11-24 22:45:00,1,51.083,-114.054,G13_09,staged
2025-11-24 22:45:00,2,50.993,-114.054,G08_09,staged
2025-11-24 22:45:00,3,51.155,-114.11,G17_07,staged
2025-11-24 22:45:00,4,51.065,-113.97,G12_12,staged
2025-11-24 22:45:00,5,51.065,-114.166,G12_05,staged
2025-11-24 22:45:00,6,50.939,-114.054,G05_09,staged
2025-11-24 22:45:00,7,51.155,-113.97,G17_12,staged
2025-11-24 22:45:00,8,50.921,-113.97,G04_12,staged
2025-11-24 22:45:00,9,51.047,-114.166,G11_05,staged
2025-11-24 22:45:00,10,51.047,-114.082,G11_08,staged
2025-11-24 22:50:00,1,51.083,-114.054,G13_09,staged
2025-11-24 22:50:00,2,50.993,-114.054,G08_09,staged
2025-11-24 22:50:00,3,51.155,-114.11,G17_07,staged
2025-11-24 22:50:00,4,51.065,-113.97,G12_12,staged
2025-11-24 22:50:00,5,51.065,-114.166,G12_05,staged
2025-11-24 22:50:00,6,50.939,-114.054,G05_09,staged
2025-11-24 22:50:00,7,51.155,-113.97,G17_12,staged
2025-11-24 22:50:00,8,50.921,-113.97,G04_12,staged
2025-11-24 22:50:00,9,51.047,-114.166,G11_05,staged
2025-11-24 22:50:00,10,51.047,-114.082,G11_08,staged
2025-11-24 22:55:00,1,51.083,-114.054,G13_09,staged
2025-11-24 22:55:00,2,50.993,-114.054,G08_09,staged
2025-11-24 22:55:00,3,51.155,-114.11,G17_07,staged
2025-11-24 22:55:00,4,51.065,-113.97,G12_12,staged
2025-11-24 22:55:00,5,51.065,-114.166,G12_05,staged
2025-11-24 22:55:00,6,50.939,-114.054,G05_09,staged
2025-11-24 22:55:00,7,51.155,-113.97,G17_12,staged
2025-11-24 22:55:00,8,50.921,-113.97,G04_12,staged
2025-11-24 22:55:00,9,51.047,-114.166,G11_05,responding
2025-11-24 22:55:00,10,51.047,-114.082,G11_08,staged
2025-11-24 23:00:00,1,51.083,-114.054,G13_09,staged
2025-11-24 23:00:00,2,50.993,-114.054,G08_09,staged
2025-11-24 23:00:00,3,51.155,-114.11,G17_07,staged
2025-11-24 23:00:00,4,51.065,-113.97,G12_12,staged
2025-11-24 23:00:00,5,51.065,-114.166,G12_05,staged
2025-11-24 23:00:00,6,50.939,-114.054,G05_09,staged
2025-11-24 23:00:00,7,51.155,-113.97,G17_12,staged
2025-11-24 23:00:00,8,50.921,-113.97,G04_12,staged
2025-11-24 23:00:00,9,51.02405,-114.16238,G10_05,responding
2025-11-24 23:00:00,10,51.047,-114.082,G11_08,staged
2025-11-24 23:05:00,1,51.083,-114.054,G13_09,staged
2025-11-24 23:05:00,2,50.993,-114.054,G08_09,staged
2025-11-24 23:05:00,3,51.155,-114.11,G17_07,staged
2025-11-24 23:05:00,4,51.065,-113.97,G12_12,staged
2025-11-24 23:05:00,5,51.065,-114.166,G12_05,staged
2025-11-24 23:05:00,6,50.939,-114.054,G05_09,staged
2025-11-24 23:05:00,7,51.15673,-113.98445,G17_11,responding
2025-11-24 23:05:00,8,50.921,-113.97,G04_12,staged
2025-11-24 23:05:00,9,51.00737,-114.15975,G09_05,on_scene
2025-11-24 23:05:00,10,51.047,-114.082,G11_08,staged
2025-11-24 23:10:00,1,51.083,-114.054,G13_09,staged
2025-11-24 23:10:00,2,50.993,-114.054,G08_09,staged
2025-11-24 23:10:00,3,51.155,-114.11,G17_07,staged
2025-11-24 23:10:00,4,51.065,-113.97,G12_12,staged
2025-11-24 23:10:00,5,51.065,-114.166,G12_05,staged
2025-11-24 23:10:00,6,50.939,-114.054,G05_09,staged
2025-11-24 23:10:00,7,51.16104,-114.02056,G17_10,responding
2025-11-24 23:10:00,8,50.921,-113.97,G04_12,staged
2025-11-24 23:10:00,9,51.00737,-114.15975,G09_05,on_scene
2025-11-24 23:10:00,10,51.047,-114.082,G11_08,staged
2025-11-24 23:15:00,1,51.083,-114.054,G13_09,staged
2025-11-24 23:15:00,2,50.993,-114.054,G08_09,staged
2025-11-24 23:15:00,3,51.155,-114.11,G17_07,staged
2025-11-24 23:15:00,4,51.065,-113.97,G12_12,staged
2025-11-24 23:15:00,5,51.065,-114.166,G12_05,staged
2025-11-24 23:15:00,6,50.939,-114.054,G05_09,staged
2025-11-24 23:15:00,7,51.16158,-114.02504,G17_10,on_scene
2025-11-24 23:15:00,8,50.921,-113.97,G04_12,staged
2025-11-24 23:15:00,9,51.00737,-114.15975,G09_05,on_scene
2025-11-24 23:15:00,10,51.047,-114.082,G11_08,staged
2025-11-24 23:20:00,1,51.083,-114.054,G13_09,staged
2025-11-24 23:20:00,2,50.993,-114.054,G08_09,staged
2025-11-24 23:20:00,3,51.155,-114.11,G17_07,staged
2025-11-24 23:20:00,4,51.065,-113.97,G12_12,staged
2025-11-24 23:20:00,5,51.065,-114.166,G12_05,staged
2025-11-24 23:20:00,6,50.939,-114.054,G05_09,staged
2025-11-24 23:20:00,7,51.16158,-114.02504,G17_10,on_scene
2025-11-24 23:20:00,8,50.921,-113.97,G04_12,staged
2025-11-24 23:20:00,9,51.00737,-114.15975,G09_05,on_scene
2025-11-24 23:20:00,10,51.047,-114.082,G11_08,staged
2025-11-24 23:25:00,1,51.083,-114.054,G13_09,staged
2025-11-24 23:25:00,2,50.993,-114.054,G08_09,staged
2025-11-24 23:25:00,3,51.155,-114.11,G17_07,staged
2025-11-24 23:25:00,4,51.065,-113.97,G12_12,staged
2025-11-24 23:25:00,5,51.065,-114.166,G12_05,staged
2025-11-24 23:25:00,6,50.939,-114.054,G05_09,staged
2025-11-24 23:25:00,7,51.16158,-114.02504,G17_10,on_scene
2025-11-24 23:25:00,8,50.921,-113.97,G04_12,staged
2025-11-24 23:25:00,9,51.00737,-114.15975,G09_05,on_scene
2025-11-24 23:25:00,10,51.047,-114.082,G11_08,staged
2025-11-24 23:30:00,1,51.083,-114.054,G13_09,staged
2025-11-24 23:30:00,2,50.993,-114.054,G08_09,staged
2025-11-24 23:30:00,3,51.155,-114.11,G17_07,staged
2025-11-24 23:30:00,4,51.065,-113.97,G12_12,staged
2025-11-24 23:30:00,5,51.065,-114.166,G12_05,staged
2025-11-24 23:30:00,6,50.939,-114.054,G05_09,staged
2025-11-24 23:30:00,7,51.16158,-114.02504,G17_10,on_scene
2025-11-24 23:30:00,8,50.921,-113.97,G04_12,staged
2025-11-24 23:30:00,9,51.00737,-114.15975,G09_05,on_scene
2025-11-24 23:30:00,10,51.047,-114.082,G11_08,staged
2025-11-24 23:35:00,1,51.083,-114.054,G13_09,staged
2025-11-24 23:35:00,2,50.993,-114.054,G08_09,staged
2025-11-24 23:35:00,3,51.155,-114.11,G17_07,staged
2025-11-24 23:35:00,4,51.065,-113.97,G12_12,staged
2025-11-24 23:35:00,5,51.065,-114.166,G12_05,staged
2025-11-24 23:35:00,6,50.939,-114.054,G05_09,staged
2025-11-24 23:35:00,7,51.16158,-114.02504,G17_10,on_scene
2025-11-24 23:35:00,8,50.921,-113.97,G04_12,staged
2025-11-24 23:35:00,9,51.01364,-114.16074,G09_05,returning
2025-11-24 23:35:00,10,51.047,-114.082,G11_08,staged
2025-11-24 23:40:00,1,51.083,-114.054,G13_09,staged
2025-11-24 23:40:00,2,50.993,-114.054,G08_09,staged
2025-11-24 23:40:00,3,51.155,-114.11,G17_07,staged
2025-11-24 23:40:00,4,51.065,-113.97,G12_12,staged
2025-11-24 23:40:00,5,51.065,-114.166,G12_05,staged
2025-11-24 23:40:00,6,50.939,-114.054,G05_09,staged
2025-11-24 23:40:00,7,51.16158,-114.02504,G17_10,on_scene
2025-11-24 23:40:00,8,50.921,-113.97,G04_12,staged
2025-11-24 23:40:00,9,51.03659,-114.16436,G10_05,returning
2025-11-24 23:40:00,10,51.047,-114.082,G11_08,staged
2025-11-24 23:45:00,1,51.083,-114.054,G13_09,staged
2025-11-24 23:45:00,2,50.993,-114.054,G08_09,staged
2025-11-24 23:45:00,3,51.155,-114.11,G17_07,staged
2025-11-24 23:45:00,4,51.065,-113.97,G12_12,staged
2025-11-24 23:45:00,5,51.065,-114.166,G12_05,staged
2025-11-24 23:45:00,6,50.939,-114.054,G05_09,staged
2025-11-24 23:45:00,7,51.1578,-113.9934,G17_11,returning
2025-11-24 23:45:00,8,50.921,-113.97,G04_12,staged
2025-11-24 23:45:00,9,51.047,-114.166,G11_05,staged
2025-11-24 23:45:00,10,51.047,-114.082,G11_08,staged
2025-11-24 23:50:00,1,51.083,-114.054,G13_09,staged
2025-11-24 23:50:00,2,50.993,-114.054,G08_09,staged
2025-11-24 23:50:00,3,51.155,-114.11,G17_07,staged
2025-11-24 23:50:00,4,51.065,-113.97,G12_12,staged
2025-11-24 23:50:00,5,51.065,-114.166,G12_05,staged
2025-11-24 23:50:00,6,50.939,-114.054,G05_09,staged
2025-11-24 23:50:00,7,51.155,-113.97,G17_12,staged
2025-11-24 23:50:00,8,50.921,-113.97,G04_12,staged
2025-11-24 23:50:00,9,51.047,-114.166,G11_05,staged
2025-11-24 23:50:00,10,51.047,-114.082,G11_08,staged
2025-11-24 23:55:00,1,51.083,-114.054,G13_09,staged
2025-11-24 23:55:00,2,50.993,-114.054,G08_09,staged
2025-11-24 23:55:00,3,51.155,-114.11,G17_07,staged
2025-11-24 23:55:00,4,51.065,-113.97,G12_12,staged
2025-11-24 23:55:00,5,51.065,-114.166,G12_05,staged
2025-11-24 23:55:00,6,50.939,-114.054,G05_09,staged
2025-11-24 23:55:00,7,51.155,-113.97,G17_12,staged
2025-11-24 23:55:00,8,50.921,-113.97,G04_12,staged
2025-11-24 23:55:00,9,51.047,-114.166,G11_05,staged
2025-11-24 23:55:00,10,51.047,-114.082,G11_08,staged
