time,unit_id,lat,lon,zone_id,status
2025-02-14 00:00:00,1,51.047,-114.054,G11_09,staged
2025-02-14 00:00:00,2,50.939,-114.082,G05_08,staged
2025-02-14 00:00:00,3,51.119,-114.054,G15_09,staged
2025-02-14 00:00:00,4,51.065,-113.97,G12_12,staged
2025-02-14 00:00:00,5,51.137,-114.194,G16_04,staged
2025-02-14 00:00:00,6,50.903,-113.97,G03_12,staged
2025-02-14 00:00:00,7,50.993,-114.082,G08_08,staged
2025-02-14 00:00:00,8,51.137,-113.97,G16_12,staged
2025-02-14 00:00:00,9,51.011,-113.998,G09_11,staged
2025-02-14 00:00:00,10,51.047,-114.138,G11_06,staged
2025-02-14 00:05:00,1,51.047,-114.054,G11_09,staged
2025-02-14 00:05:00,2,50.939,-114.082,G05_08,staged
2025-02-14 00:05:00,3,51.119,-114.054,G15_09,staged
2025-02-14 00:05:00,4,51.065,-113.97,G12_12,staged
2025-02-14 00:05:00,5,51.137,-114.194,G16_04,staged
2025-02-14 00:05:00,6,50.903,-113.97,G03_12,staged
2025-02-14 00:05:00,7,50.993,-114.082,G08_08,staged
2025-02-14 00:05:00,8,51.137,-113.97,G16_12,staged
2025-02-14 00:05:00,9,51.011,-113.998,G09_11,staged
2025-02-14 00:05:00,10,51.047,-114.138,G11_06,staged
2025-02-14 00:10:00,1,51.047,-114.054,G11_09,staged
2025-02-14 00:10:00,2,50.939,-114.082,G05_08,staged
2025-02-14 00:10:00,3,51.119,-114.054,G15_09,staged
2025-02-14 00:10:00,4,51.065,-113.97,G12_12,staged
2025-02-14 00:10:00,5,51.137,-114.194,G16_04,staged
2025-02-14 00:10:00,6,50.903,-113.97,G03_12,staged
2025-02-14 00:10:00,7,50.993,-114.082,G08_08,staged
2025-02-14 00:10:00,8,51.137,-113.97,G16_12,staged
2025-02-14 00:10:00,9,51.011,-113.998,G09_11,staged
2025-02-14 00:10:00,10,51.047,-114.138,G11_06,staged
2025-02-14 00:15:00,1,51.047,-114.054,G11_09,staged
2025-02-14 00:15:00,2,50.939,-114.082,G05_08,staged
2025-02-14 00:15:00,3,51.119,-114.054,G15_09,staged
2025-02-14 00:15:00,4,51.065,-113.97,G12_12,staged
2025-02-14 00:15:00,5,51.137,-114.194,G16_04,staged
2025-02-14 00:15:00,6,50.903,-113.97,G03_12,staged
2025-02-14 00:15:00,7,50.993,-114.082,G08_08,staged
2025-02-14 00:15:00,8,51.137,-113.97,G16_12,staged
2025-02-14 00:15:00,9,51.011,-113.998,G09_11,staged
2025-02-14 00:15:00,10,51.047,-114.138,G11_06,staged
2025-02-14 00:20:00,1,51.047,-114.054,G11_09,staged
2025-02-14 00:20:00,2,50.939,-114.082,G05_08,staged
2025-02-14 00:20:00,3,51.119,-114.054,G15_09,staged
2025-02-14 00:20:00,4,51.065,-113.97,G12_12,staged
2025-02-14 00:20:00,5,51.137,-114.194,G16_04,staged
2025-02-14 00:20:00,6,50.903,-113.97,G03_12,staged
2025-02-14 00:20:00,7,50.993,-114.082,G08_08,staged
2025-02-14 00:20:00,8,51.137,-113.97,G16_12,staged
2025-02-14 00:20:00,9,51.011,-113.998,G09_11,staged
2025-02-14 00:20:00,10,51.047,-114.138,G11_06,staged
2025-02-14 00:25:00,1,51.047,-114.054,G11_09,staged
2025-02-14 00:25:00,2,50.939,-114.082,G05_08,staged
2025-02-14 00:25:00,3,51.119,-114.054,G15_09,staged
2025-02-14 00:25:00,4,51.065,-113.97,G12_12,staged
2025-02-14 00:25:00,5,51.137,-114.194,G16_04,staged
2025-02-14 00:25:00,6,50.903,-113.97,G03_12,staged
2025-02-14 00:25:00,7,50.993,-114.082,G08_08,staged
2025-02-14 00:25:00,8,51.137,-113.97,G16_12,staged
2025-02-14 00:25:00,9,51.011,-113.998,G09_11,staged
2025-02-14 00:25:00,10,51.047,-114.138,G11_06,staged
2025-02-14 00:30:00,1,51.047,-114.054,G11_09,staged
2025-02-14 00:30:00,2,50.939,-114.082,G05_08,staged
2025-02-14 00:30:00,3,51.119,-114.054,G15_09,staged
2025-02-14 00:30:00,4,51.065,-113.97,G12_12,staged
2025-02-14 00:30:00,5,51.137,-114.194,G16_04,staged
2025-02-14 00:30:00,6,50.903,-113.97,G03_12,staged
2025-02-14 00:30:00,7,50.993,-114.082,G08_08,staged
2025-02-14 00:30:00,8,51.137,-113.97,G16_12,staged
2025-02-14 00:30:00,9,51.011,-113.998,G09_11,staged
2025-02-14 00:30:00,10,51.047,-114.138,G11_06,staged
2025-02-14 00:35:00,1,51.047,-114.054,G11_09,staged
2025-02-14 00:35:00,2,50.939,-114.082,G05_08,staged
2025-02-14 00:35:00,3,51.119,-114.054,G15_09,staged
2025-02-14 00:35:00,4,51.065,-113.97,G12_12,staged
2025-02-14 00:35:00,5,51.137,-114.194,G16_04,staged
2025-02-14 00:35:00,6,50.903,-113.97,G03_12,staged
2025-02-14 00:35:00,7,50.993,-114.082,G08_08,staged
2025-02-14 00:35:00,8,51.137,-113.97,G16_12,staged
2025-02-14 00:35:00,9,51.011,-113.998,G09_11,staged
2025-02-14 00:35:00,10,51.047,-114.138,G11_06,staged
2025-02-14 00:40:00,1,51.047,-114.054,G11_09,staged
2025-02-14 00:40:00,2,50.939,-114.082,G05_08,staged
2025-02-14 00:40:00,3,51.119,-114.054,G15_09,staged
2025-02-14 00:40:00,4,51.065,-113.97,G12_12,staged
2025-02-14 00:40:00,5,51.137,-114.194,G16_04,staged
2025-02-14 00:40:00,6,50.903,-113.97,G03_12,staged
2025-02-14 00:40:00,7,50.993,-114.082,G08_08,staged
2025-02-14 00:40:00,8,51.137,-113.97,G16_12,staged
2025-02-14 00:40:00,9,51.011,-113.998,G09_11,staged
2025-02-14 00:40:00,10,51.047,-114.138,G11_06,staged
2025-02-14 00:45:00,1,51.047,-114.054,G11_09,staged
2025-02-14 00:45:00,2,50.939,-114.082,G05_08,staged
2025-02-14 00:45:00,3,51.119,-114.054,G15_09,staged
2025-02-14 00:45:00,4,51.065,-113.97,G12_12,staged
2025-02-14 00:45:00,5,51.137,-114.194,G16_04,staged
2025-02-14 00:45:00,6,50.903,-113.97,G03_12,staged
2025-02-14 00:45:00,7,50.993,-114.082,G08_08,staged
2025-02-14 00:45:00,8,51.137,-113.97,G16_12,staged
2025-02-14 00:45:00,9,51.011,-113.998,G09_11,staged
2025-02-14 00:45:00,10,51.047,-114.138,G11_06,staged
2025-02-14 00:50:00,1,51.047,-114.054,G11_09,staged
2025-02-14 00:50:00,2,50.939,-114.082,G05_08,staged
2025-02-14 00:50:00,3,51.119,-114.054,G15_09,staged
2025-02-14 00:50:00,4,51.065,-113.97,G12_12,staged
2025-02-14 00:50:00,5,51.137,-114.194,G16_04,staged
2025-02-14 00:50:00,6,50.903,-113.97,G03_12,staged
2025-02-14 00:50:00,7,50.993,-114.082,G08_08,staged
2025-02-14 00:50:00,8,51.137,-113.97,G16_12,staged
2025-02-14 00:50:00,9,51.011,-113.998,G09_11,staged
2025-02-14 00:50:00,10,51.047,-114.138,G11_06,staged
2025-02-14 00:55:00,1,51.047,-114.054,G11_09,staged
2025-02-14 00:55:00,2,50.939,-114.082,G05_08,staged
2025-02-14 00:55:00,3,51.119,-114.054,G15_09,staged
2025-02-14 00:55:00,4,51.065,-113.97,G12_12,staged
2025-02-14 00:55:00,5,51.137,-114.194,G16_04,staged
2025-02-14 00:55:00,6,50.903,-113.97,G03_12,staged
2025-02-14 00:55:00,7,50.993,-114.082,G08_08,staged
2025-02-14 00:55:00,8,51.137,-113.97,G16_12,staged
2025-02-14 00:55:00,9,51.011,-113.998,G09_11,staged
2025-02-14 00:55:00,10,51.047,-114.138,G11_06,staged
2025-02-14 01:00:00,1,51.047,-114.054,G11_09,staged
2025-02-14 01:00:00,2,50.939,-114.082,G05_08,staged
2025-02-14 01:00:00,3,51.119,-114.054,G15_09,staged
2025-02-14 01:00:00,4,51.065,-113.97,G12_12,staged
2025-02-14 01:00:00,5,51.137,-114.194,G16_04,staged
2025-02-14 01:00:00,6,50.903,-113.97,G03_12,staged
2025-02-14 01:00:00,7,50.993,-114.082,G08_08,staged
2025-02-14 01:00:00,8,51.137,-113.97,G16_12,staged
2025-02-14 01:00:00,9,51.011,-113.998,G09_11,staged
2025-02-14 01:00:00,10,51.047,-114.138,G11_06,staged
2025-02-14 01:05:00,1,51.047,-114.054,G11_09,staged
2025-02-14 01:05:00,2,50.939,-114.082,G05_08,staged
2025-02-14 01:05:00,3,51.119,-114.054,G15_09,staged
2025-02-14 01:05:00,4,51.065,-113.97,G12_12,staged
2025-02-14 01:05:00,5,51.137,-114.194,G16_04,staged
2025-02-14 01:05:00,6,50.903,-113.97,G03_12,staged
2025-02-14 01:05:00,7,50.993,-114.082,G08_08,staged
2025-02-14 01:05:00,8,51.137,-113.97,G16_12,staged
2025-02-14 01:05:00,9,51.011,-113.998,G09_11,staged
2025-02-14 01:05:00,10,51.047,-114.138,G11_06,staged
2025-02-14 01:10:00,1,51.047,-114.054,G11_09,staged
2025-02-14 01:10:00,2,50.939,-114.082,G05_08,staged
2025-02-14 01:10:00,3,51.119,-114.054,G15_09,staged
2025-02-14 01:10:00,4,51.065,-113.97,G12_12,staged
2025-02-14 01:10:00,5,51.137,-114.194,G16_04,staged
2025-02-14 01:10:00,6,50.903,-113.97,G03_12,staged
2025-02-14 01:10:00,7,50.993,-114.082,G08_08,staged
2025-02-14 01:10:00,8,51.137,-113.97,G16_12,staged
2025-02-14 01:10:00,9,51.011,-113.998,G09_11,staged
2025-02-14 01:10:00,10,51.047,-114.138,G11_06,staged
2025-02-14 01:15:00,1,51.047,-114.054,G11_09,staged
2025-02-14 01:15:00,2,50.939,-114.082,G05_08,staged
2025-02-14 01:15:00,3,51.119,-114.054,G15_09,staged
2025-02-14 01:15:00,4,51.065,-113.97,G12_12,staged
2025-02-14 01:15:00,5,51.137,-114.194,G16_04,staged
2025-02-14 01:15:00,6,50.903,-113.97,G03_12,staged
2025-02-14 01:15:00,7,50.993,-114.082,G08_08,staged
2025-02-14 01:15:00,8,51.137,-113.97,G16_12,staged
2025-02-14 01:15:00,9,51.011,-113.998,G09_11,staged
2025-02-14 01:15:00,10,51.047,-114.138,G11_06,staged
2025-02-14 01:20:00,1,51.047,-114.054,G11_09,staged
2025-02-14 01:20:00,2,50.939,-114.082,G05_08,staged
2025-02-14 01:20:00,3,51.119,-114.054,G15_09,staged
2025-02-14 01:20:00,4,51.065,-113.97,G12_12,staged
2025-02-14 01:20:00,5,51.137,-114.194,G16_04,staged
2025-02-14 01:20:00,6,50.903,-113.97,G03_12,staged
2025-02-14 01:20:00,7,50.993,-114.082,G08_08,staged
2025-02-14 01:20:00,8,51.137,-113.97,G16_12,staged
2025-02-14 01:20:00,9,51.011,-113.998,G09_11,staged
2025-02-14 01:20:00,10,51.047,-114.138,G11_06,staged
2025-02-14 01:25:00,1,51.047,-114.054,G11_09,staged
2025-02-14 01:25:00,2,50.939,-114.082,G05_08,staged
2025-02-14 01:25:00,3,51.119,-114.054,G15_09,staged
2025-02-14 01:25:00,4,51.065,-113.97,G12_12,staged
2025-02-14 01:25:00,5,51.137,-114.194,G16_04,staged
2025-02-14 01:25:00,6,50.903,-113.97,G03_12,staged
2025-02-14 01:25:00,7,50.993,-114.082,G08_08,staged
2025-02-14 01:25:00,8,51.137,-113.97,G16_12,staged
2025-02-14 01:25:00,9,51.011,-113.998,G09_11,staged
2025-02-14 01:25:00,10,51.047,-114.138,G11_06,staged
2025-02-14 01:30:00,1,51.047,-114.054,G11_09,staged
2025-02-14 01:30:00,2,50.939,-114.082,G05_08,staged
2025-02-14 01:30:00,3,51.119,-114.054,G15_09,staged
2025-02-14 01:30:00,4,51.065,-113.97,G12_12,staged
2025-02-14 01:30:00,5,51.137,-114.194,G16_04,staged
2025-02-14 01:30:00,6,50.903,-113.97,G03_12,staged
2025-02-14 01:30:00,7,50.993,-114.082,G08_08,staged
2025-02-14 01:30:00,8,51.137,-113.97,G16_12,staged
2025-02-14 01:30:00,9,51.011,-113.998,G09_11,staged
2025-02-14 01:30:00,10,51.047,-114.138,G11_06,staged
2025-02-14 01:35:00,1,51.047,-114.054,G11_09,staged
2025-02-14 01:35:00,2,50.939,-114.082,G05_08,staged
2025-02-14 01:35:00,3,51.119,-114.054,G15_09,staged
2025-02-14 01:35:00,4,51.065,-113.97,G12_12,staged
2025-02-14 01:35:00,5,51.137,-114.194,G16_04,staged
2025-02-14 01:35:00,6,50.903,-113.97,G03_12,staged
2025-02-14 01:35:00,7,50.993,-114.082,G08_08,staged
2025-02-14 01:35:00,8,51.137,-113.97,G16_12,staged
2025-02-14 01:35:00,9,51.011,-113.998,G09_11,staged
2025-02-14 01:35:00,10,51.047,-114.138,G11_06,staged
2025-02-14 01:40:00,1,51.047,-114.054,G11_09,staged
2025-02-14 01:40:00,2,50.939,-114.082,G05_08,staged
2025-02-14 01:40:00,3,51.119,-114.054,G15_09,staged
2025-02-14 01:40:00,4,51.065,-113.97,G12_12,staged
2025-02-14 01:40:00,5,51.137,-114.194,G16_04,staged
2025-02-14 01:40:00,6,50.903,-113.97,G03_12,staged
2025-02-14 01:40:00,7,50.993,-114.082,G08_08,staged
2025-02-14 01:40:00,8,51.137,-113.97,G16_12,staged
2025-02-14 01:40:00,9,51.011,-113.998,G09_11,staged
2025-02-14 01:40:00,10,51.047,-114.138,G11_06,staged
2025-02-14 01:45:00,1,51.047,-114.054,G11_09,staged
2025-02-14 01:45:00,2,50.939,-114.082,G05_08,staged
2025-02-14 01:45:00,3,51.119,-114.054,G15_09,staged
2025-02-14 01:45:00,4,51.065,-113.97,G12_12,staged
2025-02-14 01:45:00,5,51.137,-114.194,G16_04,staged
2025-02-14 01:45:00,6,50.903,-113.97,G03_12,staged
2025-02-14 01:45:00,7,50.993,-114.082,G08_08,staged
2025-02-14 01:45:00,8,51.137,-113.97,G16_12,staged
2025-02-14 01:45:00,9,51.011,-113.998,G09_11,staged
2025-02-14 01:45:00,10,51.047,-114.138,G11_06,staged
2025-02-14 01:50:00,1,51.047,-114.054,G11_09,staged
2025-02-14 01:50:00,2,50.939,-114.082,G05_08,staged
2025-02-14 01:50:00,3,51.119,-114.054,G15_09,staged
2025-02-14 01:50:00,4,51.065,-113.97,G12_12,staged
2025-02-14 01:50:00,5,51.137,-114.194,G16_04,staged
2025-02-14 01:50:00,6,50.903,-113.97,G03_12,staged
2025-02-14 01:50:00,7,50.993,-114.082,G08_08,staged
2025-02-14 01:50:00,8,51.137,-113.97,G16_12,staged
2025-02-14 01:50:00,9,51.011,-113.998,G09_11,staged
2025-02-14 01:50:00,10,51.047,-114.138,G11_06,staged
2025-02-14 01:55:00,1,51.047,-114.054,G11_09,staged
2025-02-14 01:55:00,2,50.939,-114.082,G05_08,staged
2025-02-14 01:55:00,3,51.119,-114.054,G15_09,staged
2025-02-14 01:55:00,4,51.065,-113.97,G12_12,staged
2025-02-14 01:55:00,5,51.137,-114.194,G16_04,staged
2025-02-14 01:55:00,6,50.903,-113.97,G03_12,staged
2025-02-14 01:55:00,7,50.993,-114.082,G08_08,staged
2025-02-14 01:55:00,8,51.137,-113.97,G16_12,staged
2025-02-14 01:55:00,9,51.011,-113.998,G09_11,staged
2025-02-14 01:55:00,10,51.047,-114.138,G11_06,staged
2025-02-14 02:00:00,1,51.047,-114.054,G11_09,staged
2025-02-14 02:00:00,2,50.939,-114.082,G05_08,staged
2025-02-14 02:00:00,3,51.119,-114.054,G15_09,staged
2025-02-14 02:00:00,4,51.065,-113.97,G12_12,staged
2025-02-14 02:00:00,5,51.137,-114.194,G16_04,staged
2025-02-14 02:00:00,6,50.903,-113.97,G03_12,staged
2025-02-14 02:00:00,7,50.993,-114.082,G08_08,staged
2025-02-14 02:00:00,8,51.137,-113.97,G16_12,staged
2025-02-14 02:00:00,9,51.011,-113.998,G09_11,staged
2025-02-14 02:00:00,10,51.047,-114.138,G11_06,staged
2025-02-14 02:05:00,1,51.047,-114.054,G11_09,staged
2025-02-14 02:05:00,2,50.939,-114.082,G05_08,staged
2025-02-14 02:05:00,3,51.119,-114.054,G15_09,staged
2025-02-14 02:05:00,4,51.065,-113.97,G12_12,staged
2025-02-14 02:05:00,5,51.137,-114.194,G16_04,staged
2025-02-14 02:05:00,6,50.903,-113.97,G03_12,staged
2025-02-14 02:05:00,7,50.993,-114.082,G08_08,staged
2025-02-14 02:05:00,8,51.137,-113.97,G16_12,staged
2025-02-14 02:05:00,9,51.011,-113.998,G09_11,staged
2025-02-14 02:05:00,10,51.047,-114.138,G11_06,staged
2025-02-14 02:10:00,1,51.047,-114.054,G11_09,staged
2025-02-14 02:10:00,2,50.939,-114.082,G05_08,staged
2025-02-14 02:10:00,3,51.119,-114.054,G15_09,staged
2025-02-14 02:10:00,4,51.065,-113.97,G12_12,staged
2025-02-14 02:10:00,5,51.137,-114.194,G16_04,staged
2025-02-14 02:10:00,6,50.903,-113.97,G03_12,staged
2025-02-14 02:10:00,7,50.993,-114.082,G08_08,staged
2025-02-14 02:10:00,8,51.137,-113.97,G16_12,staged
2025-02-14 02:10:00,9,51.011,-113.998,G09_11,staged
2025-02-14 02:10:00,10,51.047,-114.138,G11_06,staged
2025-02-14 02:15:00,1,51.047,-114.054,G11_09,staged
2025-02-14 02:15:00,2,50.939,-114.082,G05_08,staged
2025-02-14 02:15:00,3,51.119,-114.054,G15_09,staged
2025-02-14 02:15:00,4,51.065,-113.97,G12_12,staged
2025-02-14 02:15:00,5,51.137,-114.194,G16_04,staged
2025-02-14 02:15:00,6,50.903,-113.97,G03_12,staged
2025-02-14 02:15:00,7,50.993,-114.082,G08_08,staged
2025-02-14 02:15:00,8,51.137,-113.97,G16_12,staged
2025-02-14 02:15:00,9,51.011,-113.998,G09_11,staged
2025-02-14 02:15:00,10,51.047,-114.138,G11_06,staged
2025-02-14 02:20:00,1,51.047,-114.054,G11_09,staged
2025-02-14 02:20:00,2,50.939,-114.082,G05_08,staged
2025-02-14 02:20:00,3,51.119,-114.054,G15_09,staged
2025-02-14 02:20:00,4,51.065,-113.97,G12_12,staged
2025-02-14 02:20:00,5,51.137,-114.194,G16_04,staged
2025-02-14 02:20:00,6,50.903,-113.97,G03_12,staged
2025-02-14 02:20:00,7,50.993,-114.082,G08_08,staged
2025-02-14 02:20:00,8,51.137,-113.97,G16_12,staged
2025-02-14 02:20:00,9,51.011,-113.998,G09_11,staged
2025-02-14 02:20:00,10,51.047,-114.138,G11_06,staged
2025-02-14 02:25:00,1,51.047,-114.054,G11_09,staged
2025-02-14 02:25:00,2,50.939,-114.082,G05_08,staged
2025-02-14 02:25:00,3,51.119,-114.054,G15_09,staged
2025-02-14 02:25:00,4,51.065,-113.97,G12_12,staged
2025-02-14 02:25:00,5,51.137,-114.194,G16_04,staged
2025-02-14 02:25:00,6,50.903,-113.97,G03_12,staged
2025-02-14 02:25:00,7,50.993,-114.082,G08_08,staged
2025-02-14 02:25:00,8,51.137,-113.97,G16_12,staged
2025-02-14 02:25:00,9,51.011,-113.998,G09_11,staged
2025-02-14 02:25:00,10,51.047,-114.138,G11_06,staged
2025-02-14 02:30:00,1,51.047,-114.054,G11_09,staged
2025-02-14 02:30:00,2,50.939,-114.082,G05_08,staged
2025-02-14 02:30:00,3,51.119,-114.054,G15_09,staged
2025-02-14 02:30:00,4,51.065,-113.97,G12_12,staged
2025-02-14 02:30:00,5,51.137,-114.194,G16_04,staged
2025-02-14 02:30:00,6,50.903,-113.97,G03_12,staged
2025-02-14 02:30:00,7,50.993,-114.082,G08_08,staged
2025-02-14 02:30:00,8,51.137,-113.97,G16_12,staged
2025-02-14 02:30:00,9,51.011,-113.998,G09_11,staged
2025-02-14 02:30:00,10,51.047,-114.138,G11_06,staged
2025-02-14 02:35:00,1,51.047,-114.054,G11_09,staged
2025-02-14 02:35:00,2,50.939,-114.082,G05_08,staged
2025-02-14 02:35:00,3,51.119,-114.054,G15_09,staged
2025-02-14 02:35:00,4,51.065,-113.97,G12_12,staged
2025-02-14 02:35:00,5,51.137,-114.194,G16_04,staged
2025-02-14 02:35:00,6,50.903,-113.97,G03_12,staged
2025-02-14 02:35:00,7,50.993,-114.082,G08_08,staged
2025-02-14 02:35:00,8,51.137,-113.97,G16_12,staged
2025-02-14 02:35:00,9,51.011,-113.998,G09_11,staged
2025-02-14 02:35:00,10,51.047,-114.138,G11_06,staged
2025-02-14 02:40:00,1,51.047,-114.054,G11_09,staged
2025-02-14 02:40:00,2,50.939,-114.082,G05_08,staged
2025-02-14 02:40:00,3,51.119,-114.054,G15_09,staged
2025-02-14 02:40:00,4,51.065,-113.97,G12_12,staged
2025-02-14 02:40:00,5,51.137,-114.194,G16_04,staged
2025-02-14 02:40:00,6,50.903,-113.97,G03_12,staged
2025-02-14 02:40:00,7,50.993,-114.082,G08_08,staged
2025-02-14 02:40:00,8,51.137,-113.97,G16_12,staged
2025-02-14 02:40:00,9,51.011,-113.998,G09_11,staged
2025-02-14 02:40:00,10,51.047,-114.138,G11_06,staged
2025-02-14 02:45:00,1,51.047,-114.054,G11_09,staged
2025-02-14 02:45:00,2,50.939,-114.082,G05_08,staged
2025-02-14 02:45:00,3,51.119,-114.054,G15_09,staged
2025-02-14 02:45:00,4,51.065,-113.97,G12_12,staged
2025-02-14 02:45:00,5,51.137,-114.194,G16_04,staged
2025-02-14 02:45:00,6,50.903,-113.97,G03_12,staged
2025-02-14 02:45:00,7,50.993,-114.082,G08_08,staged
2025-02-14 02:45:00,8,51.137,-113.97,G16_12,staged
2025-02-14 02:45:00,9,51.011,-113.998,G09_11,staged
2025-02-14 02:45:00,10,51.047,-114.138,G11_06,staged
2025-02-14 02:50:00,1,51.047,-114.054,G11_09,staged
2025-02-14 02:50:00,2,50.939,-114.082,G05_08,staged
2025-02-14 02:50:00,3,51.119,-114.054,G15_09,staged
2025-02-14 02:50:00,4,51.065,-113.97,G12_12,staged
2025-02-14 02:50:00,5,51.137,-114.194,G16_04,staged
2025-02-14 02:50:00,6,50.903,-113.97,G03_12,staged
2025-02-14 02:50:00,7,50.993,-114.082,G08_08,staged
2025-02-14 02:50:00,8,51.137,-113.97,G16_12,staged
2025-02-14 02:50:00,9,51.011,-113.998,G09_11,staged
2025-02-14 02:50:00,10,51.047,-114.138,G11_06,staged
2025-02-14 02:55:00,1,51.047,-114.054,G11_09,staged
2025-02-14 02:55:00,2,50.939,-114.082,G05_08,staged
2025-02-14 02:55:00,3,51.119,-114.054,G15_09,staged
2025-02-14 02:55:00,4,51.065,-113.97,G12_12,staged
2025-02-14 02:55:00,5,51.137,-114.194,G16_04,staged
2025-02-14 02:55:00,6,50.903,-113.97,G03_12,staged
2025-02-14 02:55:00,7,50.993,-114.082,G08_08,staged
2025-02-14 02:55:00,8,51.137,-113.97,G16_12,staged
2025-02-14 02:55:00,9,51.011,-113.998,G09_11,staged
2025-02-14 02:55:00,10,51.047,-114.138,G11_06,staged
2025-02-14 03:00:00,1,51.047,-114.054,G11_09,staged
2025-02-14 03:00:00,2,50.939,-114.082,G05_08,staged
2025-02-14 03:00:00,3,51.119,-114.054,G15_09,staged
2025-02-14 03:00:00,4,51.065,-113.97,G12_12,staged
2025-02-14 03:00:00,5,51.137,-114.194,G16_04,staged
2025-02-14 03:00:00,6,50.903,-113.97,G03_12,staged
2025-02-14 03:00:00,7,50.993,-114.082,G08_08,staged
2025-02-14 03:00:00,8,51.137,-113.97,G16_12,staged
2025-02-14 03:00:00,9,51.011,-113.998,G09_11,staged
2025-02-14 03:00:00,10,51.047,-114.138,G11_06,staged
2025-02-14 03:05:00,1,51.047,-114.054,G11_09,staged
2025-02-14 03:05:00,2,50.939,-114.082,G05_08,staged
2025-02-14 03:05:00,3,51.119,-114.054,G15_09,staged
2025-02-14 03:05:00,4,51.065,-113.97,G12_12,staged
2025-02-14 03:05:00,5,51.137,-114.194,G16_04,staged
2025-02-14 03:05:00,6,50.903,-113.97,G03_12,staged
2025-02-14 03:05:00,7,50.993,-114.082,G08_08,staged
2025-02-14 03:05:00,8,51.137,-113.97,G16_12,staged
2025-02-14 03:05:00,9,51.011,-113.998,G09_11,staged
2025-02-14 03:05:00,10,51.047,-114.138,G11_06,staged
2025-02-14 03:10:00,1,51.047,-114.054,G11_09,staged
2025-02-14 03:10:00,2,50.939,-114.082,G05_08,staged
2025-02-14 03:10:00,3,51.119,-114.054,G15_09,staged
2025-02-14 03:10:00,4,51.065,-113.97,G12_12,staged
2025-02-14 03:10:00,5,51.137,-114.194,G16_04,staged
2025-02-14 03:10:00,6,50.903,-113.97,G03_12,staged
2025-02-14 03:10:00,7,50.993,-114.082,G08_08,staged
2025-02-14 03:10:00,8,51.137,-113.97,G16_12,staged
2025-02-14 03:10:00,9,51.011,-113.998,G09_11,staged
2025-02-14 03:10:00,10,51.047,-114.138,G11_06,staged
2025-02-14 03:15:00,1,51.047,-114.054,G11_09,staged
2025-02-14 03:15:00,2,50.939,-114.082,G05_08,staged
2025-02-14 03:15:00,3,51.119,-114.054,G15_09,staged
2025-02-14 03:15:00,4,51.065,-113.97,G12_12,staged
2025-02-14 03:15:00,5,51.137,-114.194,G16_04,staged
2025-02-14 03:15:00,6,50.903,-113.97,G03_12,staged
2025-02-14 03:15:00,7,50.993,-114.082,G08_08,staged
2025-02-14 03:15:00,8,51.137,-113.97,G16_12,staged
2025-02-14 03:15:00,9,51.011,-113.998,G09_11,staged
2025-02-14 03:15:00,10,51.047,-114.138,G11_06,staged
2025-02-14 03:20:00,1,51.047,-114.054,G11_09,staged
2025-02-14 03:20:00,2,50.939,-114.082,G05_08,staged
2025-02-14 03:20:00,3,51.119,-114.054,G15_09,staged
2025-02-14 03:20:00,4,51.065,-113.97,G12_12,staged
2025-02-14 03:20:00,5,51.137,-114.194,G16_04,staged
2025-02-14 03:20:00,6,50.903,-113.97,G03_12,staged
2025-02-14 03:20:00,7,50.993,-114.082,G08_08,staged
2025-02-14 03:20:00,8,51.137,-113.97,G16_12,staged
2025-02-14 03:20:00,9,51.011,-113.998,G09_11,staged
2025-02-14 03:20:00,10,51.047,-114.138,G11_06,staged
2025-02-14 03:25:00,1,51.047,-114.054,G11_09,staged
2025-02-14 03:25:00,2,50.939,-114.082,G05_08,staged
2025-02-14 03:25:00,3,51.119,-114.054,G15_09,staged
2025-02-14 03:25:00,4,51.065,-113.97,G12_12,staged
2025-02-14 03:25:00,5,51.137,-114.194,G16_04,staged
2025-02-14 03:25:00,6,50.903,-113.97,G03_12,staged
2025-02-14 03:25:00,7,50.993,-114.082,G08_08,staged
2025-02-14 03:25:00,8,51.137,-113.97,G16_12,staged
2025-02-14 03:25:00,9,51.011,-113.998,G09_11,staged
2025-02-14 03:25:00,10,51.047,-114.138,G11_06,staged
2025-02-14 03:30:00,1,51.047,-114.054,G11_09,staged
2025-02-14 03:30:00,2,50.939,-114.082,G05_08,staged
2025-02-14 03:30:00,3,51.119,-114.054,G15_09,staged
2025-02-14 03:30:00,4,51.065,-113.97,G12_12,staged
2025-02-14 03:30:00,5,51.137,-114.194,G16_04,staged
2025-02-14 03:30:00,6,50.903,-113.97,G03_12,staged
2025-02-14 03:30:00,7,50.993,-114.082,G08_08,staged
2025-02-14 03:30:00,8,51.137,-113.97,G16_12,staged
2025-02-14 03:30:00,9,51.011,-113.998,G09_11,staged
2025-02-14 03:30:00,10,51.047,-114.138,G11_06,staged
2025-02-14 03:35:00,1,51.047,-114.054,G11_09,staged
2025-02-14 03:35:00,2,50.939,-114.082,G05_08,staged
2025-02-14 03:35:00,3,51.119,-114.054,G15_09,staged
2025-02-14 03:35:00,4,51.065,-113.97,G12_12,staged
2025-02-14 03:35:00,5,51.137,-114.194,G16_04,staged
2025-02-14 03:35:00,6,50.903,-113.97,G03_12,staged
2025-02-14 03:35:00,7,50.993,-114.082,G08_08,staged
2025-02-14 03:35:00,8,51.137,-113.97,G16_12,staged
2025-02-14 03:35:00,9,51.011,-113.998,G09_11,staged
2025-02-14 03:35:00,10,51.047,-114.138,G11_06,staged
2025-02-14 03:40:00,1,51.047,-114.054,G11_09,staged
2025-02-14 03:40:00,2,50.939,-114.082,G05_08,staged
2025-02-14 03:40:00,3,51.119,-114.054,G15_09,staged
2025-02-14 03:40:00,4,51.065,-113.97,G12_12,staged
2025-02-14 03:40:00,5,51.137,-114.194,G16_04,staged
2025-02-14 03:40:00,6,50.903,-113.97,G03_12,staged
2025-02-14 03:40:00,7,50.993,-114.082,G08_08,staged
2025-02-14 03:40:00,8,51.137,-113.97,G16_12,staged
2025-02-14 03:40:00,9,51.011,-113.998,G09_11,staged
2025-02-14 03:40:00,10,51.047,-114.138,G11_06,staged
2025-02-14 03:45:00,1,51.047,-114.054,G11_09,staged
2025-02-14 03:45:00,2,50.939,-114.082,G05_08,staged
2025-02-14 03:45:00,3,51.119,-114.054,G15_09,staged
2025-02-14 03:45:00,4,51.065,-113.97,G12_12,staged
2025-02-14 03:45:00,5,51.137,-114.194,G16_04,staged
2025-02-14 03:45:00,6,50.903,-113.97,G03_12,staged
2025-02-14 03:45:00,7,50.993,-114.082,G08_08,staged
2025-02-14 03:45:00,8,51.137,-113.97,G16_12,staged
2025-02-14 03:45:00,9,51.011,-113.998,G09_11,staged
2025-02-14 03:45:00,10,51.047,-114.138,G11_06,staged
2025-02-14 03:50:00,1,51.047,-114.054,G11_09,staged
2025-02-14 03:50:00,2,50.939,-114.082,G05_08,staged
2025-02-14 03:50:00,3,51.119,-114.054,G15_09,staged
2025-02-14 03:50:00,4,51.065,-113.97,G12_12,staged
2025-02-14 03:50:00,5,51.137,-114.194,G16_04,staged
2025-02-14 03:50:00,6,50.903,-113.97,G03_12,staged
2025-02-14 03:50:00,7,50.993,-114.082,G08_08,staged
2025-02-14 03:50:00,8,51.137,-113.97,G16_12,staged
2025-02-14 03:50:00,9,51.011,-113.998,G09_11,staged
2025-02-14 03:50:00,10,51.047,-114.138,G11_06,staged
2025-02-14 03:55:00,1,51.047,-114.054,G11_09,staged
2025-02-14 03:55:00,2,50.939,-114.082,G05_08,staged
2025-02-14 03:55:00,3,51.119,-114.054,G15_09,staged
2025-02-14 03:55:00,4,51.065,-113.97,G12_12,staged
2025-02-14 03:55:00,5,51.137,-114.194,G16_04,staged
2025-02-14 03:55:00,6,50.903,-113.97,G03_12,staged
2025-02-14 03:55:00,7,50.993,-114.082,G08_08,staged
2025-02-14 03:55:00,8,51.137,-113.97,G16_12,staged
2025-02-14 03:55:00,9,51.011,-113.998,G09_11,staged
2025-02-14 03:55:00,10,51.047,-114.138,G11_06,staged
2025-02-14 04:00:00,1,51.047,-114.054,G11_09,staged
2025-02-14 04:00:00,2,50.939,-114.082,G05_08,staged
2025-02-14 04:00:00,3,51.119,-114.054,G15_09,staged
2025-02-14 04:00:00,4,51.065,-113.97,G12_12,staged
2025-02-14 04:00:00,5,51.137,-114.194,G16_04,staged
2025-02-14 04:00:00,6,50.903,-113.97,G03_12,staged
2025-02-14 04:00:00,7,50.993,-114.082,G08_08,staged
2025-02-14 04:00:00,8,51.137,-113.97,G16_12,staged
2025-02-14 04:00:00,9,51.011,-113.998,G09_11,staged
2025-02-14 04:00:00,10,51.047,-114.138,G11_06,staged
2025-02-14 04:05:00,1,51.047,-114.054,G11_09,staged
2025-02-14 04:05:00,2,50.939,-114.082,G05_08,staged
2025-02-14 04:05:00,3,51.119,-114.054,G15_09,staged
2025-02-14 04:05:00,4,51.065,-113.97,G12_12,staged
2025-02-14 04:05:00,5,51.137,-114.194,G16_04,staged
2025-02-14 04:05:00,6,50.903,-113.97,G03_12,staged
2025-02-14 04:05:00,7,50.993,-114.082,G08_08,staged
2025-02-14 04:05:00,8,51.137,-113.97,G16_12,staged
2025-02-14 04:05:00,9,51.011,-113.998,G09_11,staged
2025-02-14 04:05:00,10,51.047,-114.138,G11_06,staged
2025-02-14 04:10:00,1,51.047,-114.054,G11_09,staged
2025-02-14 04:10:00,2,50.939,-114.082,G05_08,staged
2025-02-14 04:10:00,3,51.119,-114.054,G15_09,staged
2025-02-14 04:10:00,4,51.065,-113.97,G12_12,staged
2025-02-14 04:10:00,5,51.137,-114.194,G16_04,staged
2025-02-14 04:10:00,6,50.903,-113.97,G03_12,staged
2025-02-14 04:10:00,7,50.993,-114.082,G08_08,staged
2025-02-14 04:10:00,8,51.137,-113.97,G16_12,staged
2025-02-14 04:10:00,9,51.011,-113.998,G09_11,staged
2025-02-14 04:10:00,10,51.047,-114.138,G11_06,staged
2025-02-14 04:15:00,1,51.047,-114.054,G11_09,staged
2025-02-14 04:15:00,2,50.939,-114.082,G05_08,staged
2025-02-14 04:15:00,3,51.119,-114.054,G15_09,staged
2025-02-14 04:15:00,4,51.065,-113.97,G12_12,staged
2025-02-14 04:15:00,5,51.137,-114.194,G16_04,staged
2025-02-14 04:15:00,6,50.903,-113.97,G03_12,staged
2025-02-14 04:15:00,7,50.993,-114.082,G08_08,staged
2025-02-14 04:15:00,8,51.137,-113.97,G16_12,staged
2025-02-14 04:15:00,9,51.011,-113.998,G09_11,staged
2025-02-14 04:15:00,10,51.047,-114.138,G11_06,staged
2025-02-14 04:20:00,1,51.047,-114.054,G11_09,staged
2025-02-14 04:20:00,2,50.939,-114.082,G05_08,staged
2025-02-14 04:20:00,3,51.119,-114.054,G15_09,staged
2025-02-14 04:20:00,4,51.065,-113.97,G12_12,staged
2025-02-14 04:20:00,5,51.137,-114.194,G16_04,staged
2025-02-14 04:20:00,6,50.903,-113.97,G03_12,staged
2025-02-14 04:20:00,7,50.993,-114.082,G08_08,staged
2025-02-14 04:20:00,8,51.137,-113.97,G16_12,staged
2025-02-14 04:20:00,9,51.011,-113.998,G09_11,staged
2025-02-14 04:20:00,10,51.047,-114.138,G11_06,staged
2025-02-14 04:25:00,1,51.047,-114.054,G11_09,staged
2025-02-14 04:25:00,2,50.939,-114.082,G05_08,staged
2025-02-14 04:25:00,3,51.119,-114.054,G15_09,staged
2025-02-14 04:25:00,4,51.065,-113.97,G12_12,staged
2025-02-14 04:25:00,5,51.137,-114.194,G16_04,staged
2025-02-14 04:25:00,6,50.903,-113.97,G03_12,staged
2025-02-14 04:25:00,7,50.993,-114.082,G08_08,staged
2025-02-14 04:25:00,8,51.137,-113.97,G16_12,staged
2025-02-14 04:25:00,9,51.011,-113.998,G09_11,staged
2025-02-14 04:25:00,10,51.047,-114.138,G11_06,staged
2025-02-14 04:30:00,1,51.047,-114.054,G11_09,staged
2025-02-14 04:30:00,2,50.939,-114.082,G05_08,staged
2025-02-14 04:30:00,3,51.119,-114.054,G15_09,staged
2025-02-14 04:30:00,4,51.065,-113.97,G12_12,staged
2025-02-14 04:30:00,5,51.137,-114.194,G16_04,staged
2025-02-14 04:30:00,6,50.903,-113.97,G03_12,staged
2025-02-14 04:30:00,7,50.993,-114.082,G08_08,staged
2025-02-14 04:30:00,8,51.137,-113.97,G16_12,staged
2025-02-14 04:30:00,9,51.011,-113.998,G09_11,staged
2025-02-14 04:30:00,10,51.047,-114.138,G11_06,staged
2025-02-14 04:35:00,1,51.047,-114.054,G11_09,staged
2025-02-14 04:35:00,2,50.939,-114.082,G05_08,staged
2025-02-14 04:35:00,3,51.119,-114.054,G15_09,staged
2025-02-14 04:35:00,4,51.065,-113.97,G12_12,staged
2025-02-14 04:35:00,5,51.137,-114.194,G16_04,staged
2025-02-14 04:35:00,6,50.903,-113.97,G03_12,staged
2025-02-14 04:35:00,7,50.993,-114.082,G08_08,staged
2025-02-14 04:35:00,8,51.137,-113.97,G16_12,staged
2025-02-14 04:35:00,9,51.011,-113.998,G09_11,staged
2025-02-14 04:35:00,10,51.047,-114.138,G11_06,staged
2025-02-14 04:40:00,1,51.047,-114.054,G11_09,staged
2025-02-14 04:40:00,2,50.939,-114.082,G05_08,staged
2025-02-14 04:40:00,3,51.119,-114.054,G15_09,staged
2025-02-14 04:40:00,4,51.065,-113.97,G12_12,staged
2025-02-14 04:40:00,5,51.137,-114.194,G16_04,staged
2025-02-14 04:40:00,6,50.903,-113.97,G03_12,staged
2025-02-14 04:40:00,7,50.993,-114.082,G08_08,staged
2025-02-14 04:40:00,8,51.137,-113.97,G16_12,staged
2025-02-14 04:40:00,9,51.011,-113.998,G09_11,staged
2025-02-14 04:40:00,10,51.047,-114.138,G11_06,staged
2025-02-14 04:45:00,1,51.047,-114.054,G11_09,staged
2025-02-14 04:45:00,2,50.939,-114.082,G05_08,staged
2025-02-14 04:45:00,3,51.119,-114.054,G15_09,staged
2025-02-14 04:45:00,4,51.065,-113.97,G12_12,staged
2025-02-14 04:45:00,5,51.137,-114.194,G16_04,staged
2025-02-14 04:45:00,6,50.903,-113.97,G03_12,staged
2025-02-14 04:45:00,7,50.993,-114.082,G08_08,staged
2025-02-14 04:45:00,8,51.137,-113.97,G16_12,staged
2025-02-14 04:45:00,9,51.011,-113.998,G09_11,staged
2025-02-14 04:45:00,10,51.047,-114.138,G11_06,staged
2025-02-14 04:50:00,1,51.047,-114.054,G11_09,staged
2025-02-14 04:50:00,2,50.939,-114.082,G05_08,staged
2025-02-14 04:50:00,3,51.119,-114.054,G15_09,staged
2025-02-14 04:50:00,4,51.065,-113.97,G12_12,staged
2025-02-14 04:50:00,5,51.137,-114.194,G16_04,staged
2025-02-14 04:50:00,6,50.903,-113.97,G03_12,staged
2025-02-14 04:50:00,7,50.993,-114.082,G08_08,staged
2025-02-14 04:50:00,8,51.137,-113.97,G16_12,staged
2025-02-14 04:50:00,9,51.011,-113.998,G09_11,staged
2025-02-14 04:50:00,10,51.047,-114.138,G11_06,staged
2025-02-14 04:55:00,1,51.047,-114.054,G11_09,staged
2025-02-14 04:55:00,2,50.939,-114.082,G05_08,staged
2025-02-14 04:55:00,3,51.119,-114.054,G15_09,staged
2025-02-14 04:55:00,4,51.065,-113.97,G12_12,staged
2025-02-14 04:55:00,5,51.137,-114.194,G16_04,staged
2025-02-14 04:55:00,6,50.903,-113.97,G03_12,staged
2025-02-14 04:55:00,7,50.993,-114.082,G08_08,staged
2025-02-14 04:55:00,8,51.137,-113.97,G16_12,staged
2025-02-14 04:55:00,9,51.011,-113.998,G09_11,staged
2025-02-14 04:55:00,10,51.047,-114.138,G11_06,staged
2025-02-14 05:00:00,1,51.047,-114.054,G11_09,staged
2025-02-14 05:00:00,2,50.939,-114.082,G05_08,staged
2025-02-14 05:00:00,3,51.119,-114.054,G15_09,staged
2025-02-14 05:00:00,4,51.065,-113.97,G12_12,staged
2025-02-14 05:00:00,5,51.137,-114.194,G16_04,staged
2025-02-14 05:00:00,6,50.903,-113.97,G03_12,staged
2025-02-14 05:00:00,7,50.993,-114.082,G08_08,staged
2025-02-14 05:00:00,8,51.137,-113.97,G16_12,staged
2025-02-14 05:00:00,9,51.011,-113.998,G09_11,staged
2025-02-14 05:00:00,10,51.047,-114.138,G11_06,staged
2025-02-14 05:05:00,1,51.047,-114.054,G11_09,staged
2025-02-14 05:05:00,2,50.939,-114.082,G05_08,staged
2025-02-14 05:05:00,3,51.119,-114.054,G15_09,staged
2025-02-14 05:05:00,4,51.065,-113.97,G12_12,staged
2025-02-14 05:05:00,5,51.137,-114.194,G16_04,staged
2025-02-14 05:05:00,6,50.903,-113.97,G03_12,staged
2025-02-14 05:05:00,7,50.993,-114.082,G08_08,staged
2025-02-14 05:05:00,8,51.137,-113.97,G16_12,staged
2025-02-14 05:05:00,9,51.011,-113.998,G09_11,staged
2025-02-14 05:05:00,10,51.047,-114.138,G11_06,staged
2025-02-14 05:10:00,1,51.047,-114.054,G11_09,staged
2025-02-14 05:10:00,2,50.939,-114.082,G05_08,staged
2025-02-14 05:10:00,3,51.119,-114.054,G15_09,staged
2025-02-14 05:10:00,4,51.065,-113.97,G12_12,staged
2025-02-14 05:10:00,5,51.137,-114.194,G16_04,staged
2025-02-14 05:10:00,6,50.903,-113.97,G03_12,staged
2025-02-14 05:10:00,7,50.993,-114.082,G08_08,staged
2025-02-14 05:10:00,8,51.137,-113.97,G16_12,staged
2025-02-14 05:10:00,9,51.011,-113.998,G09_11,staged
2025-02-14 05:10:00,10,51.047,-114.138,G11_06,staged
2025-02-14 05:15:00,1,51.047,-114.054,G11_09,staged
2025-02-14 05:15:00,2,50.939,-114.082,G05_08,staged
2025-02-14 05:15:00,3,51.119,-114.054,G15_09,staged
2025-02-14 05:15:00,4,51.065,-113.97,G12_12,staged
2025-02-14 05:15:00,5,51.137,-114.194,G16_04,staged
2025-02-14 05:15:00,6,50.903,-113.97,G03_12,staged
2025-02-14 05:15:00,7,50.993,-114.082,G08_08,staged
2025-02-14 05:15:00,8,51.137,-113.97,G16_12,staged
2025-02-14 05:15:00,9,51.011,-113.998,G09_11,staged
2025-02-14 05:15:00,10,51.047,-114.138,G11_06,staged
2025-02-14 05:20:00,1,51.047,-114.054,G11_09,staged
2025-02-14 05:20:00,2,50.939,-114.082,G05_08,staged
2025-02-14 05:20:00,3,51.119,-114.054,G15_09,staged
2025-02-14 05:20:00,4,51.065,-113.97,G12_12,staged
2025-02-14 05:20:00,5,51.137,-114.194,G16_04,staged
2025-02-14 05:20:00,6,50.903,-113.97,G03_12,staged
2025-02-14 05:20:00,7,50.993,-114.082,G08_08,staged
2025-02-14 05:20:00,8,51.137,-113.97,G16_12,staged
2025-02-14 05:20:00,9,51.011,-113.998,G09_11,staged
2025-02-14 05:20:00,10,51.047,-114.138,G11_06,staged
2025-02-14 05:25:00,1,51.047,-114.054,G11_09,staged
2025-02-14 05:25:00,2,50.939,-114.082,G05_08,staged
2025-02-14 05:25:00,3,51.119,-114.054,G15_09,staged
2025-02-14 05:25:00,4,51.065,-113.97,G12_12,staged
2025-02-14 05:25:00,5,51.137,-114.194,G16_04,staged
2025-02-14 05:25:00,6,50.903,-113.97,G03_12,staged
2025-02-14 05:25:00,7,50.993,-114.082,G08_08,staged
2025-02-14 05:25:00,8,51.137,-113.97,G16_12,staged
2025-02-14 05:25:00,9,51.00421,-113.97829,G09_12,responding
2025-02-14 05:25:00,10,51.047,-114.138,G11_06,staged
2025-02-14 05:30:00,1,51.047,-114.054,G11_09,staged
2025-02-14 05:30:00,2,50.939,-114.082,G05_08,staged
2025-02-14 05:30:00,3,51.119,-114.054,G15_09,staged
2025-02-14 05:30:00,4,51.065,-113.97,G12_12,staged
2025-02-14 05:30:00,5,51.137,-114.194,G16_04,staged
2025-02-14 05:30:00,6,50.903,-113.97,G03_12,staged
2025-02-14 05:30:00,7,50.993,-114.082,G08_08,staged
2025-02-14 05:30:00,8,51.137,-113.97,G16_12,staged
2025-02-14 05:30:00,9,50.99314,-113.94614,G08_13,responding
2025-02-14 05:30:00,10,51.047,-114.138,G11_06,staged
2025-02-14 05:35:00,1,51.047,-114.054,G11_09,staged
2025-02-14 05:35:00,2,50.939,-114.082,G05_08,staged
2025-02-14 05:35:00,3,51.119,-114.054,G15_09,staged
2025-02-14 05:35:00,4,51.065,-113.97,G12_12,staged
2025-02-14 05:35:00,5,51.137,-114.194,G16_04,staged
2025-02-14 05:35:00,6,50.903,-113.97,G03_12,staged
2025-02-14 05:35:00,7,50.993,-114.082,G08_08,staged
2025-02-14 05:35:00,8,51.137,-113.97,G16_12,staged
2025-02-14 05:35:00,9,50.98955,-113.93572,G08_13,on_scene
2025-02-14 05:35:00,10,51.047,-114.138,G11_06,staged
2025-02-14 05:40:00,1,51.047,-114.054,G11_09,staged
2025-02-14 05:40:00,2,50.939,-114.082,G05_08,staged
2025-02-14 05:40:00,3,51.119,-114.054,G15_09,staged
2025-02-14 05:40:00,4,51.065,-113.97,G12_12,staged
2025-02-14 05:40:00,5,51.137,-114.194,G16_04,staged
2025-02-14 05:40:00,6,50.903,-113.97,G03_12,staged
2025-02-14 05:40:00,7,50.993,-114.082,G08_08,staged
2025-02-14 05:40:00,8,51.137,-113.97,G16_12,staged
2025-02-14 05:40:00,9,50.98955,-113.93572,G08_13,on_scene
2025-02-14 05:40:00,10,51.047,-114.138,G11_06,staged
2025-02-14 05:45:00,1,51.047,-114.054,G11_09,staged
2025-02-14 05:45:00,2,50.939,-114.082,G05_08,staged
2025-02-14 05:45:00,3,51.119,-114.054,G15_09,staged
2025-02-14 05:45:00,4,51.065,-113.97,G12_12,staged
2025-02-14 05:45:00,5,51.137,-114.194,G16_04,staged
2025-02-14 05:45:00,6,50.903,-113.97,G03_12,staged
2025-02-14 05:45:00,7,50.993,-114.082,G08_08,staged
2025-02-14 05:45:00,8,51.137,-113.97,G16_12,staged
2025-02-14 05:45:00,9,50.98955,-113.93572,G08_13,on_scene
2025-02-14 05:45:00,10,51.047,-114.138,G11_06,staged
2025-02-14 05:50:00,1,51.047,-114.054,G11_09,staged
2025-02-14 05:50:00,2,50.939,-114.082,G05_08,staged
2025-02-14 05:50:00,3,51.119,-114.054,G15_09,staged
2025-02-14 05:50:00,4,51.065,-113.97,G12_12,staged
2025-02-14 05:50:00,5,51.137,-114.194,G16_04,staged
2025-02-14 05:50:00,6,50.903,-113.97,G03_12,staged
2025-02-14 05:50:00,7,50.993,-114.082,G08_08,staged
2025-02-14 05:50:00,8,51.137,-113.97,G16_12,staged
2025-02-14 05:50:00,9,50.98955,-113.93572,G08_13,on_scene
2025-02-14 05:50:00,10,51.047,-114.138,G11_06,staged
2025-02-14 05:55:00,1,51.047,-114.054,G11_09,staged
2025-02-14 05:55:00,2,50.939,-114.082,G05_08,staged
2025-02-14 05:55:00,3,51.119,-114.054,G15_09,staged
2025-02-14 05:55:00,4,51.065,-113.97,G12_12,staged
2025-02-14 05:55:00,5,51.137,-114.194,G16_04,staged
2025-02-14 05:55:00,6,50.903,-113.97,G03_12,staged
2025-02-14 05:55:00,7,50.993,-114.082,G08_08,staged
2025-02-14 05:55:00,8,51.137,-113.97,G16_12,staged
2025-02-14 05:55:00,9,50.98955,-113.93572,G08_13,on_scene
2025-02-14 05:55:00,10,51.047,-114.138,G11_06,staged
2025-02-14 06:00:00,1,51.047,-114.054,G11_09,staged
2025-02-14 06:00:00,2,50.939,-114.082,G05_08,staged
2025-02-14 06:00:00,3,51.119,-114.054,G15_09,staged
2025-02-14 06:00:00,4,51.065,-113.97,G12_12,staged
2025-02-14 06:00:00,5,51.137,-114.194,G16_04,staged
2025-02-14 06:00:00,6,50.903,-113.97,G03_12,staged
2025-02-14 06:00:00,7,50.993,-114.082,G08_08,staged
2025-02-14 06:00:00,8,51.137,-113.97,G16_12,staged
2025-02-14 06:00:00,9,50.98955,-113.93572,G08_13,on_scene
2025-02-14 06:00:00,10,51.047,-114.138,G11_06,staged
2025-02-14 06:05:00,1,51.047,-114.054,G11_09,staged
2025-02-14 06:05:00,2,50.939,-114.082,G05_08,staged
2025-02-14 06:05:00,3,51.119,-114.054,G15_09,staged
2025-02-14 06:05:00,4,51.065,-113.97,G12_12,staged
2025-02-14 06:05:00,5,51.137,-114.194,G16_04,staged
2025-02-14 06:05:00,6,50.903,-113.97,G03_12,staged
2025-02-14 06:05:00,7,50.993,-114.082,G08_08,staged
2025-02-14 06:05:00,8,51.137,-113.97,G16_12,staged
2025-02-14 06:05:00,9,50.99703,-113.95743,G08_12,returning
2025-02-14 06:05:00,10,51.047,-114.138,G11_06,staged
2025-02-14 06:10:00,1,51.047,-114.054,G11_09,staged
2025-02-14 06:10:00,2,50.939,-114.082,G05_08,staged
2025-02-14 06:10:00,3,51.119,-114.054,G15_09,staged
2025-02-14 06:10:00,4,51.065,-113.97,G12_12,staged
2025-02-14 06:10:00,5,51.137,-114.194,G16_04,staged
2025-02-14 06:10:00,6,50.903,-113.97,G03_12,staged
2025-02-14 06:10:00,7,50.993,-114.082,G08_08,staged
2025-02-14 06:10:00,8,51.137,-113.97,G16_12,staged
2025-02-14 06:10:00,9,51.0081,-113.98958,G09_11,returning
2025-02-14 06:10:00,10,51.047,-114.138,G11_06,staged
2025-02-14 06:15:00,1,51.047,-114.054,G11_09,staged
2025-02-14 06:15:00,2,50.939,-114.082,G05_08,staged
2025-02-14 06:15:00,3,51.119,-114.054,G15_09,staged
2025-02-14 06:15:00,4,51.065,-113.97,G12_12,staged
2025-02-14 06:15:00,5,51.137,-114.194,G16_04,staged
2025-02-14 06:15:00,6,50.903,-113.97,G03_12,staged
2025-02-14 06:15:00,7,50.993,-114.082,G08_08,staged
2025-02-14 06:15:00,8,51.137,-113.97,G16_12,staged
2025-02-14 06:15:00,9,51.011,-113.998,G09_11,staged
2025-02-14 06:15:00,10,51.047,-114.138,G11_06,staged
2025-02-14 06:20:00,1,51.047,-114.054,G11_09,staged
2025-02-14 06:20:00,2,50.939,-114.082,G05_08,staged
2025-02-14 06:20:00,3,51.119,-114.054,G15_09,staged
2025-02-14 06:20:00,4,51.065,-113.97,G12_12,staged
2025-02-14 06:20:00,5,51.137,-114.194,G16_04,staged
2025-02-14 06:20:00,6,50.903,-113.97,G03_12,staged
2025-02-14 06:20:00,7,50.993,-114.082,G08_08,staged
2025-02-14 06:20:00,8,51.137,-113.97,G16_12,staged
2025-02-14 06:20:00,9,51.011,-113.998,G09_11,staged
2025-02-14 06:20:00,10,51.047,-114.138,G11_06,staged
2025-02-14 06:25:00,1,51.047,-114.054,G11_09,staged
2025-02-14 06:25:00,2,50.939,-114.082,G05_08,staged
2025-02-14 06:25:00,3,51.119,-114.054,G15_09,staged
2025-02-14 06:25:00,4,51.065,-113.97,G12_12,staged
2025-02-14 06:25:00,5,51.137,-114.194,G16_04,staged
2025-02-14 06:25:00,6,50.903,-113.97,G03_12,staged
2025-02-14 06:25:00,7,50.993,-114.082,G08_08,staged
2025-02-14 06:25:00,8,51.137,-113.97,G16_12,staged
2025-02-14 06:25:00,9,51.011,-113.998,G09_11,staged
2025-02-14 06:25:00,10,51.047,-114.138,G11_06,staged
2025-02-14 06:30:00,1,51.047,-114.054,G11_09,staged
2025-02-14 06:30:00,2,50.939,-114.082,G05_08,staged
2025-02-14 06:30:00,3,51.119,-114.054,G15_09,staged
2025-02-14 06:30:00,4,51.065,-113.97,G12_12,staged
2025-02-14 06:30:00,5,51.137,-114.194,G16_04,staged
2025-02-14 06:30:00,6,50.903,-113.97,G03_12,staged
2025-02-14 06:30:00,7,50.993,-114.082,G08_08,staged
2025-02-14 06:30:00,8,51.137,-113.97,G16_12,staged
2025-02-14 06:30:00,9,51.011,-113.998,G09_11,staged
2025-02-14 06:30:00,10,51.047,-114.138,G11_06,staged
2025-02-14 06:35:00,1,51.047,-114.054,G11_09,staged
2025-02-14 06:35:00,2,50.939,-114.082,G05_08,staged
2025-02-14 06:35:00,3,51.119,-114.054,G15_09,staged
2025-02-14 06:35:00,4,51.065,-113.97,G12_12,staged
2025-02-14 06:35:00,5,51.137,-114.194,G16_04,staged
2025-02-14 06:35:00,6,50.903,-113.97,G03_12,staged
2025-02-14 06:35:00,7,50.993,-114.082,G08_08,staged
2025-02-14 06:35:00,8,51.137,-113.97,G16_12,staged
2025-02-14 06:35:00,9,51.011,-113.998,G09_11,staged
2025-02-14 06:35:00,10,51.047,-114.138,G11_06,staged
2025-02-14 06:40:00,1,51.047,-114.054,G11_09,staged
2025-02-14 06:40:00,2,50.939,-114.082,G05_08,staged
2025-02-14 06:40:00,3,51.119,-114.054,G15_09,staged
2025-02-14 06:40:00,4,51.065,-113.97,G12_12,staged
2025-02-14 06:40:00,5,51.137,-114.194,G16_04,staged
2025-02-14 06:40:00,6,50.903,-113.97,G03_12,staged
2025-02-14 06:40:00,7,50.993,-114.082,G08_08,staged
2025-02-14 06:40:00,8,51.137,-113.97,G16_12,staged
2025-02-14 06:40:00,9,51.011,-113.998,G09_11,staged
2025-02-14 06:40:00,10,51.047,-114.138,G11_06,staged
2025-02-14 06:45:00,1,51.047,-114.054,G11_09,staged
2025-02-14 06:45:00,2,50.939,-114.082,G05_08,staged
2025-02-14 06:45:00,3,51.119,-114.054,G15_09,staged
2025-02-14 06:45:00,4,51.065,-113.97,G12_12,staged
2025-02-14 06:45:00,5,51.137,-114.194,G16_04,staged
2025-02-14 06:45:00,6,50.903,-113.97,G03_12,staged
2025-02-14 06:45:00,7,50.993,-114.082,G08_08,staged
2025-02-14 06:45:00,8,51.137,-113.97,G16_12,staged
2025-02-14 06:45:00,9,51.011,-113.998,G09_11,staged
2025-02-14 06:45:00,10,51.047,-114.138,G11_06,staged
2025-02-14 06:50:00,1,51.047,-114.054,G11_09,staged
2025-02-14 06:50:00,2,50.939,-114.082,G05_08,staged
2025-02-14 06:50:00,3,51.119,-114.054,G15_09,staged
2025-02-14 06:50:00,4,51.065,-113.97,G12_12,staged
2025-02-14 06:50:00,5,51.14175,-114.17447,G16_05,responding
2025-02-14 06:50:00,6,50.903,-113.97,G03_12,staged
2025-02-14 06:50:00,7,50.993,-114.082,G08_08,staged
2025-02-14 06:50:00,8,51.137,-113.97,G16_12,staged
2025-02-14 06:50:00,9,51.011,-113.998,G09_11,staged
2025-02-14 06:50:00,10,51.047,-114.138,G11_06,staged
2025-02-14 06:55:00,1,51.047,-114.054,G11_09,staged
2025-02-14 06:55:00,2,50.939,-114.082,G05_08,staged
2025-02-14 06:55:00,3,51.119,-114.054,G15_09,staged
2025-02-14 06:55:00,4,51.065,-113.97,G12_12,staged
2025-02-14 06:55:00,5,51.1501,-114.1402,G17_06,responding
2025-02-14 06:55:00,6,50.903,-113.97,G03_12,staged
2025-02-14 06:55:00,7,50.993,-114.082,G08_08,staged
2025-02-14 06:55:00,8,51.137,-113.97,G16_12,staged
2025-02-14 06:55:00,9,51.011,-113.998,G09_11,staged
2025-02-14 06:55:00,10,51.047,-114.138,G11_06,staged
2025-02-14 07:00:00,1,51.047,-114.054,G11_09,staged
2025-02-14 07:00:00,2,50.939,-114.082,G05_08,staged
2025-02-14 07:00:00,3,51.119,-114.054,G15_09,staged
2025-02-14 07:00:00,4,51.065,-113.97,G12_12,staged
2025-02-14 07:00:00,5,51.15425,-114.12314,G17_07,on_scene
2025-02-14 07:00:00,6,50.903,-113.97,G03_12,staged
2025-02-14 07:00:00,7,50.993,-114.082,G08_08,staged
2025-02-14 07:00:00,8,51.137,-113.97,G16_12,staged
2025-02-14 07:00:00,9,51.011,-113.998,G09_11,staged
2025-02-14 07:00:00,10,51.047,-114.138,G11_06,staged
2025-02-14 07:05:00,1,51.047,-114.054,G11_09,staged
2025-02-14 07:05:00,2,50.939,-114.082,G05_08,staged
2025-02-14 07:05:00,3,51.119,-114.054,G15_09,staged
2025-02-14 07:05:00,4,51.065,-113.97,G12_12,staged
2025-02-14 07:05:00,5,51.15425,-114.12314,G17_07,on_scene
2025-02-14 07:05:00,6,50.903,-113.97,G03_12,staged
2025-02-14 07:05:00,7,50.993,-114.082,G08_08,staged
2025-02-14 07:05:00,8,51.137,-113.97,G16_12,staged
2025-02-14 07:05:00,9,51.011,-113.998,G09_11,staged
2025-02-14 07:05:00,10,51.047,-114.138,G11_06,staged
2025-02-14 07:10:00,1,51.047,-114.054,G11_09,staged
2025-02-14 07:10:00,2,50.939,-114.082,G05_08,staged
2025-02-14 07:10:00,3,51.119,-114.054,G15_09,staged
2025-02-14 07:10:00,4,51.065,-113.97,G12_12,staged
2025-02-14 07:10:00,5,51.15425,-114.12314,G17_07,on_scene
2025-02-14 07:10:00,6,50.903,-113.97,G03_12,staged
2025-02-14 07:10:00,7,50.993,-114.082,G08_08,staged
2025-02-14 07:10:00,8,51.137,-113.97,G16_12,staged
2025-02-14 07:10:00,9,51.011,-113.998,G09_11,staged
2025-02-14 07:10:00,10,51.047,-114.138,G11_06,staged
2025-02-14 07:15:00,1,51.047,-114.054,G11_09,staged
2025-02-14 07:15:00,2,50.939,-114.082,G05_08,staged
2025-02-14 07:15:00,3,51.119,-114.054,G15_09,staged
2025-02-14 07:15:00,4,51.065,-113.97,G12_12,staged
2025-02-14 07:15:00,5,51.15425,-114.12314,G17_07,on_scene
2025-02-14 07:15:00,6,50.903,-113.97,G03_12,staged
2025-02-14 07:15:00,7,50.993,-114.082,G08_08,staged
2025-02-14 07:15:00,8,51.137,-113.97,G16_12,staged
2025-02-14 07:15:00,9,51.011,-113.998,G09_11,staged
2025-02-14 07:15:00,10,51.047,-114.138,G11_06,staged
2025-02-14 07:20:00,1,51.047,-114.054,G11_09,staged
2025-02-14 07:20:00,2,50.939,-114.082,G05_08,staged
2025-02-14 07:20:00,3,51.119,-114.054,G15_09,staged
2025-02-14 07:20:00,4,51.065,-113.97,G12_12,staged
2025-02-14 07:20:00,5,51.15425,-114.12314,G17_07,on_scene
2025-02-14 07:20:00,6,50.903,-113.97,G03_12,staged
2025-02-14 07:20:00,7,50.993,-114.082,G08_08,staged
2025-02-14 07:20:00,8,51.137,-113.97,G16_12,staged
2025-02-14 07:20:00,9,51.011,-113.998,G09_11,staged
2025-02-14 07:20:00,10,51.047,-114.138,G11_06,staged
2025-02-14 07:25:00,1,51.047,-114.054,G11_09,staged
2025-02-14 07:25:00,2,50.939,-114.082,G05_08,staged
2025-02-14 07:25:00,3,51.119,-114.054,G15_09,staged
2025-02-14 07:25:00,4,51.065,-113.97,G12_12,staged
2025-02-14 07:25:00,5,51.15425,-114.12314,G17_07,on_scene
2025-02-14 07:25:00,6,50.903,-113.97,G03_12,staged
2025-02-14 07:25:00,7,50.993,-114.082,G08_08,staged
2025-02-14 07:25:00,8,51.137,-113.97,G16_12,staged
2025-02-14 07:25:00,9,51.011,-113.998,G09_11,staged
2025-02-14 07:25:00,10,51.02588,-114.14852,G10_06,responding
2025-02-14 07:30:00,1,51.047,-114.054,G11_09,staged
2025-02-14 07:30:00,2,50.939,-114.082,G05_08,staged
2025-02-14 07:30:00,3,51.119,-114.054,G15_09,staged
2025-02-14 07:30:00,4,51.065,-113.97,G12_12,staged
2025-02-14 07:30:00,5,51.15006,-114.14035,G17_06,returning
2025-02-14 07:30:00,6,50.903,-113.97,G03_12,staged
2025-02-14 07:30:00,7,50.993,-114.082,G08_08,staged
2025-02-14 07:30:00,8,51.137,-113.97,G16_12,staged
2025-02-14 07:30:00,9,51.011,-113.998,G09_11,staged
2025-02-14 07:30:00,10,51.0088,-114.15703,G09_05,on_scene
2025-02-14 07:35:00,1,51.047,-114.054,G11_09,staged
2025-02-14 07:35:00,2,50.939,-114.082,G05_08,staged
2025-02-14 07:35:00,3,51.119,-114.054,G15_09,staged
2025-02-14 07:35:00,4,51.065,-113.97,G12_12,staged
2025-02-14 07:35:00,5,51.14172,-114.17462,G16_05,returning
2025-02-14 07:35:00,6,50.903,-113.97,G03_12,staged
2025-02-14 07:35:00,7,50.993,-114.082,G08_08,staged
2025-02-14 07:35:00,8,51.137,-113.97,G16_12,staged
2025-02-14 07:35:00,9,51.011,-113.998,G09_11,staged
2025-02-14 07:35:00,10,51.0088,-114.15703,G09_05,on_scene
2025-02-14 07:40:00,1,51.047,-114.054,G11_09,staged
2025-02-14 07:40:00,2,50.939,-114.082,G05_08,staged
2025-02-14 07:40:00,3,51.119,-114.054,G15_09,staged
2025-02-14 07:40:00,4,51.065,-113.97,G12_12,staged
2025-02-14 07:40:00,5,51.137,-114.194,G16_04,staged
2025-02-14 07:40:00,6,50.903,-113.97,G03_12,staged
2025-02-14 07:40:00,7,50.993,-114.082,G08_08,staged
2025-02-14 07:40:00,8,51.137,-113.97,G16_12,staged
2025-02-14 07:40:00,9,51.011,-113.998,G09_11,staged
2025-02-14 07:40:00,10,51.0088,-114.15703,G09_05,on_scene
2025-02-14 07:45:00,1,51.047,-114.054,G11_09,staged
2025-02-14 07:45:00,2,50.939,-114.082,G05_08,staged
2025-02-14 07:45:00,3,51.119,-114.054,G15_09,staged
2025-02-14 07:45:00,4,51.065,-113.97,G12_12,staged
2025-02-14 07:45:00,5,51.137,-114.194,G16_04,staged
2025-02-14 07:45:00,6,50.903,-113.97,G03_12,staged
2025-02-14 07:45:00,7,50.993,-114.082,G08_08,staged
2025-02-14 07:45:00,8,51.137,-113.97,G16_12,staged
2025-02-14 07:45:00,9,51.011,-113.998,G09_11,staged
2025-02-14 07:45:00,10,51.0088,-114.15703,G09_05,on_scene
2025-02-14 07:50:00,1,51.047,-114.054,G11_09,staged
2025-02-14 07:50:00,2,50.939,-114.082,G05_08,staged
2025-02-14 07:50:00,3,51.119,-114.054,G15_09,staged
2025-02-14 07:50:00,4,51.065,-113.97,G12_12,staged
2025-02-14 07:50:00,5,51.137,-114.194,G16_04,staged
2025-02-14 07:50:00,6,50.903,-113.97,G03_12,staged
2025-02-14 07:50:00,7,50.993,-114.082,G08_08,staged
2025-02-14 07:50:00,8,51.137,-113.97,G16_12,staged
2025-02-14 07:50:00,9,51.011,-113.998,G09_11,staged
2025-02-14 07:50:00,10,51.0088,-114.15703,G09_05,on_scene
2025-02-14 07:55:00,1,51.047,-114.054,G11_09,staged
2025-02-14 07:55:00,2,50.939,-114.082,G05_08,staged
2025-02-14 07:55:00,3,51.119,-114.054,G15_09,staged
2025-02-14 07:55:00,4,51.065,-113.97,G12_12,staged
2025-02-14 07:55:00,5,51.137,-114.194,G16_04,staged
2025-02-14 07:55:00,6,50.903,-113.97,G03_12,staged
2025-02-14 07:55:00,7,50.993,-114.082,G08_08,staged
2025-02-14 07:55:00,8,51.137,-113.97,G16_12,staged
2025-02-14 07:55:00,9,51.011,-113.998,G09_11,staged
2025-02-14 07:55:00,10,51.0088,-114.15703,G09_05,on_scene
2025-02-14 08:00:00,1,51.047,-114.054,G11_09,staged
2025-02-14 08:00:00,2,50.939,-114.082,G05_08,staged
2025-02-14 08:00:00,3,51.12522,-114.0741,G15_08,responding
2025-02-14 08:00:00,4,51.065,-113.97,G12_12,staged
2025-02-14 08:00:00,5,51.1452,-114.17579,G16_05,responding
2025-02-14 08:00:00,6,50.903,-113.97,G03_12,staged
2025-02-14 08:00:00,7,50.993,-114.082,G08_08,staged
2025-02-14 08:00:00,8,51.137,-113.97,G16_12,staged
2025-02-14 08:00:00,9,51.011,-113.998,G09_11,staged
2025-02-14 08:00:00,10,51.01373,-114.15458,G09_05,returning
2025-02-14 08:05:00,1,51.047,-114.054,G11_09,staged
2025-02-14 08:05:00,2,50.939,-114.082,G05_08,staged
2025-02-14 08:05:00,3,51.13543,-114.10706,G16_07,responding
2025-02-14 08:05:00,4,51.065,-113.97,G12_12,staged
2025-02-14 08:05:00,5,51.152,-114.16068,G17_05,on_scene
2025-02-14 08:05:00,6,50.903,-113.97,G03_12,staged
2025-02-14 08:05:00,7,50.993,-114.082,G08_08,staged
2025-02-14 08:05:00,8,51.137,-113.97,G16_12,staged
2025-02-14 08:05:00,9,51.011,-113.998,G09_11,staged
2025-02-14 08:05:00,10,51.03573,-114.14361,G10_06,returning
2025-02-14 08:10:00,1,51.047,-114.054,G11_09,staged
2025-02-14 08:10:00,2,50.939,-114.082,G05_08,staged
2025-02-14 08:10:00,3,51.14563,-114.14001,G16_06,responding
2025-02-14 08:10:00,4,51.065,-113.97,G12_12,staged
2025-02-14 08:10:00,5,51.152,-114.16068,G17_05,on_scene
2025-02-14 08:10:00,6,50.903,-113.97,G03_12,staged
2025-02-14 08:10:00,7,50.993,-114.082,G08_08,staged
2025-02-14 08:10:00,8,51.137,-113.97,G16_12,staged
2025-02-14 08:10:00,9,51.011,-113.998,G09_11,staged
2025-02-14 08:10:00,10,51.047,-114.138,G11_06,staged
2025-02-14 08:15:00,1,51.047,-114.054,G11_09,staged
2025-02-14 08:15:00,2,50.93056,-114.10015,G05_07,responding
2025-02-14 08:15:00,3,51.15203,-114.16068,G17_05,on_scene
2025-02-14 08:15:00,4,51.065,-113.97,G12_12,staged
2025-02-14 08:15:00,5,51.152,-114.16068,G17_05,on_scene
2025-02-14 08:15:00,6,50.903,-113.97,G03_12,staged
2025-02-14 08:15:00,7,50.993,-114.082,G08_08,staged
2025-02-14 08:15:00,8,51.137,-113.97,G16_12,staged
2025-02-14 08:15:00,9,51.011,-113.998,G09_11,staged
2025-02-14 08:15:00,10,51.047,-114.138,G11_06,staged
2025-02-14 08:20:00,1,51.047,-114.054,G11_09,staged
2025-02-14 08:20:00,2,50.91687,-114.12959,G04_06,responding
2025-02-14 08:20:00,3,51.15203,-114.16068,G17_05,on_scene
2025-02-14 08:20:00,4,51.065,-113.97,G12_12,staged
2025-02-14 08:20:00,5,51.152,-114.16068,G17_05,on_scene
2025-02-14 08:20:00,6,50.903,-113.97,G03_12,staged
2025-02-14 08:20:00,7,50.993,-114.082,G08_08,staged
2025-02-14 08:20:00,8,51.137,-113.97,G16_12,staged
2025-02-14 08:20:00,9,51.011,-113.998,G09_11,staged
2025-02-14 08:20:00,10,51.047,-114.138,G11_06,staged
2025-02-14 08:25:00,1,51.047,-114.054,G11_09,staged
2025-02-14 08:25:00,2,50.91606,-114.13132,G04_06,on_scene
2025-02-14 08:25:00,3,51.15203,-114.16068,G17_05,on_scene
2025-02-14 08:25:00,4,51.065,-113.97,G12_12,staged
2025-02-14 08:25:00,5,51.152,-114.16068,G17_05,on_scene
2025-02-14 08:25:00,6,50.903,-113.97,G03_12,staged
2025-02-14 08:25:00,7,50.993,-114.082,G08_08,staged
2025-02-14 08:25:00,8,51.137,-113.97,G16_12,staged
2025-02-14 08:25:00,9,51.011,-113.998,G09_11,staged
2025-02-14 08:25:00,10,51.047,-114.138,G11_06,staged
2025-02-14 08:30:00,1,51.047,-114.054,G11_09,staged
2025-02-14 08:30:00,2,50.91606,-114.13132,G04_06,on_scene
2025-02-14 08:30:00,3,51.15203,-114.16068,G17_05,on_scene
2025-02-14 08:30:00,4,51.065,-113.97,G12_12,staged
2025-02-14 08:30:00,5,51.152,-114.16068,G17_05,on_scene
2025-02-14 08:30:00,6,50.903,-113.97,G03_12,staged
2025-02-14 08:30:00,7,50.993,-114.082,G08_08,staged
2025-02-14 08:30:00,8,51.137,-113.97,G16_12,staged
2025-02-14 08:30:00,9,51.011,-113.998,G09_11,staged
2025-02-14 08:30:00,10,51.04444,-114.13995,G11_06,responding
2025-02-14 08:35:00,1,51.047,-114.054,G11_09,staged
2025-02-14 08:35:00,2,50.91606,-114.13132,G04_06,on_scene
2025-02-14 08:35:00,3,51.15203,-114.16068,G17_05,on_scene
2025-02-14 08:35:00,4,51.065,-113.97,G12_12,staged
2025-02-14 08:35:00,5,51.14536,-114.17544,G16_05,returning
2025-02-14 08:35:00,6,50.903,-113.97,G03_12,staged
2025-02-14 08:35:00,7,50.99453,-114.0969,G08_07,on_scene
2025-02-14 08:35:00,8,51.137,-113.97,G16_12,staged
2025-02-14 08:35:00,9,51.011,-113.998,G09_11,staged
2025-02-14 08:35:00,10,51.02364,-114.15579,G10_05,responding
2025-02-14 08:40:00,1,51.047,-114.054,G11_09,staged
2025-02-14 08:40:00,2,50.91606,-114.13132,G04_06,on_scene
2025-02-14 08:40:00,3,51.15203,-114.16068,G17_05,on_scene
2025-02-14 08:40:00,4,51.065,-113.97,G12_12,staged
2025-02-14 08:40:00,5,51.15025,-114.14513,G17_06,responding
2025-02-14 08:40:00,6,50.903,-113.97,G03_12,staged
2025-02-14 08:40:00,7,50.99453,-114.0969,G08_07,on_scene
2025-02-14 08:40:00,8,51.137,-113.97,G16_12,staged
2025-02-14 08:40:00,9,51.011,-113.998,G09_11,staged
2025-02-14 08:40:00,10,51.00874,-114.16714,G09_05,on_scene
2025-02-14 08:45:00,1,51.047,-114.054,G11_09,staged
2025-02-14 08:45:00,2,50.91606,-114.13132,G04_06,on_scene
2025-02-14 08:45:00,3,51.14823,-114.14839,G17_06,returning
2025-02-14 08:45:00,4,51.065,-113.97,G12_12,staged
2025-02-14 08:45:00,5,51.15425,-114.12314,G17_07,on_scene
2025-02-14 08:45:00,6,50.903,-113.97,G03_12,staged
2025-02-14 08:45:00,7,50.99453,-114.0969,G08_07,on_scene
2025-02-14 08:45:00,8,51.137,-113.97,G16_12,staged
2025-02-14 08:45:00,9,51.011,-113.998,G09_11,staged
2025-02-14 08:45:00,10,51.00874,-114.16714,G09_05,on_scene
2025-02-14 08:50:00,1,51.047,-114.054,G11_09,staged
2025-02-14 08:50:00,2,50.91606,-114.13132,G04_06,on_scene
2025-02-14 08:50:00,3,51.13802,-114.11544,G16_07,returning
2025-02-14 08:50:00,4,51.065,-113.97,G12_12,staged
2025-02-14 08:50:00,5,51.15425,-114.12314,G17_07,on_scene
2025-02-14 08:50:00,6,50.903,-113.97,G03_12,staged
2025-02-14 08:50:00,7,50.99453,-114.0969,G08_07,on_scene
2025-02-14 08:50:00,8,51.137,-113.97,G16_12,staged
2025-02-14 08:50:00,9,51.011,-113.998,G09_11,staged
2025-02-14 08:50:00,10,51.00874,-114.16714,G09_05,on_scene
2025-02-14 08:55:00,1,51.047,-114.054,G11_09,staged
2025-02-14 08:55:00,2,50.92895,-114.10361,G04_07,returning
2025-02-14 08:55:00,3,51.12782,-114.08248,G15_08,returning
2025-02-14 08:55:00,4,51.065,-113.97,G12_12,staged
2025-02-14 08:55:00,5,51.15425,-114.12314,G17_07,on_scene
2025-02-14 08:55:00,6,50.903,-113.97,G03_12,staged
2025-02-14 08:55:00,7,50.99453,-114.0969,G08_07,on_scene
2025-02-14 08:55:00,8,51.137,-113.97,G16_12,staged
2025-02-14 08:55:00,9,51.011,-113.998,G09_11,staged
2025-02-14 08:55:00,10,51.00874,-114.16714,G09_05,on_scene
2025-02-14 09:00:00,1,51.047,-114.054,G11_09,staged
2025-02-14 09:00:00,2,50.939,-114.082,G05_08,staged
2025-02-14 09:00:00,3,51.119,-114.054,G15_09,staged
2025-02-14 09:00:00,4,51.065,-113.97,G12_12,staged
2025-02-14 09:00:00,5,51.15425,-114.12314,G17_07,on_scene
2025-02-14 09:00:00,6,50.903,-113.97,G03_12,staged
2025-02-14 09:00:00,7,50.99453,-114.0969,G08_07,on_scene
2025-02-14 09:00:00,8,51.137,-113.97,G16_12,staged
2025-02-14 09:00:00,9,51.011,-113.998,G09_11,staged
2025-02-14 09:00:00,10,51.00874,-114.16714,G09_05,on_scene
2025-02-14 09:05:00,1,51.047,-114.054,G11_09,staged
2025-02-14 09:05:00,2,50.939,-114.082,G05_08,staged
2025-02-14 09:05:00,3,51.119,-114.054,G15_09,staged
2025-02-14 09:05:00,4,51.065,-113.97,G12_12,staged
2025-02-14 09:05:00,5,51.15425,-114.12314,G17_07,on_scene
2025-02-14 09:05:00,6,50.903,-113.97,G03_12,staged
2025-02-14 09:05:00,7,50.99377,-114.0895,G08_08,returning
2025-02-14 09:05:00,8,51.137,-113.97,G16_12,staged
2025-02-14 09:05:00,9,51.011,-113.998,G09_11,staged
2025-02-14 09:05:00,10,51.00874,-114.16714,G09_05,on_scene
2025-02-14 09:10:00,1,51.047,-114.054,G11_09,staged
2025-02-14 09:10:00,2,50.939,-114.082,G05_08,staged
2025-02-14 09:10:00,3,51.119,-114.054,G15_09,staged
2025-02-14 09:10:00,4,51.065,-113.97,G12_12,staged
2025-02-14 09:10:00,5,51.15425,-114.12314,G17_07,on_scene
2025-02-14 09:10:00,6,50.89795,-113.97489,G03_12,responding
2025-02-14 09:10:00,7,50.993,-114.082,G08_08,staged
2025-02-14 09:10:00,8,51.137,-113.97,G16_12,staged
2025-02-14 09:10:00,9,51.00863,-114.02168,G09_10,on_scene
2025-02-14 09:10:00,10,51.01464,-114.16265,G09_05,returning
2025-02-14 09:15:00,1,51.047,-114.054,G11_09,staged
2025-02-14 09:15:00,2,50.939,-114.082,G05_08,staged
2025-02-14 09:15:00,3,51.119,-114.054,G15_09,staged
2025-02-14 09:15:00,4,51.065,-113.97,G12_12,staged
2025-02-14 09:15:00,5,51.15338,-114.13692,G17_06,responding
2025-02-14 09:15:00,6,50.89784,-113.97499,G03_12,on_scene
2025-02-14 09:15:00,7,50.993,-114.082,G08_08,staged
2025-02-14 09:15:00,8,51.137,-113.97,G16_12,staged
2025-02-14 09:15:00,9,51.00863,-114.02168,G09_10,on_scene
2025-02-14 09:15:00,10,51.02279,-114.17901,G10_05,responding
2025-02-14 09:20:00,1,51.047,-114.054,G11_09,staged
2025-02-14 09:20:00,2,50.939,-114.082,G05_08,staged
2025-02-14 09:20:00,3,51.119,-114.054,G15_09,staged
2025-02-14 09:20:00,4,51.065,-113.97,G12_12,staged
2025-02-14 09:20:00,5,51.15174,-114.16599,G17_05,on_scene
2025-02-14 09:20:00,6,50.89784,-113.97499,G03_12,on_scene
2025-02-14 09:20:00,7,50.993,-114.082,G08_08,staged
2025-02-14 09:20:00,8,51.137,-113.97,G16_12,staged
2025-02-14 09:20:00,9,51.00863,-114.02168,G09_10,on_scene
2025-02-14 09:20:00,10,51.02296,-114.21567,G10_03,responding
2025-02-14 09:25:00,1,51.047,-114.054,G11_09,staged
2025-02-14 09:25:00,2,50.939,-114.082,G05_08,staged
2025-02-14 09:25:00,3,51.119,-114.054,G15_09,staged
2025-02-14 09:25:00,4,51.065,-113.97,G12_12,staged
2025-02-14 09:25:00,5,51.15174,-114.16599,G17_05,on_scene
2025-02-14 09:25:00,6,50.89784,-113.97499,G03_12,on_scene
2025-02-14 09:25:00,7,50.993,-114.082,G08_08,staged
2025-02-14 09:25:00,8,51.137,-113.97,G16_12,staged
2025-02-14 09:25:00,9,51.00863,-114.02168,G09_10,on_scene
2025-02-14 09:25:00,10,51.02302,-114.22646,G10_03,on_scene
2025-02-14 09:30:00,1,51.047,-114.054,G11_09,staged
2025-02-14 09:30:00,2,50.939,-114.082,G05_08,staged
2025-02-14 09:30:00,3,51.119,-114.054,G15_09,staged
2025-02-14 09:30:00,4,51.065,-113.97,G12_12,staged
2025-02-14 09:30:00,5,51.15174,-114.16599,G17_05,on_scene
2025-02-14 09:30:00,6,50.89784,-113.97499,G03_12,on_scene
2025-02-14 09:30:00,7,50.993,-114.082,G08_08,staged
2025-02-14 09:30:00,8,51.137,-113.97,G16_12,staged
2025-02-14 09:30:00,9,51.00863,-114.02168,G09_10,on_scene
2025-02-14 09:30:00,10,51.02302,-114.22646,G10_03,on_scene
2025-02-14 09:35:00,1,51.047,-114.054,G11_09,staged
2025-02-14 09:35:00,2,50.939,-114.082,G05_08,staged
2025-02-14 09:35:00,3,51.119,-114.054,G15_09,staged
2025-02-14 09:35:00,4,51.065,-113.97,G12_12,staged
2025-02-14 09:35:00,5,51.15174,-114.16599,G17_05,on_scene
2025-02-14 09:35:00,6,50.89784,-113.97499,G03_12,on_scene
2025-02-14 09:35:00,7,50.993,-114.082,G08_08,staged
2025-02-14 09:35:00,8,51.137,-113.97,G16_12,staged
2025-02-14 09:35:00,9,51.00863,-114.02168,G09_10,on_scene
2025-02-14 09:35:00,10,51.02302,-114.22646,G10_03,on_scene
2025-02-14 09:40:00,1,51.047,-114.054,G11_09,staged
2025-02-14 09:40:00,2,50.939,-114.082,G05_08,staged
2025-02-14 09:40:00,3,51.119,-114.054,G15_09,staged
2025-02-14 09:40:00,4,51.065,-113.97,G12_12,staged
2025-02-14 09:40:00,5,51.15174,-114.16599,G17_05,on_scene
2025-02-14 09:40:00,6,50.89784,-113.97499,G03_12,on_scene
2025-02-14 09:40:00,7,50.993,-114.082,G08_08,staged
2025-02-14 09:40:00,8,51.137,-113.97,G16_12,staged
2025-02-14 09:40:00,9,51.00869,-114.02112,G09_10,returning
2025-02-14 09:40:00,10,51.02302,-114.22646,G10_03,on_scene
2025-02-14 09:45:00,1,51.047,-114.054,G11_09,staged
2025-02-14 09:45:00,2,50.939,-114.082,G05_08,staged
2025-02-14 09:45:00,3,51.119,-114.054,G15_09,staged
2025-02-14 09:45:00,4,51.065,-113.97,G12_12,staged
2025-02-14 09:45:00,5,51.15174,-114.16599,G17_05,on_scene
2025-02-14 09:45:00,6,50.903,-113.97,G03_12,staged
2025-02-14 09:45:00,7,50.993,-114.082,G08_08,staged
2025-02-14 09:45:00,8,51.137,-113.97,G16_12,staged
2025-02-14 09:45:00,9,51.011,-113.998,G09_11,staged
2025-02-14 09:45:00,10,51.02302,-114.22646,G10_03,on_scene
2025-02-14 09:50:00,1,51.047,-114.054,G11_09,staged
2025-02-14 09:50:00,2,50.939,-114.082,G05_08,staged
2025-02-14 09:50:00,3,51.119,-114.054,G15_09,staged
2025-02-14 09:50:00,4,51.065,-113.97,G12_12,staged
2025-02-14 09:50:00,5,51.14868,-114.1718,G17_05,returning
2025-02-14 09:50:00,6,50.903,-113.97,G03_12,staged
2025-02-14 09:50:00,7,50.993,-114.082,G08_08,staged
2025-02-14 09:50:00,8,51.137,-113.97,G16_12,staged
2025-02-14 09:50:00,9,51.011,-113.998,G09_11,staged
2025-02-14 09:50:00,10,51.02302,-114.22646,G10_03,on_scene
2025-02-14 09:55:00,1,51.047,-114.054,G11_09,staged
2025-02-14 09:55:00,2,50.939,-114.082,G05_08,staged
2025-02-14 09:55:00,3,51.119,-114.054,G15_09,staged
2025-02-14 09:55:00,4,51.065,-113.97,G12_12,staged
2025-02-14 09:55:00,5,51.137,-114.194,G16_04,staged
2025-02-14 09:55:00,6,50.903,-113.97,G03_12,staged
2025-02-14 09:55:00,7,50.993,-114.082,G08_08,staged
2025-02-14 09:55:00,8,51.137,-113.97,G16_12,staged
2025-02-14 09:55:00,9,51.011,-113.998,G09_11,staged
2025-02-14 09:55:00,10,51.02946,-114.2027,G10_04,returning
2025-02-14 10:00:00,1,51.047,-114.054,G11_09,staged
2025-02-14 10:00:00,2,50.939,-114.082,G05_08,staged
2025-02-14 10:00:00,3,51.119,-114.054,G15_09,staged
2025-02-14 10:00:00,4,51.065,-113.97,G12_12,staged
2025-02-14 10:00:00,5,51.137,-114.194,G16_04,staged
2025-02-14 10:00:00,6,50.903,-113.97,G03_12,staged
2025-02-14 10:00:00,7,50.993,-114.082,G08_08,staged
2025-02-14 10:00:00,8,51.137,-113.97,G16_12,staged
2025-02-14 10:00:00,9,51.011,-113.998,G09_11,staged
2025-02-14 10:00:00,10,51.03859,-114.16903,G11_05,returning
2025-02-14 10:05:00,1,51.047,-114.054,G11_09,staged
2025-02-14 10:05:00,2,50.939,-114.082,G05_08,staged
2025-02-14 10:05:00,3,51.119,-114.054,G15_09,staged
2025-02-14 10:05:00,4,51.065,-113.97,G12_12,staged
2025-02-14 10:05:00,5,51.137,-114.194,G16_04,staged
2025-02-14 10:05:00,6,50.903,-113.97,G03_12,staged
2025-02-14 10:05:00,7,50.993,-114.082,G08_08,staged
2025-02-14 10:05:00,8,51.137,-113.97,G16_12,staged
2025-02-14 10:05:00,9,51.011,-113.998,G09_11,staged
2025-02-14 10:05:00,10,51.047,-114.138,G11_06,staged
2025-02-14 10:10:00,1,51.047,-114.054,G11_09,staged
2025-02-14 10:10:00,2,50.939,-114.082,G05_08,staged
2025-02-14 10:10:00,3,51.119,-114.054,G15_09,staged
2025-02-14 10:10:00,4,51.065,-113.97,G12_12,staged
2025-02-14 10:10:00,5,51.1245,-114.2065,G15_04,responding
2025-02-14 10:10:00,6,50.9007,-113.98022,G03_12,responding
2025-02-14 10:10:00,7,50.993,-114.082,G08_08,staged
2025-02-14 10:10:00,8,51.137,-113.97,G16_12,staged
2025-02-14 10:10:00,9,51.011,-113.998,G09_11,staged
2025-02-14 10:10:00,10,51.047,-114.138,G11_06,staged
2025-02-14 10:15:00,1,51.047,-114.054,G11_09,staged
2025-02-14 10:15:00,2,50.939,-114.082,G05_08,staged
2025-02-14 10:15:00,3,51.119,-114.054,G15_09,staged
2025-02-14 10:15:00,4,51.065,-113.97,G12_12,staged
2025-02-14 10:15:00,5,51.10497,-114.22602,G14_03,responding
2025-02-14 10:15:00,6,50.89346,-114.01244,G02_10,on_scene
2025-02-14 10:15:00,7,50.993,-114.082,G08_08,staged
2025-02-14 10:15:00,8,51.137,-113.97,G16_12,staged
2025-02-14 10:15:00,9,51.011,-113.998,G09_11,staged
2025-02-14 10:15:00,10,51.047,-114.138,G11_06,staged
2025-02-14 10:20:00,1,51.047,-114.054,G11_09,staged
2025-02-14 10:20:00,2,50.939,-114.082,G05_08,staged
2025-02-14 10:20:00,3,51.119,-114.054,G15_09,staged
2025-02-14 10:20:00,4,51.065,-113.97,G12_12,staged
2025-02-14 10:20:00,5,51.10172,-114.22927,G14_03,on_scene
2025-02-14 10:20:00,6,50.89346,-114.01244,G02_10,on_scene
2025-02-14 10:20:00,7,50.993,-114.082,G08_08,staged
2025-02-14 10:20:00,8,51.137,-113.97,G16_12,staged
2025-02-14 10:20:00,9,51.011,-113.998,G09_11,staged
2025-02-14 10:20:00,10,51.05816,-114.15337,G12_05,responding
2025-02-14 10:25:00,1,51.047,-114.054,G11_09,staged
2025-02-14 10:25:00,2,50.939,-114.082,G05_08,staged
2025-02-14 10:25:00,3,51.119,-114.054,G15_09,staged
2025-02-14 10:25:00,4,51.065,-113.97,G12_12,staged
2025-02-14 10:25:00,5,51.10172,-114.22927,G14_03,on_scene
2025-02-14 10:25:00,6,50.89346,-114.01244,G02_10,on_scene
2025-02-14 10:25:00,7,50.993,-114.082,G08_08,staged
2025-02-14 10:25:00,8,51.137,-113.97,G16_12,staged
2025-02-14 10:25:00,9,51.0225,-114.00125,G10_11,responding
2025-02-14 10:25:00,10,51.0756,-114.17739,G13_05,responding
2025-02-14 10:30:00,1,51.04854,-114.05196,G11_09,responding
2025-02-14 10:30:00,2,50.939,-114.082,G05_08,staged
2025-02-14 10:30:00,3,51.119,-114.054,G15_09,staged
2025-02-14 10:30:00,4,51.065,-113.97,G12_12,staged
2025-02-14 10:30:00,5,51.10172,-114.22927,G14_03,on_scene
2025-02-14 10:30:00,6,50.89346,-114.01244,G02_10,on_scene
2025-02-14 10:30:00,7,50.993,-114.082,G08_08,staged
2025-02-14 10:30:00,8,51.137,-113.97,G16_12,staged
2025-02-14 10:30:00,9,51.03816,-114.00566,G11_11,on_scene
2025-02-14 10:30:00,10,51.09303,-114.20141,G13_04,responding
2025-02-14 10:35:00,1,51.06621,-114.02854,G12_10,on_scene
2025-02-14 10:35:00,2,50.92451,-114.05418,G04_09,responding
2025-02-14 10:35:00,3,51.119,-114.054,G15_09,staged
2025-02-14 10:35:00,4,51.065,-113.97,G12_12,staged
2025-02-14 10:35:00,5,51.10172,-114.22927,G14_03,on_scene
2025-02-14 10:35:00,6,50.89346,-114.01244,G02_10,on_scene
2025-02-14 10:35:00,7,50.993,-114.082,G08_08,staged
2025-02-14 10:35:00,8,51.137,-113.97,G16_12,staged
2025-02-14 10:35:00,9,51.03816,-114.00566,G11_11,on_scene
2025-02-14 10:35:00,10,51.10979,-114.2245,G14_03,on_scene
2025-02-14 10:40:00,1,51.06621,-114.02854,G12_10,on_scene
2025-02-14 10:40:00,2,50.90981,-114.02599,G03_11,responding
2025-02-14 10:40:00,3,51.119,-114.054,G15_09,staged
2025-02-14 10:40:00,4,51.065,-113.97,G12_12,staged
2025-02-14 10:40:00,5,51.10172,-114.22927,G14_03,on_scene
2025-02-14 10:40:00,6,50.89346,-114.01244,G02_10,on_scene
2025-02-14 10:40:00,7,50.98844,-114.06884,G08_08,responding
2025-02-14 10:40:00,8,51.137,-113.97,G16_12,staged
2025-02-14 10:40:00,9,51.03816,-114.00566,G11_11,on_scene
2025-02-14 10:40:00,10,51.10979,-114.2245,G14_03,on_scene
2025-02-14 10:45:00,1,51.06621,-114.02854,G12_10,on_scene
2025-02-14 10:45:00,2,50.89615,-113.99975,G03_11,on_scene
2025-02-14 10:45:00,3,51.119,-114.054,G15_09,staged
2025-02-14 10:45:00,4,51.065,-113.97,G12_12,staged
2025-02-14 10:45:00,5,51.10172,-114.22927,G14_03,on_scene
2025-02-14 10:45:00,6,50.89397,-114.01022,G03_11,responding
2025-02-14 10:45:00,7,50.97839,-114.03981,G07_10,on_scene
2025-02-14 10:45:00,8,51.137,-113.97,G16_12,staged
2025-02-14 10:45:00,9,51.03816,-114.00566,G11_11,on_scene
2025-02-14 10:45:00,10,51.10979,-114.2245,G14_03,on_scene
2025-02-14 10:50:00,1,51.06621,-114.02854,G12_10,on_scene
2025-02-14 10:50:00,2,50.89615,-113.99975,G03_11,on_scene
2025-02-14 10:50:00,3,51.119,-114.054,G15_09,staged
2025-02-14 10:50:00,4,51.065,-113.97,G12_12,staged
2025-02-14 10:50:00,5,51.11801,-114.21299,G15_03,returning
2025-02-14 10:50:00,6,50.89481,-114.00648,G03_11,on_scene
2025-02-14 10:50:00,7,50.97839,-114.03981,G07_10,on_scene
2025-02-14 10:50:00,8,51.137,-113.97,G16_12,staged
2025-02-14 10:50:00,9,51.03816,-114.00566,G11_11,on_scene
2025-02-14 10:50:00,10,51.10979,-114.2245,G14_03,on_scene
2025-02-14 10:55:00,1,51.06621,-114.02854,G12_10,on_scene
2025-02-14 10:55:00,2,50.89615,-113.99975,G03_11,on_scene
2025-02-14 10:55:00,3,51.119,-114.054,G15_09,staged
2025-02-14 10:55:00,4,51.065,-113.97,G12_12,staged
2025-02-14 10:55:00,5,51.137,-114.194,G16_04,staged
2025-02-14 10:55:00,6,50.89481,-114.00648,G03_11,on_scene
2025-02-14 10:55:00,7,50.97839,-114.03981,G07_10,on_scene
2025-02-14 10:55:00,8,51.137,-113.97,G16_12,staged
2025-02-14 10:55:00,9,51.03816,-114.00566,G11_11,on_scene
2025-02-14 10:55:00,10,51.10979,-114.2245,G14_03,on_scene
2025-02-14 11:00:00,1,51.06621,-114.02854,G12_10,on_scene
2025-02-14 11:00:00,2,50.89615,-113.99975,G03_11,on_scene
2025-02-14 11:00:00,3,51.119,-114.054,G15_09,staged
2025-02-14 11:00:00,4,51.065,-113.97,G12_12,staged
2025-02-14 11:00:00,5,51.1283,-114.21083,G16_03,responding
2025-02-14 11:00:00,6,50.89481,-114.00648,G03_11,on_scene
2025-02-14 11:00:00,7,50.97839,-114.03981,G07_10,on_scene
2025-02-14 11:00:00,8,51.137,-113.97,G16_12,staged
2025-02-14 11:00:00,9,51.03111,-114.00367,G10_11,returning
2025-02-14 11:00:00,10,51.10979,-114.2245,G14_03,on_scene
2025-02-14 11:05:00,1,51.06617,-114.0286,G12_10,returning
2025-02-14 11:05:00,2,50.89615,-113.99975,G03_11,on_scene
2025-02-14 11:05:00,3,51.119,-114.054,G15_09,staged
2025-02-14 11:05:00,4,51.065,-113.97,G12_12,staged
2025-02-14 11:05:00,5,51.11803,-114.2307,G15_03,on_scene
2025-02-14 11:05:00,6,50.89481,-114.00648,G03_11,on_scene
2025-02-14 11:05:00,7,50.97839,-114.03981,G07_10,on_scene
2025-02-14 11:05:00,8,51.137,-113.97,G16_12,staged
2025-02-14 11:05:00,9,51.011,-113.998,G09_11,staged
2025-02-14 11:05:00,10,51.10912,-114.22357,G14_03,returning
2025-02-14 11:10:00,1,51.04845,-114.05208,G11_09,returning
2025-02-14 11:10:00,2,50.89615,-113.99975,G03_11,on_scene
2025-02-14 11:10:00,3,51.119,-114.054,G15_09,staged
2025-02-14 11:10:00,4,51.065,-113.97,G12_12,staged
2025-02-14 11:10:00,5,51.11803,-114.2307,G15_03,on_scene
2025-02-14 11:10:00,6,50.89481,-114.00648,G03_11,on_scene
2025-02-14 11:10:00,7,50.97839,-114.03981,G07_10,on_scene
2025-02-14 11:10:00,8,51.137,-113.97,G16_12,staged
2025-02-14 11:10:00,9,51.011,-113.998,G09_11,staged
2025-02-14 11:10:00,10,51.09298,-114.1975,G13_04,responding
2025-02-14 11:15:00,1,51.047,-114.054,G11_09,staged
2025-02-14 11:15:00,2,50.89717,-114.00171,G03_11,returning
2025-02-14 11:15:00,3,51.119,-114.054,G15_09,staged
2025-02-14 11:15:00,4,51.065,-113.97,G12_12,staged
2025-02-14 11:15:00,5,51.11803,-114.2307,G15_03,on_scene
2025-02-14 11:15:00,6,50.89481,-114.00648,G03_11,on_scene
2025-02-14 11:15:00,7,50.97945,-114.04287,G07_09,returning
2025-02-14 11:15:00,8,51.137,-113.97,G16_12,staged
2025-02-14 11:15:00,9,51.011,-113.998,G09_11,staged
2025-02-14 11:15:00,10,51.07803,-114.16955,G13_05,responding
2025-02-14 11:20:00,1,51.047,-114.054,G11_09,staged
2025-02-14 11:20:00,2,50.91186,-114.02991,G03_09,returning
2025-02-14 11:20:00,3,51.119,-114.054,G15_09,staged
2025-02-14 11:20:00,4,51.065,-113.97,G12_12,staged
2025-02-14 11:20:00,5,51.11803,-114.2307,G15_03,on_scene
2025-02-14 11:20:00,6,50.9017,-113.97578,G03_12,returning
2025-02-14 11:20:00,7,50.99219,-114.03486,G08_10,on_scene
2025-02-14 11:20:00,8,51.137,-113.97,G16_12,staged
2025-02-14 11:20:00,9,51.011,-113.998,G09_11,staged
2025-02-14 11:20:00,10,51.07528,-114.1644,G13_05,on_scene
2025-02-14 11:25:00,1,51.047,-114.054,G11_09,staged
2025-02-14 11:25:00,2,50.92655,-114.0581,G04_09,returning
2025-02-14 11:25:00,3,51.119,-114.054,G15_09,staged
2025-02-14 11:25:00,4,51.065,-113.97,G12_12,staged
2025-02-14 11:25:00,5,51.11803,-114.2307,G15_03,on_scene
2025-02-14 11:25:00,6,50.903,-113.97,G03_12,staged
2025-02-14 11:25:00,7,50.99219,-114.03486,G08_10,on_scene
2025-02-14 11:25:00,8,51.137,-113.97,G16_12,staged
2025-02-14 11:25:00,9,51.011,-113.998,G09_11,staged
2025-02-14 11:25:00,10,51.07528,-114.1644,G13_05,on_scene
2025-02-14 11:30:00,1,51.047,-114.054,G11_09,staged
2025-02-14 11:30:00,2,50.939,-114.082,G05_08,staged
2025-02-14 11:30:00,3,51.119,-114.054,G15_09,staged
2025-02-14 11:30:00,4,51.065,-113.97,G12_12,staged
2025-02-14 11:30:00,5,51.11803,-114.2307,G15_03,on_scene
2025-02-14 11:30:00,6,50.903,-113.97,G03_12,staged
2025-02-14 11:30:00,7,50.99219,-114.03486,G08_10,on_scene
2025-02-14 11:30:00,8,51.137,-113.97,G16_12,staged
2025-02-14 11:30:00,9,50.99721,-114.02065,G08_10,responding
2025-02-14 11:30:00,10,51.07528,-114.1644,G13_05,on_scene
2025-02-14 11:35:00,1,51.047,-114.054,G11_09,staged
2025-02-14 11:35:00,2,50.939,-114.082,G05_08,staged
2025-02-14 11:35:00,3,51.119,-114.054,G15_09,staged
2025-02-14 11:35:00,4,51.065,-113.97,G12_12,staged
2025-02-14 11:35:00,5,51.12242,-114.2222,G15_03,returning
2025-02-14 11:35:00,6,50.903,-113.97,G03_12,staged
2025-02-14 11:35:00,7,50.99219,-114.03486,G08_10,on_scene
2025-02-14 11:35:00,8,51.137,-113.97,G16_12,staged
2025-02-14 11:35:00,9,50.98397,-114.04239,G07_09,on_scene
2025-02-14 11:35:00,10,51.07528,-114.1644,G13_05,on_scene
2025-02-14 11:40:00,1,51.047,-114.054,G11_09,staged
2025-02-14 11:40:00,2,50.939,-114.082,G05_08,staged
2025-02-14 11:40:00,3,51.119,-114.054,G15_09,staged
2025-02-14 11:40:00,4,51.065,-113.97,G12_12,staged
2025-02-14 11:40:00,5,51.137,-114.194,G16_04,staged
2025-02-14 11:40:00,6,50.903,-113.97,G03_12,staged
2025-02-14 11:40:00,7,50.99219,-114.03486,G08_10,on_scene
2025-02-14 11:40:00,8,51.137,-113.97,G16_12,staged
2025-02-14 11:40:00,9,50.98397,-114.04239,G07_09,on_scene
2025-02-14 11:40:00,10,51.07528,-114.1644,G13_05,on_scene
2025-02-14 11:45:00,1,51.047,-114.054,G11_09,staged
2025-02-14 11:45:00,2,50.939,-114.082,G05_08,staged
2025-02-14 11:45:00,3,51.119,-114.054,G15_09,staged
2025-02-14 11:45:00,4,51.065,-113.97,G12_12,staged
2025-02-14 11:45:00,5,51.13916,-114.16468,G16_05,responding
2025-02-14 11:45:00,6,50.903,-113.97,G03_12,staged
2025-02-14 11:45:00,7,50.99219,-114.03486,G08_10,on_scene
2025-02-14 11:45:00,8,51.137,-113.97,G16_12,staged
2025-02-14 11:45:00,9,50.98397,-114.04239,G07_09,on_scene
2025-02-14 11:45:00,10,51.07528,-114.1644,G13_05,on_scene
2025-02-14 11:50:00,1,51.047,-114.054,G11_09,staged
2025-02-14 11:50:00,2,50.939,-114.082,G05_08,staged
2025-02-14 11:50:00,3,51.119,-114.054,G15_09,staged
2025-02-14 11:50:00,4,51.065,-113.97,G12_12,staged
2025-02-14 11:50:00,5,51.14185,-114.12817,G16_06,responding
2025-02-14 11:50:00,6,50.903,-113.97,G03_12,staged
2025-02-14 11:50:00,7,50.99233,-114.0431,G08_09,returning
2025-02-14 11:50:00,8,51.137,-113.97,G16_12,staged
2025-02-14 11:50:00,9,50.98397,-114.04239,G07_09,on_scene
2025-02-14 11:50:00,10,51.05905,-114.14925,G12_06,returning
2025-02-14 11:55:00,1,51.047,-114.054,G11_09,staged
2025-02-14 11:55:00,2,50.939,-114.082,G05_08,staged
2025-02-14 11:55:00,3,51.119,-114.054,G15_09,staged
2025-02-14 11:55:00,4,51.065,-113.97,G12_12,staged
2025-02-14 11:55:00,5,51.14229,-114.12218,G16_07,on_scene
2025-02-14 11:55:00,6,50.903,-113.97,G03_12,staged
2025-02-14 11:55:00,7,50.99296,-114.07972,G08_08,returning
2025-02-14 11:55:00,8,51.137,-113.97,G16_12,staged
2025-02-14 11:55:00,9,50.98397,-114.04239,G07_09,on_scene
2025-02-14 11:55:00,10,51.047,-114.138,G11_06,staged
2025-02-14 12:00:00,1,51.047,-114.054,G11_09,staged
2025-02-14 12:00:00,2,50.939,-114.082,G05_08,staged
2025-02-14 12:00:00,3,51.119,-114.054,G15_09,staged
2025-02-14 12:00:00,4,51.065,-113.97,G12_12,staged
2025-02-14 12:00:00,5,51.14229,-114.12218,G16_07,on_scene
2025-02-14 12:00:00,6,50.903,-113.97,G03_12,staged
2025-02-14 12:00:00,7,50.993,-114.082,G08_08,staged
2025-02-14 12:00:00,8,51.137,-113.97,G16_12,staged
2025-02-14 12:00:00,9,50.98397,-114.04239,G07_09,on_scene
2025-02-14 12:00:00,10,51.047,-114.138,G11_06,staged
2025-02-14 12:05:00,1,51.047,-114.054,G11_09,staged
2025-02-14 12:05:00,2,50.939,-114.082,G05_08,staged
2025-02-14 12:05:00,3,51.119,-114.054,G15_09,staged
2025-02-14 12:05:00,4,51.065,-113.97,G12_12,staged
2025-02-14 12:05:00,5,51.14229,-114.12218,G16_07,on_scene
2025-02-14 12:05:00,6,50.903,-113.97,G03_12,staged
2025-02-14 12:05:00,7,50.993,-114.082,G08_08,staged
2025-02-14 12:05:00,8,51.137,-113.97,G16_12,staged
2025-02-14 12:05:00,9,50.98676,-114.03781,G08_10,returning
2025-02-14 12:05:00,10,51.047,-114.138,G11_06,staged
2025-02-14 12:10:00,1,51.047,-114.054,G11_09,staged
2025-02-14 12:10:00,2,50.939,-114.082,G05_08,staged
2025-02-14 12:10:00,3,51.119,-114.054,G15_09,staged
2025-02-14 12:10:00,4,51.065,-113.97,G12_12,staged
2025-02-14 12:10:00,5,51.14229,-114.12218,G16_07,on_scene
2025-02-14 12:10:00,6,50.903,-113.97,G03_12,staged
2025-02-14 12:10:00,7,50.993,-114.082,G08_08,staged
2025-02-14 12:10:00,8,51.137,-113.97,G16_12,staged
2025-02-14 12:10:00,9,51.00279,-114.01148,G09_11,returning
2025-02-14 12:10:00,10,51.047,-114.138,G11_06,staged
2025-02-14 12:15:00,1,51.047,-114.054,G11_09,staged
2025-02-14 12:15:00,2,50.939,-114.082,G05_08,staged
2025-02-14 12:15:00,3,51.119,-114.054,G15_09,staged
2025-02-14 12:15:00,4,51.065,-113.97,G12_12,staged
2025-02-14 12:15:00,5,51.14229,-114.12218,G16_07,on_scene
2025-02-14 12:15:00,6,50.903,-113.97,G03_12,staged
2025-02-14 12:15:00,7,50.993,-114.082,G08_08,staged
2025-02-14 12:15:00,8,51.137,-113.97,G16_12,staged
2025-02-14 12:15:00,9,51.011,-113.998,G09_11,staged
2025-02-14 12:15:00,10,51.047,-114.138,G11_06,staged
2025-02-14 12:20:00,1,51.047,-114.054,G11_09,staged
2025-02-14 12:20:00,2,50.939,-114.082,G05_08,staged
2025-02-14 12:20:00,3,51.13387,-114.06152,G16_09,responding
2025-02-14 12:20:00,4,51.065,-113.97,G12_12,staged
2025-02-14 12:20:00,5,51.14229,-114.12218,G16_07,on_scene
2025-02-14 12:20:00,6,50.903,-113.97,G03_12,staged
2025-02-14 12:20:00,7,50.993,-114.082,G08_08,staged
2025-02-14 12:20:00,8,51.137,-113.97,G16_12,staged
2025-02-14 12:20:00,9,51.011,-113.998,G09_11,staged
2025-02-14 12:20:00,10,51.04743,-114.13168,G11_06,responding
2025-02-14 12:25:00,1,51.047,-114.054,G11_09,staged
2025-02-14 12:25:00,2,50.939,-114.082,G05_08,staged
2025-02-14 12:25:00,3,51.15585,-114.07263,G17_08,responding
2025-02-14 12:25:00,4,51.065,-113.97,G12_12,staged
2025-02-14 12:25:00,5,51.14004,-114.15269,G16_05,returning
2025-02-14 12:25:00,6,50.903,-113.97,G03_12,staged
2025-02-14 12:25:00,7,50.993,-114.082,G08_08,staged
2025-02-14 12:25:00,8,51.137,-113.97,G16_12,staged
2025-02-14 12:25:00,9,51.011,-113.998,G09_11,staged
2025-02-14 12:25:00,10,51.04852,-114.11566,G11_07,on_scene
2025-02-14 12:30:00,1,51.047,-114.054,G11_09,staged
2025-02-14 12:30:00,2,50.939,-114.082,G05_08,staged
2025-02-14 12:30:00,3,51.17419,-114.0819,G18_08,on_scene
2025-02-14 12:30:00,4,51.065,-113.97,G12_12,staged
2025-02-14 12:30:00,5,51.13735,-114.18919,G16_04,returning
2025-02-14 12:30:00,6,50.903,-113.97,G03_12,staged
2025-02-14 12:30:00,7,50.993,-114.082,G08_08,staged
2025-02-14 12:30:00,8,51.137,-113.97,G16_12,staged
2025-02-14 12:30:00,9,51.011,-113.998,G09_11,staged
2025-02-14 12:30:00,10,51.04852,-114.11566,G11_07,on_scene
2025-02-14 12:35:00,1,51.047,-114.054,G11_09,staged
2025-02-14 12:35:00,2,50.939,-114.082,G05_08,staged
2025-02-14 12:35:00,3,51.17419,-114.0819,G18_08,on_scene
2025-02-14 12:35:00,4,51.065,-113.97,G12_12,staged
2025-02-14 12:35:00,5,51.137,-114.194,G16_04,staged
2025-02-14 12:35:00,6,50.903,-113.97,G03_12,staged
2025-02-14 12:35:00,7,50.993,-114.082,G08_08,staged
2025-02-14 12:35:00,8,51.137,-113.97,G16_12,staged
2025-02-14 12:35:00,9,51.011,-113.998,G09_11,staged
2025-02-14 12:35:00,10,51.04852,-114.11566,G11_07,on_scene
2025-02-14 12:40:00,1,51.047,-114.054,G11_09,staged
2025-02-14 12:40:00,2,50.939,-114.082,G05_08,staged
2025-02-14 12:40:00,3,51.17419,-114.0819,G18_08,on_scene
2025-02-14 12:40:00,4,51.065,-113.97,G12_12,staged
2025-02-14 12:40:00,5,51.137,-114.194,G16_04,staged
2025-02-14 12:40:00,6,50.903,-113.97,G03_12,staged
2025-02-14 12:40:00,7,50.993,-114.082,G08_08,staged
2025-02-14 12:40:00,8,51.137,-113.97,G16_12,staged
2025-02-14 12:40:00,9,51.011,-113.998,G09_11,staged
2025-02-14 12:40:00,10,51.04852,-114.11566,G11_07,on_scene
2025-02-14 12:45:00,1,51.047,-114.054,G11_09,staged
2025-02-14 12:45:00,2,50.939,-114.082,G05_08,staged
2025-02-14 12:45:00,3,51.17419,-114.0819,G18_08,on_scene
2025-02-14 12:45:00,4,51.065,-113.97,G12_12,staged
2025-02-14 12:45:00,5,51.137,-114.194,G16_04,staged
2025-02-14 12:45:00,6,50.903,-113.97,G03_12,staged
2025-02-14 12:45:00,7,50.993,-114.082,G08_08,staged
2025-02-14 12:45:00,8,51.137,-113.97,G16_12,staged
2025-02-14 12:45:00,9,51.011,-113.998,G09_11,staged
2025-02-14 12:45:00,10,51.04852,-114.11566,G11_07,on_scene
2025-02-14 12:50:00,1,51.047,-114.054,G11_09,staged
2025-02-14 12:50:00,2,50.939,-114.082,G05_08,staged
2025-02-14 12:50:00,3,51.17419,-114.0819,G18_08,on_scene
2025-02-14 12:50:00,4,51.065,-113.97,G12_12,staged
2025-02-14 12:50:00,5,51.137,-114.194,G16_04,staged
2025-02-14 12:50:00,6,50.903,-113.97,G03_12,staged
2025-02-14 12:50:00,7,50.993,-114.082,G08_08,staged
2025-02-14 12:50:00,8,51.137,-113.97,G16_12,staged
2025-02-14 12:50:00,9,51.011,-113.998,G09_11,staged
2025-02-14 12:50:00,10,51.04852,-114.11566,G11_07,on_scene
2025-02-14 12:55:00,1,51.047,-114.054,G11_09,staged
2025-02-14 12:55:00,2,50.939,-114.082,G05_08,staged
2025-02-14 12:55:00,3,51.17419,-114.0819,G18_08,on_scene
2025-02-14 12:55:00,4,51.065,-113.97,G12_12,staged
2025-02-14 12:55:00,5,51.12607,-114.19904,G15_04,responding
2025-02-14 12:55:00,6,50.903,-113.97,G03_12,staged
2025-02-14 12:55:00,7,50.993,-114.082,G08_08,staged
2025-02-14 12:55:00,8,51.137,-113.97,G16_12,staged
2025-02-14 12:55:00,9,51.011,-113.998,G09_11,staged
2025-02-14 12:55:00,10,51.04713,-114.13611,G11_06,returning
2025-02-14 13:00:00,1,51.047,-114.054,G11_09,staged
2025-02-14 13:00:00,2,50.939,-114.082,G05_08,staged
2025-02-14 13:00:00,3,51.17054,-114.08005,G18_08,returning
2025-02-14 13:00:00,4,51.065,-113.97,G12_12,staged
2025-02-14 13:00:00,5,51.12179,-114.20101,G15_04,on_scene
2025-02-14 13:00:00,6,50.903,-113.97,G03_12,staged
2025-02-14 13:00:00,7,50.993,-114.082,G08_08,staged
2025-02-14 13:00:00,8,51.137,-113.97,G16_12,staged
2025-02-14 13:00:00,9,51.011,-113.998,G09_11,staged
2025-02-14 13:00:00,10,51.03203,-114.12549,G10_06,responding
2025-02-14 13:05:00,1,51.04602,-114.06254,G11_09,responding
2025-02-14 13:05:00,2,50.939,-114.082,G05_08,staged
2025-02-14 13:05:00,3,51.14855,-114.06894,G17_08,returning
2025-02-14 13:05:00,4,51.065,-113.97,G12_12,staged
2025-02-14 13:05:00,5,51.12179,-114.20101,G15_04,on_scene
2025-02-14 13:05:00,6,50.903,-113.97,G03_12,staged
2025-02-14 13:05:00,7,50.993,-114.082,G08_08,staged
2025-02-14 13:05:00,8,51.137,-113.97,G16_12,staged
2025-02-14 13:05:00,9,51.011,-113.998,G09_11,staged
2025-02-14 13:05:00,10,51.02261,-114.11762,G10_07,on_scene
2025-02-14 13:10:00,1,51.04231,-114.09474,G11_08,on_scene
2025-02-14 13:10:00,2,50.939,-114.082,G05_08,staged
2025-02-14 13:10:00,3,51.12657,-114.05783,G15_09,returning
2025-02-14 13:10:00,4,51.065,-113.97,G12_12,staged
2025-02-14 13:10:00,5,51.12179,-114.20101,G15_04,on_scene
2025-02-14 13:10:00,6,50.903,-113.97,G03_12,staged
2025-02-14 13:10:00,7,50.993,-114.082,G08_08,staged
2025-02-14 13:10:00,8,51.137,-113.97,G16_12,staged
2025-02-14 13:10:00,9,51.011,-113.998,G09_11,staged
2025-02-14 13:10:00,10,51.02261,-114.11762,G10_07,on_scene
2025-02-14 13:15:00,1,51.04231,-114.09474,G11_08,on_scene
2025-02-14 13:15:00,2,50.939,-114.082,G05_08,staged
2025-02-14 13:15:00,3,51.119,-114.054,G15_09,staged
2025-02-14 13:15:00,4,51.065,-113.97,G12_12,staged
2025-02-14 13:15:00,5,51.12179,-114.20101,G15_04,on_scene
2025-02-14 13:15:00,6,50.903,-113.97,G03_12,staged
2025-02-14 13:15:00,7,50.993,-114.082,G08_08,staged
2025-02-14 13:15:00,8,51.137,-113.97,G16_12,staged
2025-02-14 13:15:00,9,51.011,-113.998,G09_11,staged
2025-02-14 13:15:00,10,51.02261,-114.11762,G10_07,on_scene
2025-02-14 13:20:00,1,51.04231,-114.09474,G11_08,on_scene
2025-02-14 13:20:00,2,50.939,-114.082,G05_08,staged
2025-02-14 13:20:00,3,51.119,-114.054,G15_09,staged
2025-02-14 13:20:00,4,51.065,-113.97,G12_12,staged
2025-02-14 13:20:00,5,51.12179,-114.20101,G15_04,on_scene
2025-02-14 13:20:00,6,50.903,-113.97,G03_12,staged
2025-02-14 13:20:00,7,50.993,-114.082,G08_08,staged
2025-02-14 13:20:00,8,51.137,-113.97,G16_12,staged
2025-02-14 13:20:00,9,51.011,-113.998,G09_11,staged
2025-02-14 13:20:00,10,51.02261,-114.11762,G10_07,on_scene
2025-02-14 13:25:00,1,51.04231,-114.09474,G11_08,on_scene
2025-02-14 13:25:00,2,50.939,-114.082,G05_08,staged
2025-02-14 13:25:00,3,51.119,-114.054,G15_09,staged
2025-02-14 13:25:00,4,51.065,-113.97,G12_12,staged
2025-02-14 13:25:00,5,51.12179,-114.20101,G15_04,on_scene
2025-02-14 13:25:00,6,50.903,-113.97,G03_12,staged
2025-02-14 13:25:00,7,50.993,-114.082,G08_08,staged
2025-02-14 13:25:00,8,51.137,-113.97,G16_12,staged
2025-02-14 13:25:00,9,51.011,-113.998,G09_11,staged
2025-02-14 13:25:00,10,51.02261,-114.11762,G10_07,on_scene
2025-02-14 13:30:00,1,51.04231,-114.09474,G11_08,on_scene
2025-02-14 13:30:00,2,50.939,-114.082,G05_08,staged
2025-02-14 13:30:00,3,51.119,-114.054,G15_09,staged
2025-02-14 13:30:00,4,51.065,-113.97,G12_12,staged
2025-02-14 13:30:00,5,51.137,-114.194,G16_04,staged
2025-02-14 13:30:00,6,50.903,-113.97,G03_12,staged
2025-02-14 13:30:00,7,50.993,-114.082,G08_08,staged
2025-02-14 13:30:00,8,51.137,-113.97,G16_12,staged
2025-02-14 13:30:00,9,51.011,-113.998,G09_11,staged
2025-02-14 13:30:00,10,51.02261,-114.11762,G10_07,on_scene
2025-02-14 13:35:00,1,51.04231,-114.09474,G11_08,on_scene
2025-02-14 13:35:00,2,50.939,-114.082,G05_08,staged
2025-02-14 13:35:00,3,51.119,-114.054,G15_09,staged
2025-02-14 13:35:00,4,51.065,-113.97,G12_12,staged
2025-02-14 13:35:00,5,51.137,-114.194,G16_04,staged
2025-02-14 13:35:00,6,50.903,-113.97,G03_12,staged
2025-02-14 13:35:00,7,50.993,-114.082,G08_08,staged
2025-02-14 13:35:00,8,51.137,-113.97,G16_12,staged
2025-02-14 13:35:00,9,51.011,-113.998,G09_11,staged
2025-02-14 13:35:00,10,51.03361,-114.12681,G10_06,returning
2025-02-14 13:40:00,1,51.04276,-114.09087,G11_08,returning
2025-02-14 13:40:00,2,50.939,-114.082,G05_08,staged
2025-02-14 13:40:00,3,51.119,-114.054,G15_09,staged
2025-02-14 13:40:00,4,51.065,-113.97,G12_12,staged
2025-02-14 13:40:00,5,51.137,-114.194,G16_04,staged
2025-02-14 13:40:00,6,50.903,-113.97,G03_12,staged
2025-02-14 13:40:00,7,50.993,-114.082,G08_08,staged
2025-02-14 13:40:00,8,51.137,-113.97,G16_12,staged
2025-02-14 13:40:00,9,51.011,-113.998,G09_11,staged
2025-02-14 13:40:00,10,51.047,-114.138,G11_06,staged
2025-02-14 13:45:00,1,51.04691,-114.05479,G11_09,returning
2025-02-14 13:45:00,2,50.939,-114.082,G05_08,staged
2025-02-14 13:45:00,3,51.119,-114.054,G15_09,staged
2025-02-14 13:45:00,4,51.065,-113.97,G12_12,staged
2025-02-14 13:45:00,5,51.137,-114.194,G16_04,staged
2025-02-14 13:45:00,6,50.903,-113.97,G03_12,staged
2025-02-14 13:45:00,7,50.993,-114.082,G08_08,staged
2025-02-14 13:45:00,8,51.137,-113.97,G16_12,staged
2025-02-14 13:45:00,9,51.011,-113.998,G09_11,staged
2025-02-14 13:45:00,10,51.047,-114.138,G11_06,staged
2025-02-14 13:50:00,1,51.047,-114.054,G11_09,staged
2025-02-14 13:50:00,2,50.939,-114.082,G05_08,staged
2025-02-14 13:50:00,3,51.119,-114.054,G15_09,staged
2025-02-14 13:50:00,4,51.065,-113.97,G12_12,staged
2025-02-14 13:50:00,5,51.137,-114.194,G16_04,staged
2025-02-14 13:50:00,6,50.903,-113.97,G03_12,staged
2025-02-14 13:50:00,7,50.993,-114.082,G08_08,staged
2025-02-14 13:50:00,8,51.137,-113.97,G16_12,staged
2025-02-14 13:50:00,9,51.011,-113.998,G09_11,staged
2025-02-14 13:50:00,10,51.047,-114.138,G11_06,staged
2025-02-14 13:55:00,1,51.047,-114.054,G11_09,staged
2025-02-14 13:55:00,2,50.939,-114.082,G05_08,staged
2025-02-14 13:55:00,3,51.119,-114.054,G15_09,staged
2025-02-14 13:55:00,4,51.065,-113.97,G12_12,staged
2025-02-14 13:55:00,5,51.137,-114.194,G16_04,staged
2025-02-14 13:55:00,6,50.903,-113.97,G03_12,staged
2025-02-14 13:55:00,7,50.993,-114.082,G08_08,staged
2025-02-14 13:55:00,8,51.137,-113.97,G16_12,staged
2025-02-14 13:55:00,9,51.011,-113.998,G09_11,staged
2025-02-14 13:55:00,10,51.047,-114.138,G11_06,staged
2025-02-14 14:00:00,1,51.047,-114.054,G11_09,staged
2025-02-14 14:00:00,2,50.939,-114.082,G05_08,staged
2025-02-14 14:00:00,3,51.119,-114.054,G15_09,staged
2025-02-14 14:00:00,4,51.065,-113.97,G12_12,staged
2025-02-14 14:00:00,5,51.137,-114.194,G16_04,staged
2025-02-14 14:00:00,6,50.903,-113.97,G03_12,staged
2025-02-14 14:00:00,7,50.993,-114.082,G08_08,staged
2025-02-14 14:00:00,8,51.137,-113.97,G16_12,staged
2025-02-14 14:00:00,9,51.011,-113.998,G09_11,staged
2025-02-14 14:00:00,10,51.047,-114.138,G11_06,staged
2025-02-14 14:05:00,1,51.047,-114.054,G11_09,staged
2025-02-14 14:05:00,2,50.939,-114.082,G05_08,staged
2025-02-14 14:05:00,3,51.119,-114.054,G15_09,staged
2025-02-14 14:05:00,4,51.065,-113.97,G12_12,staged
2025-02-14 14:05:00,5,51.137,-114.194,G16_04,staged
2025-02-14 14:05:00,6,50.903,-113.97,G03_12,staged
2025-02-14 14:05:00,7,50.993,-114.082,G08_08,staged
2025-02-14 14:05:00,8,51.137,-113.97,G16_12,staged
2025-02-14 14:05:00,9,51.011,-113.998,G09_11,staged
2025-02-14 14:05:00,10,51.047,-114.138,G11_06,staged
2025-02-14 14:10:00,1,51.047,-114.054,G11_09,staged
2025-02-14 14:10:00,2,50.939,-114.082,G05_08,staged
2025-02-14 14:10:00,3,51.119,-114.054,G15_09,staged
2025-02-14 14:10:00,4,51.065,-113.97,G12_12,staged
2025-02-14 14:10:00,5,51.137,-114.194,G16_04,staged
2025-02-14 14:10:00,6,50.903,-113.97,G03_12,staged
2025-02-14 14:10:00,7,50.993,-114.082,G08_08,staged
2025-02-14 14:10:00,8,51.137,-113.97,G16_12,staged
2025-02-14 14:10:00,9,51.011,-113.998,G09_11,staged
2025-02-14 14:10:00,10,51.047,-114.138,G11_06,staged
2025-02-14 14:15:00,1,51.047,-114.054,G11_09,staged
2025-02-14 14:15:00,2,50.939,-114.082,G05_08,staged
2025-02-14 14:15:00,3,51.119,-114.054,G15_09,staged
2025-02-14 14:15:00,4,51.065,-113.97,G12_12,staged
2025-02-14 14:15:00,5,51.137,-114.194,G16_04,staged
2025-02-14 14:15:00,6,50.903,-113.97,G03_12,staged
2025-02-14 14:15:00,7,50.993,-114.082,G08_08,staged
2025-02-14 14:15:00,8,51.137,-113.97,G16_12,staged
2025-02-14 14:15:00,9,51.011,-113.998,G09_11,staged
2025-02-14 14:15:00,10,51.047,-114.138,G11_06,staged
2025-02-14 14:20:00,1,51.047,-114.054,G11_09,staged
2025-02-14 14:20:00,2,50.939,-114.082,G05_08,staged
2025-02-14 14:20:00,3,51.119,-114.054,G15_09,staged
2025-02-14 14:20:00,4,51.065,-113.97,G12_12,staged
2025-02-14 14:20:00,5,51.137,-114.194,G16_04,staged
2025-02-14 14:20:00,6,50.903,-113.97,G03_12,staged
2025-02-14 14:20:00,7,50.993,-114.082,G08_08,staged
2025-02-14 14:20:00,8,51.137,-113.97,G16_12,staged
2025-02-14 14:20:00,9,51.011,-113.998,G09_11,staged
2025-02-14 14:20:00,10,51.047,-114.138,G11_06,staged
2025-02-14 14:25:00,1,51.047,-114.054,G11_09,staged
2025-02-14 14:25:00,2,50.939,-114.082,G05_08,staged
2025-02-14 14:25:00,3,51.119,-114.054,G15_09,staged
2025-02-14 14:25:00,4,51.065,-113.97,G12_12,staged
2025-02-14 14:25:00,5,51.137,-114.194,G16_04,staged
2025-02-14 14:25:00,6,50.903,-113.97,G03_12,staged
2025-02-14 14:25:00,7,50.993,-114.082,G08_08,staged
2025-02-14 14:25:00,8,51.137,-113.97,G16_12,staged
2025-02-14 14:25:00,9,51.011,-113.998,G09_11,staged
2025-02-14 14:25:00,10,51.047,-114.138,G11_06,staged
2025-02-14 14:30:00,1,51.047,-114.054,G11_09,staged
2025-02-14 14:30:00,2,50.939,-114.082,G05_08,staged
2025-02-14 14:30:00,3,51.119,-114.054,G15_09,staged
2025-02-14 14:30:00,4,51.065,-113.97,G12_12,staged
2025-02-14 14:30:00,5,51.137,-114.194,G16_04,staged
2025-02-14 14:30:00,6,50.903,-113.97,G03_12,staged
2025-02-14 14:30:00,7,50.993,-114.082,G08_08,staged
2025-02-14 14:30:00,8,51.137,-113.97,G16_12,staged
2025-02-14 14:30:00,9,51.011,-113.998,G09_11,staged
2025-02-14 14:30:00,10,51.047,-114.138,G11_06,staged
2025-02-14 14:35:00,1,51.047,-114.054,G11_09,staged
2025-02-14 14:35:00,2,50.939,-114.082,G05_08,staged
2025-02-14 14:35:00,3,51.119,-114.054,G15_09,staged
2025-02-14 14:35:00,4,51.065,-113.97,G12_12,staged
2025-02-14 14:35:00,5,51.137,-114.194,G16_04,staged
2025-02-14 14:35:00,6,50.903,-113.97,G03_12,staged
2025-02-14 14:35:00,7,50.993,-114.082,G08_08,staged
2025-02-14 14:35:00,8,51.137,-113.97,G16_12,staged
2025-02-14 14:35:00,9,51.011,-113.998,G09_11,staged
2025-02-14 14:35:00,10,51.047,-114.138,G11_06,staged
2025-02-14 14:40:00,1,51.047,-114.054,G11_09,staged
2025-02-14 14:40:00,2,50.939,-114.082,G05_08,staged
2025-02-14 14:40:00,3,51.119,-114.054,G15_09,staged
2025-02-14 14:40:00,4,51.065,-113.97,G12_12,staged
2025-02-14 14:40:00,5,51.137,-114.194,G16_04,staged
2025-02-14 14:40:00,6,50.903,-113.97,G03_12,staged
2025-02-14 14:40:00,7,50.99355,-114.07251,G08_08,responding
2025-02-14 14:40:00,8,51.137,-113.97,G16_12,staged
2025-02-14 14:40:00,9,51.011,-113.998,G09_11,staged
2025-02-14 14:40:00,10,51.047,-114.138,G11_06,staged
2025-02-14 14:45:00,1,51.047,-114.054,G11_09,staged
2025-02-14 14:45:00,2,50.939,-114.082,G05_08,staged
2025-02-14 14:45:00,3,51.119,-114.054,G15_09,staged
2025-02-14 14:45:00,4,51.065,-113.97,G12_12,staged
2025-02-14 14:45:00,5,51.137,-114.194,G16_04,staged
2025-02-14 14:45:00,6,50.903,-113.97,G03_12,staged
2025-02-14 14:45:00,7,50.99406,-114.0638,G08_09,on_scene
2025-02-14 14:45:00,8,51.137,-113.97,G16_12,staged
2025-02-14 14:45:00,9,51.011,-113.998,G09_11,staged
2025-02-14 14:45:00,10,51.047,-114.138,G11_06,staged
2025-02-14 14:50:00,1,51.047,-114.054,G11_09,staged
2025-02-14 14:50:00,2,50.939,-114.082,G05_08,staged
2025-02-14 14:50:00,3,51.13088,-114.06174,G16_09,responding
2025-02-14 14:50:00,4,51.065,-113.97,G12_12,staged
2025-02-14 14:50:00,5,51.137,-114.194,G16_04,staged
2025-02-14 14:50:00,6,50.90617,-113.97099,G03_12,responding
2025-02-14 14:50:00,7,50.99406,-114.0638,G08_09,on_scene
2025-02-14 14:50:00,8,51.137,-113.97,G16_12,staged
2025-02-14 14:50:00,9,51.011,-113.998,G09_11,staged
2025-02-14 14:50:00,10,51.047,-114.138,G11_06,staged
2025-02-14 14:55:00,1,51.047,-114.054,G11_09,staged
2025-02-14 14:55:00,2,50.939,-114.082,G05_08,staged
2025-02-14 14:55:00,3,51.15223,-114.07564,G17_08,responding
2025-02-14 14:55:00,4,51.065,-113.97,G12_12,staged
2025-02-14 14:55:00,5,51.137,-114.194,G16_04,staged
2025-02-14 14:55:00,6,50.92879,-113.97804,G04_12,responding
2025-02-14 14:55:00,7,50.99406,-114.0638,G08_09,on_scene
2025-02-14 14:55:00,8,51.137,-113.97,G16_12,staged
2025-02-14 14:55:00,9,51.011,-113.998,G09_11,staged
2025-02-14 14:55:00,10,51.047,-114.138,G11_06,staged
2025-02-14 15:00:00,1,51.047,-114.054,G11_09,staged
2025-02-14 15:00:00,2,50.939,-114.082,G05_08,staged
2025-02-14 15:00:00,3,51.17358,-114.08954,G18_08,responding
2025-02-14 15:00:00,4,51.065,-113.97,G12_12,staged
2025-02-14 15:00:00,5,51.137,-114.194,G16_04,staged
2025-02-14 15:00:00,6,50.9452,-113.98315,G05_12,on_scene
2025-02-14 15:00:00,7,50.99406,-114.0638,G08_09,on_scene
2025-02-14 15:00:00,8,51.137,-113.97,G16_12,staged
2025-02-14 15:00:00,9,51.011,-113.998,G09_11,staged
2025-02-14 15:00:00,10,51.047,-114.138,G11_06,staged
2025-02-14 15:05:00,1,51.047,-114.054,G11_09,staged
2025-02-14 15:05:00,2,50.939,-114.082,G05_08,staged
2025-02-14 15:05:00,3,51.18155,-114.09473,G18_08,on_scene
2025-02-14 15:05:00,4,51.065,-113.97,G12_12,staged
2025-02-14 15:05:00,5,51.137,-114.194,G16_04,staged
2025-02-14 15:05:00,6,50.9452,-113.98315,G05_12,on_scene
2025-02-14 15:05:00,7,50.99406,-114.0638,G08_09,on_scene
2025-02-14 15:05:00,8,51.137,-113.97,G16_12,staged
2025-02-14 15:05:00,9,51.011,-113.998,G09_11,staged
2025-02-14 15:05:00,10,51.04965,-114.13927,G11_06,responding
2025-02-14 15:10:00,1,51.047,-114.054,G11_09,staged
2025-02-14 15:10:00,2,50.939,-114.082,G05_08,staged
2025-02-14 15:10:00,3,51.18155,-114.09473,G18_08,on_scene
2025-02-14 15:10:00,4,51.065,-113.97,G12_12,staged
2025-02-14 15:10:00,5,51.137,-114.194,G16_04,staged
2025-02-14 15:10:00,6,50.9452,-113.98315,G05_12,on_scene
2025-02-14 15:10:00,7,50.99406,-114.0638,G08_09,on_scene
2025-02-14 15:10:00,8,51.137,-113.97,G16_12,staged
2025-02-14 15:10:00,9,51.011,-113.998,G09_11,staged
2025-02-14 15:10:00,10,51.07172,-114.14988,G12_06,responding
2025-02-14 15:15:00,1,51.04793,-114.05237,G11_09,responding
2025-02-14 15:15:00,2,50.939,-114.082,G05_08,staged
2025-02-14 15:15:00,3,51.18155,-114.09473,G18_08,on_scene
2025-02-14 15:15:00,4,51.065,-113.97,G12_12,staged
2025-02-14 15:15:00,5,51.137,-114.194,G16_04,staged
2025-02-14 15:15:00,6,50.9452,-113.98315,G05_12,on_scene
2025-02-14 15:15:00,7,50.993,-114.082,G08_08,staged
2025-02-14 15:15:00,8,51.137,-113.97,G16_12,staged
2025-02-14 15:15:00,9,51.011,-113.998,G09_11,staged
2025-02-14 15:15:00,10,51.07671,-114.15228,G13_05,on_scene
2025-02-14 15:20:00,1,51.05013,-114.04853,G11_09,on_scene
2025-02-14 15:20:00,2,50.939,-114.082,G05_08,staged
2025-02-14 15:20:00,3,51.18155,-114.09473,G18_08,on_scene
2025-02-14 15:20:00,4,51.065,-113.97,G12_12,staged
2025-02-14 15:20:00,5,51.137,-114.194,G16_04,staged
2025-02-14 15:20:00,6,50.9452,-113.98315,G05_12,on_scene
2025-02-14 15:20:00,7,50.993,-114.082,G08_08,staged
2025-02-14 15:20:00,8,51.137,-113.97,G16_12,staged
2025-02-14 15:20:00,9,51.011,-113.998,G09_11,staged
2025-02-14 15:20:00,10,51.07671,-114.15228,G13_05,on_scene
2025-02-14 15:25:00,1,51.05013,-114.04853,G11_09,on_scene
2025-02-14 15:25:00,2,50.939,-114.082,G05_08,staged
2025-02-14 15:25:00,3,51.18155,-114.09473,G18_08,on_scene
2025-02-14 15:25:00,4,51.065,-113.97,G12_12,staged
2025-02-14 15:25:00,5,51.137,-114.194,G16_04,staged
2025-02-14 15:25:00,6,50.9452,-113.98315,G05_12,on_scene
2025-02-14 15:25:00,7,50.993,-114.082,G08_08,staged
2025-02-14 15:25:00,8,51.137,-113.97,G16_12,staged
2025-02-14 15:25:00,9,51.011,-113.998,G09_11,staged
2025-02-14 15:25:00,10,51.07671,-114.15228,G13_05,on_scene
2025-02-14 15:30:00,1,51.05013,-114.04853,G11_09,on_scene
2025-02-14 15:30:00,2,50.939,-114.082,G05_08,staged
2025-02-14 15:30:00,3,51.18155,-114.09473,G18_08,on_scene
2025-02-14 15:30:00,4,51.065,-113.97,G12_12,staged
2025-02-14 15:30:00,5,51.137,-114.194,G16_04,staged
2025-02-14 15:30:00,6,50.93897,-113.98121,G05_12,returning
2025-02-14 15:30:00,7,50.993,-114.082,G08_08,staged
2025-02-14 15:30:00,8,51.137,-113.97,G16_12,staged
2025-02-14 15:30:00,9,51.011,-113.998,G09_11,staged
2025-02-14 15:30:00,10,51.07671,-114.15228,G13_05,on_scene
2025-02-14 15:35:00,1,51.05013,-114.04853,G11_09,on_scene
2025-02-14 15:35:00,2,50.939,-114.082,G05_08,staged
2025-02-14 15:35:00,3,51.16817,-114.08602,G18_08,returning
2025-02-14 15:35:00,4,51.065,-113.97,G12_12,staged
2025-02-14 15:35:00,5,51.137,-114.194,G16_04,staged
2025-02-14 15:35:00,6,50.91634,-113.97416,G04_12,returning
2025-02-14 15:35:00,7,50.993,-114.082,G08_08,staged
2025-02-14 15:35:00,8,51.137,-113.97,G16_12,staged
2025-02-14 15:35:00,9,51.011,-113.998,G09_11,staged
2025-02-14 15:35:00,10,51.07671,-114.15228,G13_05,on_scene
2025-02-14 15:40:00,1,51.05013,-114.04853,G11_09,on_scene
2025-02-14 15:40:00,2,50.939,-114.082,G05_08,staged
2025-02-14 15:40:00,3,51.14683,-114.07212,G17_08,returning
2025-02-14 15:40:00,4,51.065,-113.97,G12_12,staged
2025-02-14 15:40:00,5,51.137,-114.194,G16_04,staged
2025-02-14 15:40:00,6,50.903,-113.97,G03_12,staged
2025-02-14 15:40:00,7,50.99337,-114.0845,G08_08,responding
2025-02-14 15:40:00,8,51.137,-113.97,G16_12,staged
2025-02-14 15:40:00,9,51.011,-113.998,G09_11,staged
2025-02-14 15:40:00,10,51.07671,-114.15228,G13_05,on_scene
2025-02-14 15:45:00,1,51.05013,-114.04853,G11_09,on_scene
2025-02-14 15:45:00,2,50.939,-114.082,G05_08,staged
2025-02-14 15:45:00,3,51.12548,-114.05822,G15_09,returning
2025-02-14 15:45:00,4,51.065,-113.97,G12_12,staged
2025-02-14 15:45:00,5,51.137,-114.194,G16_04,staged
2025-02-14 15:45:00,6,50.903,-113.97,G03_12,staged
2025-02-14 15:45:00,7,50.99553,-114.09918,G08_07,on_scene
2025-02-14 15:45:00,8,51.137,-113.97,G16_12,staged
2025-02-14 15:45:00,9,51.011,-113.998,G09_11,staged
2025-02-14 15:45:00,10,51.05962,-114.14407,G12_06,returning
2025-02-14 15:50:00,1,51.047,-114.054,G11_09,staged
2025-02-14 15:50:00,2,50.939,-114.082,G05_08,staged
2025-02-14 15:50:00,3,51.119,-114.054,G15_09,staged
2025-02-14 15:50:00,4,51.065,-113.97,G12_12,staged
2025-02-14 15:50:00,5,51.137,-114.194,G16_04,staged
2025-02-14 15:50:00,6,50.903,-113.97,G03_12,staged
2025-02-14 15:50:00,7,50.99553,-114.09918,G08_07,on_scene
2025-02-14 15:50:00,8,51.137,-113.97,G16_12,staged
2025-02-14 15:50:00,9,51.011,-113.998,G09_11,staged
2025-02-14 15:50:00,10,51.047,-114.138,G11_06,staged
2025-02-14 15:55:00,1,51.047,-114.054,G11_09,staged
2025-02-14 15:55:00,2,50.939,-114.082,G05_08,staged
2025-02-14 15:55:00,3,51.119,-114.054,G15_09,staged
2025-02-14 15:55:00,4,51.065,-113.97,G12_12,staged
2025-02-14 15:55:00,5,51.137,-114.194,G16_04,staged
2025-02-14 15:55:00,6,50.903,-113.97,G03_12,staged
2025-02-14 15:55:00,7,50.99553,-114.09918,G08_07,on_scene
2025-02-14 15:55:00,8,51.137,-113.97,G16_12,staged
2025-02-14 15:55:00,9,51.011,-113.998,G09_11,staged
2025-02-14 15:55:00,10,51.047,-114.138,G11_06,staged
2025-02-14 16:00:00,1,51.047,-114.054,G11_09,staged
2025-02-14 16:00:00,2,50.939,-114.082,G05_08,staged
2025-02-14 16:00:00,3,51.119,-114.054,G15_09,staged
2025-02-14 16:00:00,4,51.065,-113.97,G12_12,staged
2025-02-14 16:00:00,5,51.137,-114.194,G16_04,staged
2025-02-14 16:00:00,6,50.903,-113.97,G03_12,staged
2025-02-14 16:00:00,7,50.99553,-114.09918,G08_07,on_scene
2025-02-14 16:00:00,8,51.137,-113.97,G16_12,staged
2025-02-14 16:00:00,9,51.011,-113.998,G09_11,staged
2025-02-14 16:00:00,10,51.047,-114.138,G11_06,staged
2025-02-14 16:05:00,1,51.04738,-114.06043,G11_09,on_scene
2025-02-14 16:05:00,2,50.939,-114.082,G05_08,staged
2025-02-14 16:05:00,3,51.119,-114.054,G15_09,staged
2025-02-14 16:05:00,4,51.065,-113.97,G12_12,staged
2025-02-14 16:05:00,5,51.137,-114.194,G16_04,staged
2025-02-14 16:05:00,6,50.903,-113.97,G03_12,staged
2025-02-14 16:05:00,7,50.99553,-114.09918,G08_07,on_scene
2025-02-14 16:05:00,8,51.137,-113.97,G16_12,staged
2025-02-14 16:05:00,9,51.011,-113.998,G09_11,staged
2025-02-14 16:05:00,10,51.047,-114.138,G11_06,staged
2025-02-14 16:10:00,1,51.04738,-114.06043,G11_09,on_scene
2025-02-14 16:10:00,2,50.939,-114.082,G05_08,staged
2025-02-14 16:10:00,3,51.119,-114.054,G15_09,staged
2025-02-14 16:10:00,4,51.065,-113.97,G12_12,staged
2025-02-14 16:10:00,5,51.137,-114.194,G16_04,staged
2025-02-14 16:10:00,6,50.903,-113.97,G03_12,staged
2025-02-14 16:10:00,7,50.99553,-114.09918,G08_07,on_scene
2025-02-14 16:10:00,8,51.137,-113.97,G16_12,staged
2025-02-14 16:10:00,9,51.011,-113.998,G09_11,staged
2025-02-14 16:10:00,10,51.047,-114.138,G11_06,staged
2025-02-14 16:15:00,1,51.04738,-114.06043,G11_09,on_scene
2025-02-14 16:15:00,2,50.939,-114.082,G05_08,staged
2025-02-14 16:15:00,3,51.119,-114.054,G15_09,staged
2025-02-14 16:15:00,4,51.065,-113.97,G12_12,staged
2025-02-14 16:15:00,5,51.137,-114.194,G16_04,staged
2025-02-14 16:15:00,6,50.903,-113.97,G03_12,staged
2025-02-14 16:15:00,7,50.993,-114.082,G08_08,staged
2025-02-14 16:15:00,8,51.137,-113.97,G16_12,staged
2025-02-14 16:15:00,9,51.011,-113.998,G09_11,staged
2025-02-14 16:15:00,10,51.04707,-114.13103,G11_06,responding
2025-02-14 16:20:00,1,51.04738,-114.06043,G11_09,on_scene
2025-02-14 16:20:00,2,50.939,-114.082,G05_08,staged
2025-02-14 16:20:00,3,51.119,-114.054,G15_09,staged
2025-02-14 16:20:00,4,51.065,-113.97,G12_12,staged
2025-02-14 16:20:00,5,51.137,-114.194,G16_04,staged
2025-02-14 16:20:00,6,50.903,-113.97,G03_12,staged
2025-02-14 16:20:00,7,50.993,-114.082,G08_08,staged
2025-02-14 16:20:00,8,51.137,-113.97,G16_12,staged
2025-02-14 16:20:00,9,51.011,-113.998,G09_11,staged
2025-02-14 16:20:00,10,51.04745,-114.09436,G11_08,responding
2025-02-14 16:25:00,1,51.04738,-114.06043,G11_09,on_scene
2025-02-14 16:25:00,2,50.939,-114.082,G05_08,staged
2025-02-14 16:25:00,3,51.119,-114.054,G15_09,staged
2025-02-14 16:25:00,4,51.065,-113.97,G12_12,staged
2025-02-14 16:25:00,5,51.137,-114.194,G16_04,staged
2025-02-14 16:25:00,6,50.903,-113.97,G03_12,staged
2025-02-14 16:25:00,7,50.993,-114.082,G08_08,staged
2025-02-14 16:25:00,8,51.137,-113.97,G16_12,staged
2025-02-14 16:25:00,9,51.011,-113.998,G09_11,staged
2025-02-14 16:25:00,10,51.04769,-114.07148,G11_08,on_scene
2025-02-14 16:30:00,1,51.04738,-114.06043,G11_09,on_scene
2025-02-14 16:30:00,2,50.939,-114.082,G05_08,staged
2025-02-14 16:30:00,3,51.119,-114.054,G15_09,staged
2025-02-14 16:30:00,4,51.065,-113.97,G12_12,staged
2025-02-14 16:30:00,5,51.137,-114.194,G16_04,staged
2025-02-14 16:30:00,6,50.903,-113.97,G03_12,staged
2025-02-14 16:30:00,7,50.993,-114.082,G08_08,staged
2025-02-14 16:30:00,8,51.137,-113.97,G16_12,staged
2025-02-14 16:30:00,9,51.011,-113.998,G09_11,staged
2025-02-14 16:30:00,10,51.04769,-114.07148,G11_08,on_scene
2025-02-14 16:35:00,1,51.04316,-114.06515,G11_09,responding
2025-02-14 16:35:00,2,50.939,-114.082,G05_08,staged
2025-02-14 16:35:00,3,51.119,-114.054,G15_09,staged
2025-02-14 16:35:00,4,51.065,-113.97,G12_12,staged
2025-02-14 16:35:00,5,51.12035,-114.18221,G15_04,responding
2025-02-14 16:35:00,6,50.903,-113.97,G03_12,staged
2025-02-14 16:35:00,7,50.993,-114.082,G08_08,staged
2025-02-14 16:35:00,8,51.137,-113.97,G16_12,staged
2025-02-14 16:35:00,9,51.011,-113.998,G09_11,staged
2025-02-14 16:35:00,10,51.04769,-114.07148,G11_08,on_scene
2025-02-14 16:40:00,1,51.03208,-114.09731,G10_07,responding
2025-02-14 16:40:00,2,50.939,-114.082,G05_08,staged
2025-02-14 16:40:00,3,51.119,-114.054,G15_09,staged
2025-02-14 16:40:00,4,51.065,-113.97,G12_12,staged
2025-02-14 16:40:00,5,51.09928,-114.16729,G14_05,responding
2025-02-14 16:40:00,6,50.903,-113.97,G03_12,staged
2025-02-14 16:40:00,7,50.993,-114.082,G08_08,staged
2025-02-14 16:40:00,8,51.137,-113.97,G16_12,staged
2025-02-14 16:40:00,9,51.0206,-114.01298,G10_10,responding
2025-02-14 16:40:00,10,51.04769,-114.07148,G11_08,on_scene
2025-02-14 16:45:00,1,51.03043,-114.10207,G10_07,on_scene
2025-02-14 16:45:00,2,50.939,-114.082,G05_08,staged
2025-02-14 16:45:00,3,51.119,-114.054,G15_09,staged
2025-02-14 16:45:00,4,51.06182,-114.00177,G12_11,responding
2025-02-14 16:45:00,5,51.07821,-114.15237,G13_05,responding
2025-02-14 16:45:00,6,50.903,-113.97,G03_12,staged
2025-02-14 16:45:00,7,50.993,-114.082,G08_08,staged
2025-02-14 16:45:00,8,51.137,-113.97,G16_12,staged
2025-02-14 16:45:00,9,51.03124,-114.02957,G10_10,on_scene
2025-02-14 16:45:00,10,51.04769,-114.07148,G11_08,on_scene
2025-02-14 16:50:00,1,51.03043,-114.10207,G10_07,on_scene
2025-02-14 16:50:00,2,50.939,-114.082,G05_08,staged
2025-02-14 16:50:00,3,51.119,-114.054,G15_09,staged
2025-02-14 16:50:00,4,51.05962,-114.02373,G12_10,on_scene
2025-02-14 16:50:00,5,51.07771,-114.15201,G13_05,on_scene
2025-02-14 16:50:00,6,50.903,-113.97,G03_12,staged
2025-02-14 16:50:00,7,51.00008,-114.06912,G08_08,responding
2025-02-14 16:50:00,8,51.12412,-113.97267,G15_12,responding
2025-02-14 16:50:00,9,51.03124,-114.02957,G10_10,on_scene
2025-02-14 16:50:00,10,51.04769,-114.07148,G11_08,on_scene
2025-02-14 16:55:00,1,51.03043,-114.10207,G10_07,on_scene
2025-02-14 16:55:00,2,50.94823,-114.07449,G06_08,responding
2025-02-14 16:55:00,3,51.119,-114.054,G15_09,staged
2025-02-14 16:55:00,4,51.05962,-114.02373,G12_10,on_scene
2025-02-14 16:55:00,5,51.07771,-114.15201,G13_05,on_scene
2025-02-14 16:55:00,6,50.91259,-113.97628,G04_12,responding
2025-02-14 16:55:00,7,51.01526,-114.04153,G09_09,responding
2025-02-14 16:55:00,8,51.10125,-113.9774,G14_12,responding
2025-02-14 16:55:00,9,51.03124,-114.02957,G10_10,on_scene
2025-02-14 16:55:00,10,51.04547,-114.05814,G11_09,responding
2025-02-14 17:00:00,1,51.03043,-114.10207,G10_07,on_scene
2025-02-14 17:00:00,2,50.96876,-114.05779,G07_09,responding
2025-02-14 17:00:00,3,51.119,-114.054,G15_09,staged
2025-02-14 17:00:00,4,51.05962,-114.02373,G12_10,on_scene
2025-02-14 17:00:00,5,51.07771,-114.15201,G13_05,on_scene
2025-02-14 17:00:00,6,50.93391,-113.99024,G05_11,responding
2025-02-14 17:00:00,7,51.03044,-114.01394,G10_10,responding
2025-02-14 17:00:00,8,51.07838,-113.98214,G13_12,responding
2025-02-14 17:00:00,9,51.03124,-114.02957,G10_10,on_scene
2025-02-14 17:00:00,10,51.03959,-114.02268,G11_10,responding
2025-02-14 17:05:00,1,51.03043,-114.10207,G10_07,on_scene
2025-02-14 17:05:00,2,50.98928,-114.04109,G08_09,responding
2025-02-14 17:05:00,3,51.119,-114.054,G15_09,staged
2025-02-14 17:05:00,4,51.05962,-114.02373,G12_10,on_scene
2025-02-14 17:05:00,5,51.07771,-114.15201,G13_05,on_scene
2025-02-14 17:05:00,6,50.95523,-114.0042,G06_11,responding
2025-02-14 17:05:00,7,51.03629,-114.0033,G10_11,on_scene
2025-02-14 17:05:00,8,51.07791,-113.98224,G13_12,on_scene
2025-02-14 17:05:00,9,51.03124,-114.02957,G10_10,on_scene
2025-02-14 17:05:00,10,51.03638,-114.00334,G10_11,on_scene
2025-02-14 17:10:00,1,51.03043,-114.10207,G10_07,on_scene
2025-02-14 17:10:00,2,50.99916,-114.03305,G08_10,on_scene
2025-02-14 17:10:00,3,51.119,-114.054,G15_09,staged
2025-02-14 17:10:00,4,51.05962,-114.02373,G12_10,on_scene
2025-02-14 17:10:00,5,51.07771,-114.15201,G13_05,on_scene
2025-02-14 17:10:00,6,50.97654,-114.01815,G07_10,responding
2025-02-14 17:10:00,7,51.03629,-114.0033,G10_11,on_scene
2025-02-14 17:10:00,8,51.07791,-113.98224,G13_12,on_scene
2025-02-14 17:10:00,9,51.03124,-114.02957,G10_10,on_scene
2025-02-14 17:10:00,10,51.03638,-114.00334,G10_11,on_scene
2025-02-14 17:15:00,1,51.03987,-114.07468,G11_08,returning
2025-02-14 17:15:00,2,50.99916,-114.03305,G08_10,on_scene
2025-02-14 17:15:00,3,51.119,-114.054,G15_09,staged
2025-02-14 17:15:00,4,51.05962,-114.02373,G12_10,on_scene
2025-02-14 17:15:00,5,51.07771,-114.15201,G13_05,on_scene
2025-02-14 17:15:00,6,50.99786,-114.03211,G08_10,responding
2025-02-14 17:15:00,7,51.03629,-114.0033,G10_11,on_scene
2025-02-14 17:15:00,8,51.07791,-113.98224,G13_12,on_scene
2025-02-14 17:15:00,9,51.02542,-114.0205,G10_10,returning
2025-02-14 17:15:00,10,51.03638,-114.00334,G10_11,on_scene
2025-02-14 17:20:00,1,51.047,-114.054,G11_09,staged
2025-02-14 17:20:00,2,50.99916,-114.03305,G08_10,on_scene
2025-02-14 17:20:00,3,51.119,-114.054,G15_09,staged
2025-02-14 17:20:00,4,51.06105,-114.00946,G12_11,returning
2025-02-14 17:20:00,5,51.09827,-114.16657,G14_05,returning
2025-02-14 17:20:00,6,50.99916,-114.03296,G08_10,on_scene
2025-02-14 17:20:00,7,51.03629,-114.0033,G10_11,on_scene
2025-02-14 17:20:00,8,51.07791,-113.98224,G13_12,on_scene
2025-02-14 17:20:00,9,51.011,-113.998,G09_11,staged
2025-02-14 17:20:00,10,51.03638,-114.00334,G10_11,on_scene
2025-02-14 17:25:00,1,51.047,-114.054,G11_09,staged
2025-02-14 17:25:00,2,50.99916,-114.03305,G08_10,on_scene
2025-02-14 17:25:00,3,51.119,-114.054,G15_09,staged
2025-02-14 17:25:00,4,51.06468,-113.97323,G12_12,returning
2025-02-14 17:25:00,5,51.11934,-114.18149,G15_04,returning
2025-02-14 17:25:00,6,50.99916,-114.03296,G08_10,on_scene
2025-02-14 17:25:00,7,51.03629,-114.0033,G10_11,on_scene
2025-02-14 17:25:00,8,51.07791,-113.98224,G13_12,on_scene
2025-02-14 17:25:00,9,51.011,-113.998,G09_11,staged
2025-02-14 17:25:00,10,51.03638,-114.00334,G10_11,on_scene
2025-02-14 17:30:00,1,51.047,-114.054,G11_09,staged
2025-02-14 17:30:00,2,50.99916,-114.03305,G08_10,on_scene
2025-02-14 17:30:00,3,51.119,-114.054,G15_09,staged
2025-02-14 17:30:00,4,51.065,-113.97,G12_12,staged
2025-02-14 17:30:00,5,51.137,-114.194,G16_04,staged
2025-02-14 17:30:00,6,50.99916,-114.03296,G08_10,on_scene
2025-02-14 17:30:00,7,51.03629,-114.0033,G10_11,on_scene
2025-02-14 17:30:00,8,51.07791,-113.98224,G13_12,on_scene
2025-02-14 17:30:00,9,51.011,-113.998,G09_11,staged
2025-02-14 17:30:00,10,51.03638,-114.00334,G10_11,on_scene
2025-02-14 17:35:00,1,51.047,-114.054,G11_09,staged
2025-02-14 17:35:00,2,50.99916,-114.03305,G08_10,on_scene
2025-02-14 17:35:00,3,51.119,-114.054,G15_09,staged
2025-02-14 17:35:00,4,51.065,-113.97,G12_12,staged
2025-02-14 17:35:00,5,51.137,-114.194,G16_04,staged
2025-02-14 17:35:00,6,50.99916,-114.03296,G08_10,on_scene
2025-02-14 17:35:00,7,51.02696,-114.02026,G10_10,returning
2025-02-14 17:35:00,8,51.1003,-113.9776,G14_12,returning
2025-02-14 17:35:00,9,51.011,-113.998,G09_11,staged
2025-02-14 17:35:00,10,51.03768,-114.01988,G10_10,returning
2025-02-14 17:40:00,1,51.047,-114.054,G11_09,staged
2025-02-14 17:40:00,2,50.9993,-114.05205,G08_09,responding
2025-02-14 17:40:00,3,51.119,-114.054,G15_09,staged
2025-02-14 17:40:00,4,51.065,-113.97,G12_12,staged
2025-02-14 17:40:00,5,51.137,-114.194,G16_04,staged
2025-02-14 17:40:00,6,50.99916,-114.03296,G08_10,on_scene
2025-02-14 17:40:00,7,51.01078,-114.0422,G09_09,responding
2025-02-14 17:40:00,8,51.12317,-113.97286,G15_12,returning
2025-02-14 17:40:00,9,51.00766,-113.9988,G09_11,responding
2025-02-14 17:40:00,10,51.04002,-114.05606,G11_09,responding
2025-02-14 17:45:00,1,51.047,-114.054,G11_09,staged
2025-02-14 17:45:00,2,50.99958,-114.08869,G08_08,responding
2025-02-14 17:45:00,3,51.119,-114.054,G15_09,staged
2025-02-14 17:45:00,4,51.065,-113.97,G12_12,staged
2025-02-14 17:45:00,5,51.137,-114.194,G16_04,staged
2025-02-14 17:45:00,6,50.99916,-114.03296,G08_10,on_scene
2025-02-14 17:45:00,7,50.98878,-114.03125,G08_10,responding
2025-02-14 17:45:00,8,51.137,-113.97,G16_12,staged
2025-02-14 17:45:00,9,50.98485,-114.00425,G08_11,responding
2025-02-14 17:45:00,10,51.02688,-114.08619,G10_08,responding
2025-02-14 17:50:00,1,51.047,-114.054,G11_09,staged
2025-02-14 17:50:00,2,50.99977,-114.11493,G08_07,on_scene
2025-02-14 17:50:00,3,51.119,-114.054,G15_09,staged
2025-02-14 17:50:00,4,51.065,-113.97,G12_12,staged
2025-02-14 17:50:00,5,51.137,-114.194,G16_04,staged
2025-02-14 17:50:00,6,50.97914,-114.01985,G07_10,returning
2025-02-14 17:50:00,7,50.96677,-114.0203,G07_10,responding
2025-02-14 17:50:00,8,51.137,-113.97,G16_12,staged
2025-02-14 17:50:00,9,50.96205,-114.00971,G06_11,responding
2025-02-14 17:50:00,10,51.01374,-114.11632,G09_07,responding
2025-02-14 17:55:00,1,51.047,-114.054,G11_09,staged
2025-02-14 17:55:00,2,50.99977,-114.11493,G08_07,on_scene
2025-02-14 17:55:00,3,51.119,-114.054,G15_09,staged
2025-02-14 17:55:00,4,51.065,-113.97,G12_12,staged
2025-02-14 17:55:00,5,51.137,-114.194,G16_04,staged
2025-02-14 17:55:00,6,50.98419,-114.04107,G08_09,responding
2025-02-14 17:55:00,7,50.9512,-114.01254,G06_10,on_scene
2025-02-14 17:55:00,8,51.137,-113.97,G16_12,staged
2025-02-14 17:55:00,9,50.95126,-114.01229,G06_10,on_scene
2025-02-14 17:55:00,10,51.00595,-114.13419,G09_06,on_scene
2025-02-14 18:00:00,1,51.047,-114.054,G11_09,staged
2025-02-14 18:00:00,2,50.99977,-114.11493,G08_07,on_scene
2025-02-14 18:00:00,3,51.119,-114.054,G15_09,staged
2025-02-14 18:00:00,4,51.065,-113.97,G12_12,staged
2025-02-14 18:00:00,5,51.137,-114.194,G16_04,staged
2025-02-14 18:00:00,6,50.9942,-114.06619,G08_09,on_scene
2025-02-14 18:00:00,7,50.9512,-114.01254,G06_10,on_scene
2025-02-14 18:00:00,8,51.137,-113.97,G16_12,staged
2025-02-14 18:00:00,9,50.95126,-114.01229,G06_10,on_scene
2025-02-14 18:00:00,10,51.00595,-114.13419,G09_06,on_scene
2025-02-14 18:05:00,1,51.047,-114.054,G11_09,staged
2025-02-14 18:05:00,2,50.99977,-114.11493,G08_07,on_scene
2025-02-14 18:05:00,3,51.119,-114.054,G15_09,staged
2025-02-14 18:05:00,4,51.065,-113.97,G12_12,staged
2025-02-14 18:05:00,5,51.137,-114.194,G16_04,staged
2025-02-14 18:05:00,6,50.9942,-114.06619,G08_09,on_scene
2025-02-14 18:05:00,7,50.9512,-114.01254,G06_10,on_scene
2025-02-14 18:05:00,8,51.137,-113.97,G16_12,staged
2025-02-14 18:05:00,9,50.95126,-114.01229,G06_10,on_scene
2025-02-14 18:05:00,10,51.00595,-114.13419,G09_06,on_scene
2025-02-14 18:10:00,1,51.047,-114.054,G11_09,staged
2025-02-14 18:10:00,2,50.99977,-114.11493,G08_07,on_scene
2025-02-14 18:10:00,3,51.119,-114.054,G15_09,staged
2025-02-14 18:10:00,4,51.065,-113.97,G12_12,staged
2025-02-14 18:10:00,5,51.137,-114.194,G16_04,staged
2025-02-14 18:10:00,6,50.9942,-114.06619,G08_09,on_scene
2025-02-14 18:10:00,7,50.9512,-114.01254,G06_10,on_scene
2025-02-14 18:10:00,8,51.137,-113.97,G16_12,staged
2025-02-14 18:10:00,9,50.95126,-114.01229,G06_10,on_scene
2025-02-14 18:10:00,10,51.00595,-114.13419,G09_06,on_scene
2025-02-14 18:15:00,1,51.03474,-114.05812,G10_09,responding
2025-02-14 18:15:00,2,50.99977,-114.11493,G08_07,on_scene
2025-02-14 18:15:00,3,51.119,-114.054,G15_09,staged
2025-02-14 18:15:00,4,51.065,-113.97,G12_12,staged
2025-02-14 18:15:00,5,51.137,-114.194,G16_04,staged
2025-02-14 18:15:00,6,50.9942,-114.06619,G08_09,on_scene
2025-02-14 18:15:00,7,50.9512,-114.01254,G06_10,on_scene
2025-02-14 18:15:00,8,51.137,-113.97,G16_12,staged
2025-02-14 18:15:00,9,50.95126,-114.01229,G06_10,on_scene
2025-02-14 18:15:00,10,51.00595,-114.13419,G09_06,on_scene
2025-02-14 18:20:00,1,51.01495,-114.06478,G09_09,on_scene
2025-02-14 18:20:00,2,50.99358,-114.11157,G08_07,returning
2025-02-14 18:20:00,3,51.1108,-114.04945,G15_09,responding
2025-02-14 18:20:00,4,51.07004,-113.98126,G12_12,responding
2025-02-14 18:20:00,5,51.137,-114.194,G16_04,staged
2025-02-14 18:20:00,6,50.9942,-114.06619,G08_09,on_scene
2025-02-14 18:20:00,7,50.9512,-114.01254,G06_10,on_scene
2025-02-14 18:20:00,8,51.137,-113.97,G16_12,staged
2025-02-14 18:20:00,9,50.95126,-114.01229,G06_10,on_scene
2025-02-14 18:20:00,10,51.00595,-114.13419,G09_06,on_scene
2025-02-14 18:25:00,1,51.01495,-114.06478,G09_09,on_scene
2025-02-14 18:25:00,2,51.01005,-114.09594,G09_08,responding
2025-02-14 18:25:00,3,51.09705,-114.04182,G14_09,on_scene
2025-02-14 18:25:00,4,51.08342,-114.01116,G13_11,responding
2025-02-14 18:25:00,5,51.137,-114.194,G16_04,staged
2025-02-14 18:25:00,6,50.9942,-114.06619,G08_09,on_scene
2025-02-14 18:25:00,7,50.95585,-114.02028,G06_10,returning
2025-02-14 18:25:00,8,51.137,-113.97,G16_12,staged
2025-02-14 18:25:00,9,50.96328,-114.00941,G06_11,returning
2025-02-14 18:25:00,10,51.01531,-114.13506,G09_06,returning
2025-02-14 18:30:00,1,51.01495,-114.06478,G09_09,on_scene
2025-02-14 18:30:00,2,51.03079,-114.0799,G10_08,responding
2025-02-14 18:30:00,3,51.09705,-114.04182,G14_09,on_scene
2025-02-14 18:30:00,4,51.0968,-114.04105,G14_09,responding
2025-02-14 18:30:00,5,51.137,-114.194,G16_04,staged
2025-02-14 18:30:00,6,50.99059,-114.06238,G08_09,returning
2025-02-14 18:30:00,7,50.97178,-114.04675,G07_09,returning
2025-02-14 18:30:00,8,51.137,-113.97,G16_12,staged
2025-02-14 18:30:00,9,50.98608,-114.00396,G08_11,returning
2025-02-14 18:30:00,10,51.03833,-114.1372,G11_06,returning
2025-02-14 18:35:00,1,51.01495,-114.06478,G09_09,on_scene
2025-02-14 18:35:00,2,51.04166,-114.07148,G11_08,on_scene
2025-02-14 18:35:00,3,51.09705,-114.04182,G14_09,on_scene
2025-02-14 18:35:00,4,51.09714,-114.0418,G14_09,on_scene
2025-02-14 18:35:00,5,51.137,-114.194,G16_04,staged
2025-02-14 18:35:00,6,50.97138,-114.04212,G07_09,returning
2025-02-14 18:35:00,7,50.98772,-114.07322,G08_08,returning
2025-02-14 18:35:00,8,51.137,-113.97,G16_12,staged
2025-02-14 18:35:00,9,51.00888,-113.99851,G09_11,returning
2025-02-14 18:35:00,10,51.047,-114.138,G11_06,staged
2025-02-14 18:40:00,1,51.01495,-114.06478,G09_09,on_scene
2025-02-14 18:40:00,2,51.04166,-114.07148,G11_08,on_scene
2025-02-14 18:40:00,3,51.09705,-114.04182,G14_09,on_scene
2025-02-14 18:40:00,4,51.09714,-114.0418,G14_09,on_scene
2025-02-14 18:40:00,5,51.137,-114.194,G16_04,staged
2025-02-14 18:40:00,6,50.95218,-114.02187,G06_10,returning
2025-02-14 18:40:00,7,50.993,-114.082,G08_08,staged
2025-02-14 18:40:00,8,51.137,-113.97,G16_12,staged
2025-02-14 18:40:00,9,51.011,-113.998,G09_11,staged
2025-02-14 18:40:00,10,51.047,-114.138,G11_06,staged
2025-02-14 18:45:00,1,51.01495,-114.06478,G09_09,on_scene
2025-02-14 18:45:00,2,51.04166,-114.07148,G11_08,on_scene
2025-02-14 18:45:00,3,51.09705,-114.04182,G14_09,on_scene
2025-02-14 18:45:00,4,51.09714,-114.0418,G14_09,on_scene
2025-02-14 18:45:00,5,51.137,-114.194,G16_04,staged
2025-02-14 18:45:00,6,50.93297,-114.00161,G05_11,returning
2025-02-14 18:45:00,7,50.993,-114.082,G08_08,staged
2025-02-14 18:45:00,8,51.137,-113.97,G16_12,staged
2025-02-14 18:45:00,9,51.011,-113.998,G09_11,staged
2025-02-14 18:45:00,10,51.047,-114.138,G11_06,staged
2025-02-14 18:50:00,1,51.01696,-114.06414,G09_09,responding
2025-02-14 18:50:00,2,51.04166,-114.07148,G11_08,on_scene
2025-02-14 18:50:00,3,51.09705,-114.04182,G14_09,on_scene
2025-02-14 18:50:00,4,51.09714,-114.0418,G14_09,on_scene
2025-02-14 18:50:00,5,51.137,-114.194,G16_04,staged
2025-02-14 18:50:00,6,50.91377,-113.98135,G04_12,returning
2025-02-14 18:50:00,7,50.993,-114.082,G08_08,staged
2025-02-14 18:50:00,8,51.137,-113.97,G16_12,staged
2025-02-14 18:50:00,9,51.011,-113.998,G09_11,staged
2025-02-14 18:50:00,10,51.047,-114.138,G11_06,staged
2025-02-14 18:55:00,1,51.01288,-114.06593,G09_09,on_scene
2025-02-14 18:55:00,2,51.04166,-114.07148,G11_08,on_scene
2025-02-14 18:55:00,3,51.10508,-114.04628,G14_09,returning
2025-02-14 18:55:00,4,51.09714,-114.0418,G14_09,on_scene
2025-02-14 18:55:00,5,51.137,-114.194,G16_04,staged
2025-02-14 18:55:00,6,50.903,-113.97,G03_12,staged
2025-02-14 18:55:00,7,50.993,-114.082,G08_08,staged
2025-02-14 18:55:00,8,51.137,-113.97,G16_12,staged
2025-02-14 18:55:00,9,51.011,-113.998,G09_11,staged
2025-02-14 18:55:00,10,51.047,-114.138,G11_06,staged
2025-02-14 19:00:00,1,51.01288,-114.06593,G09_09,on_scene
2025-02-14 19:00:00,2,51.04166,-114.07148,G11_08,on_scene
2025-02-14 19:00:00,3,51.119,-114.054,G15_09,staged
2025-02-14 19:00:00,4,51.09714,-114.0418,G14_09,on_scene
2025-02-14 19:00:00,5,51.137,-114.194,G16_04,staged
2025-02-14 19:00:00,6,50.903,-113.97,G03_12,staged
2025-02-14 19:00:00,7,50.993,-114.082,G08_08,staged
2025-02-14 19:00:00,8,51.137,-113.97,G16_12,staged
2025-02-14 19:00:00,9,51.011,-113.998,G09_11,staged
2025-02-14 19:00:00,10,51.047,-114.138,G11_06,staged
2025-02-14 19:05:00,1,51.01288,-114.06593,G09_09,on_scene
2025-02-14 19:05:00,2,51.03072,-114.0726,G10_08,returning
2025-02-14 19:05:00,3,51.119,-114.054,G15_09,staged
2025-02-14 19:05:00,4,51.08409,-114.01266,G13_10,returning
2025-02-14 19:05:00,5,51.137,-114.194,G16_04,staged
2025-02-14 19:05:00,6,50.903,-113.97,G03_12,staged
2025-02-14 19:05:00,7,50.993,-114.082,G08_08,staged
2025-02-14 19:05:00,8,51.137,-113.97,G16_12,staged
2025-02-14 19:05:00,9,51.011,-113.998,G09_11,staged
2025-02-14 19:05:00,10,51.047,-114.138,G11_06,staged
2025-02-14 19:10:00,1,51.01288,-114.06593,G09_09,on_scene
2025-02-14 19:10:00,2,51.0077,-114.07496,G09_08,returning
2025-02-14 19:10:00,3,51.119,-114.054,G15_09,staged
2025-02-14 19:10:00,4,51.07071,-113.98277,G12_12,returning
2025-02-14 19:10:00,5,51.137,-114.194,G16_04,staged
2025-02-14 19:10:00,6,50.903,-113.97,G03_12,staged
2025-02-14 19:10:00,7,50.99494,-114.09191,G08_08,responding
2025-02-14 19:10:00,8,51.137,-113.97,G16_12,staged
2025-02-14 19:10:00,9,51.011,-113.998,G09_11,staged
2025-02-14 19:10:00,10,51.047,-114.138,G11_06,staged
2025-02-14 19:15:00,1,51.01288,-114.06593,G09_09,on_scene
2025-02-14 19:15:00,2,50.98469,-114.07732,G08_08,returning
2025-02-14 19:15:00,3,51.10027,-114.06824,G14_08,responding
2025-02-14 19:15:00,4,51.065,-113.97,G12_12,staged
2025-02-14 19:15:00,5,51.137,-114.194,G16_04,staged
2025-02-14 19:15:00,6,50.903,-113.97,G03_12,staged
2025-02-14 19:15:00,7,50.99765,-114.1058,G08_07,on_scene
2025-02-14 19:15:00,8,51.137,-113.97,G16_12,staged
2025-02-14 19:15:00,9,51.011,-113.998,G09_11,staged
2025-02-14 19:15:00,10,51.047,-114.138,G11_06,staged
2025-02-14 19:20:00,1,51.01288,-114.06593,G09_09,on_scene
2025-02-14 19:20:00,2,50.96168,-114.07968,G06_08,returning
2025-02-14 19:20:00,3,51.096,-114.07149,G14_08,on_scene
2025-02-14 19:20:00,4,51.065,-113.97,G12_12,staged
2025-02-14 19:20:00,5,51.137,-114.194,G16_04,staged
2025-02-14 19:20:00,6,50.903,-113.97,G03_12,staged
2025-02-14 19:20:00,7,50.99765,-114.1058,G08_07,on_scene
2025-02-14 19:20:00,8,51.137,-113.97,G16_12,staged
2025-02-14 19:20:00,9,51.011,-113.998,G09_11,staged
2025-02-14 19:20:00,10,51.047,-114.138,G11_06,staged
2025-02-14 19:25:00,1,51.03127,-114.0595,G10_09,returning
2025-02-14 19:25:00,2,50.939,-114.082,G05_08,staged
2025-02-14 19:25:00,3,51.096,-114.07149,G14_08,on_scene
2025-02-14 19:25:00,4,51.065,-113.97,G12_12,staged
2025-02-14 19:25:00,5,51.137,-114.194,G16_04,staged
2025-02-14 19:25:00,6,50.903,-113.97,G03_12,staged
2025-02-14 19:25:00,7,50.99765,-114.1058,G08_07,on_scene
2025-02-14 19:25:00,8,51.137,-113.97,G16_12,staged
2025-02-14 19:25:00,9,51.011,-113.998,G09_11,staged
2025-02-14 19:25:00,10,51.047,-114.138,G11_06,staged
2025-02-14 19:30:00,1,51.047,-114.054,G11_09,staged
2025-02-14 19:30:00,2,50.939,-114.082,G05_08,staged
2025-02-14 19:30:00,3,51.096,-114.07149,G14_08,on_scene
2025-02-14 19:30:00,4,51.065,-113.97,G12_12,staged
2025-02-14 19:30:00,5,51.137,-114.194,G16_04,staged
2025-02-14 19:30:00,6,50.903,-113.97,G03_12,staged
2025-02-14 19:30:00,7,50.99765,-114.1058,G08_07,on_scene
2025-02-14 19:30:00,8,51.137,-113.97,G16_12,staged
2025-02-14 19:30:00,9,51.011,-113.998,G09_11,staged
2025-02-14 19:30:00,10,51.047,-114.138,G11_06,staged
2025-02-14 19:35:00,1,51.047,-114.054,G11_09,staged
2025-02-14 19:35:00,2,50.939,-114.082,G05_08,staged
2025-02-14 19:35:00,3,51.096,-114.07149,G14_08,on_scene
2025-02-14 19:35:00,4,51.065,-113.97,G12_12,staged
2025-02-14 19:35:00,5,51.137,-114.194,G16_04,staged
2025-02-14 19:35:00,6,50.903,-113.97,G03_12,staged
2025-02-14 19:35:00,7,50.99765,-114.1058,G08_07,on_scene
2025-02-14 19:35:00,8,51.137,-113.97,G16_12,staged
2025-02-14 19:35:00,9,51.011,-113.998,G09_11,staged
2025-02-14 19:35:00,10,51.047,-114.138,G11_06,staged
2025-02-14 19:40:00,1,51.047,-114.054,G11_09,staged
2025-02-14 19:40:00,2,50.939,-114.082,G05_08,staged
2025-02-14 19:40:00,3,51.096,-114.07149,G14_08,on_scene
2025-02-14 19:40:00,4,51.065,-113.97,G12_12,staged
2025-02-14 19:40:00,5,51.137,-114.194,G16_04,staged
2025-02-14 19:40:00,6,50.903,-113.97,G03_12,staged
2025-02-14 19:40:00,7,50.99765,-114.1058,G08_07,on_scene
2025-02-14 19:40:00,8,51.137,-113.97,G16_12,staged
2025-02-14 19:40:00,9,51.011,-113.998,G09_11,staged
2025-02-14 19:40:00,10,51.047,-114.138,G11_06,staged
2025-02-14 19:45:00,1,51.047,-114.054,G11_09,staged
2025-02-14 19:45:00,2,50.939,-114.082,G05_08,staged
2025-02-14 19:45:00,3,51.096,-114.07149,G14_08,on_scene
2025-02-14 19:45:00,4,51.065,-113.97,G12_12,staged
2025-02-14 19:45:00,5,51.137,-114.194,G16_04,staged
2025-02-14 19:45:00,6,50.903,-113.97,G03_12,staged
2025-02-14 19:45:00,7,50.99353,-114.08469,G08_08,returning
2025-02-14 19:45:00,8,51.137,-113.97,G16_12,staged
2025-02-14 19:45:00,9,51.011,-113.998,G09_11,staged
2025-02-14 19:45:00,10,51.047,-114.138,G11_06,staged
2025-02-14 19:50:00,1,51.047,-114.054,G11_09,staged
2025-02-14 19:50:00,2,50.939,-114.082,G05_08,staged
2025-02-14 19:50:00,3,51.11253,-114.05892,G15_09,returning
2025-02-14 19:50:00,4,51.065,-113.97,G12_12,staged
2025-02-14 19:50:00,5,51.137,-114.194,G16_04,staged
2025-02-14 19:50:00,6,50.903,-113.97,G03_12,staged
2025-02-14 19:50:00,7,50.993,-114.082,G08_08,staged
2025-02-14 19:50:00,8,51.137,-113.97,G16_12,staged
2025-02-14 19:50:00,9,51.011,-113.998,G09_11,staged
2025-02-14 19:50:00,10,51.047,-114.138,G11_06,staged
2025-02-14 19:55:00,1,51.047,-114.054,G11_09,staged
2025-02-14 19:55:00,2,50.939,-114.082,G05_08,staged
2025-02-14 19:55:00,3,51.119,-114.054,G15_09,staged
2025-02-14 19:55:00,4,51.065,-113.97,G12_12,staged
2025-02-14 19:55:00,5,51.137,-114.194,G16_04,staged
2025-02-14 19:55:00,6,50.903,-113.97,G03_12,staged
2025-02-14 19:55:00,7,50.993,-114.082,G08_08,staged
2025-02-14 19:55:00,8,51.137,-113.97,G16_12,staged
2025-02-14 19:55:00,9,51.011,-113.998,G09_11,staged
2025-02-14 19:55:00,10,51.047,-114.138,G11_06,staged
2025-02-14 20:00:00,1,51.047,-114.054,G11_09,staged
2025-02-14 20:00:00,2,50.939,-114.082,G05_08,staged
2025-02-14 20:00:00,3,51.119,-114.054,G15_09,staged
2025-02-14 20:00:00,4,51.065,-113.97,G12_12,staged
2025-02-14 20:00:00,5,51.137,-114.194,G16_04,staged
2025-02-14 20:00:00,6,50.903,-113.97,G03_12,staged
2025-02-14 20:00:00,7,50.993,-114.082,G08_08,staged
2025-02-14 20:00:00,8,51.137,-113.97,G16_12,staged
2025-02-14 20:00:00,9,51.011,-113.998,G09_11,staged
2025-02-14 20:00:00,10,51.047,-114.138,G11_06,staged
2025-02-14 20:05:00,1,51.047,-114.054,G11_09,staged
2025-02-14 20:05:00,2,50.939,-114.082,G05_08,staged
2025-02-14 20:05:00,3,51.119,-114.054,G15_09,staged
2025-02-14 20:05:00,4,51.065,-113.97,G12_12,staged
2025-02-14 20:05:00,5,51.137,-114.194,G16_04,staged
2025-02-14 20:05:00,6,50.903,-113.97,G03_12,staged
2025-02-14 20:05:00,7,50.993,-114.082,G08_08,staged
2025-02-14 20:05:00,8,51.137,-113.97,G16_12,staged
2025-02-14 20:05:00,9,51.011,-113.998,G09_11,staged
2025-02-14 20:05:00,10,51.047,-114.138,G11_06,staged
2025-02-14 20:10:00,1,51.047,-114.054,G11_09,staged
2025-02-14 20:10:00,2,50.939,-114.082,G05_08,staged
2025-02-14 20:10:00,3,51.119,-114.054,G15_09,staged
2025-02-14 20:10:00,4,51.065,-113.97,G12_12,staged
2025-02-14 20:10:00,5,51.137,-114.194,G16_04,staged
2025-02-14 20:10:00,6,50.903,-113.97,G03_12,staged
2025-02-14 20:10:00,7,50.993,-114.082,G08_08,staged
2025-02-14 20:10:00,8,51.137,-113.97,G16_12,staged
2025-02-14 20:10:00,9,51.011,-113.998,G09_11,staged
2025-02-14 20:10:00,10,51.047,-114.138,G11_06,staged
2025-02-14 20:15:00,1,51.047,-114.054,G11_09,staged
2025-02-14 20:15:00,2,50.939,-114.082,G05_08,staged
2025-02-14 20:15:00,3,51.119,-114.054,G15_09,staged
2025-02-14 20:15:00,4,51.065,-113.97,G12_12,staged
2025-02-14 20:15:00,5,51.137,-114.194,G16_04,staged
2025-02-14 20:15:00,6,50.903,-113.97,G03_12,staged
2025-02-14 20:15:00,7,50.993,-114.082,G08_08,staged
2025-02-14 20:15:00,8,51.137,-113.97,G16_12,staged
2025-02-14 20:15:00,9,51.011,-113.998,G09_11,staged
2025-02-14 20:15:00,10,51.047,-114.138,G11_06,staged
2025-02-14 20:20:00,1,51.05146,-114.05212,G11_09,responding
2025-02-14 20:20:00,2,50.939,-114.082,G05_08,staged
2025-02-14 20:20:00,3,51.11458,-114.05189,G15_09,responding
2025-02-14 20:20:00,4,51.065,-113.97,G12_12,staged
2025-02-14 20:20:00,5,51.137,-114.194,G16_04,staged
2025-02-14 20:20:00,6,50.903,-113.97,G03_12,staged
2025-02-14 20:20:00,7,50.993,-114.082,G08_08,staged
2025-02-14 20:20:00,8,51.137,-113.97,G16_12,staged
2025-02-14 20:20:00,9,51.011,-113.998,G09_11,staged
2025-02-14 20:20:00,10,51.047,-114.138,G11_06,staged
2025-02-14 20:25:00,1,51.07375,-114.04273,G12_09,responding
2025-02-14 20:25:00,2,50.939,-114.082,G05_08,staged
2025-02-14 20:25:00,3,51.09249,-114.04134,G14_09,responding
2025-02-14 20:25:00,4,51.06758,-113.97579,G12_12,responding
2025-02-14 20:25:00,5,51.137,-114.194,G16_04,staged
2025-02-14 20:25:00,6,50.903,-113.97,G03_12,staged
2025-02-14 20:25:00,7,50.993,-114.082,G08_08,staged
2025-02-14 20:25:00,8,51.137,-113.97,G16_12,staged
2025-02-14 20:25:00,9,51.011,-113.998,G09_11,staged
2025-02-14 20:25:00,10,51.047,-114.138,G11_06,staged
2025-02-14 20:30:00,1,51.08522,-114.0379,G13_10,on_scene
2025-02-14 20:30:00,2,50.93125,-114.07763,G05_08,responding
2025-02-14 20:30:00,3,51.0856,-114.03805,G13_10,on_scene
2025-02-14 20:30:00,4,51.08094,-114.00571,G13_11,responding
2025-02-14 20:30:00,5,51.137,-114.194,G16_04,staged
2025-02-14 20:30:00,6,50.903,-113.97,G03_12,staged
2025-02-14 20:30:00,7,50.993,-114.082,G08_08,staged
2025-02-14 20:30:00,8,51.13494,-113.96957,G16_12,responding
2025-02-14 20:30:00,9,51.011,-113.998,G09_11,staged
2025-02-14 20:30:00,10,51.047,-114.138,G11_06,staged
2025-02-14 20:35:00,1,51.08522,-114.0379,G13_10,on_scene
2025-02-14 20:35:00,2,50.91365,-114.06769,G04_09,on_scene
2025-02-14 20:35:00,3,51.0856,-114.03805,G13_10,on_scene
2025-02-14 20:35:00,4,51.09429,-114.03563,G14_10,responding
2025-02-14 20:35:00,5,51.137,-114.194,G16_04,staged
2025-02-14 20:35:00,6,50.903,-113.97,G03_12,staged
2025-02-14 20:35:00,7,50.993,-114.082,G08_08,staged
2025-02-14 20:35:00,8,51.11208,-113.96483,G15_12,responding
2025-02-14 20:35:00,9,51.011,-113.998,G09_11,staged
2025-02-14 20:35:00,10,51.047,-114.138,G11_06,staged
2025-02-14 20:40:00,1,51.08522,-114.0379,G13_10,on_scene
2025-02-14 20:40:00,2,50.91365,-114.06769,G04_09,on_scene
2025-02-14 20:40:00,3,51.0856,-114.03805,G13_10,on_scene
2025-02-14 20:40:00,4,51.09715,-114.04204,G14_09,on_scene
2025-02-14 20:40:00,5,51.137,-114.194,G16_04,staged
2025-02-14 20:40:00,6,50.903,-113.97,G03_12,staged
2025-02-14 20:40:00,7,50.993,-114.082,G08_08,staged
2025-02-14 20:40:00,8,51.08921,-113.96008,G13_12,responding
2025-02-14 20:40:00,9,51.011,-113.998,G09_11,staged
2025-02-14 20:40:00,10,51.047,-114.138,G11_06,staged
2025-02-14 20:45:00,1,51.08522,-114.0379,G13_10,on_scene
2025-02-14 20:45:00,2,50.91365,-114.06769,G04_09,on_scene
2025-02-14 20:45:00,3,51.0856,-114.03805,G13_10,on_scene
2025-02-14 20:45:00,4,51.09715,-114.04204,G14_09,on_scene
2025-02-14 20:45:00,5,51.137,-114.194,G16_04,staged
2025-02-14 20:45:00,6,50.903,-113.97,G03_12,staged
2025-02-14 20:45:00,7,50.993,-114.082,G08_08,staged
2025-02-14 20:45:00,8,51.08166,-113.95852,G13_12,on_scene
2025-02-14 20:45:00,9,51.011,-113.998,G09_11,staged
2025-02-14 20:45:00,10,51.047,-114.138,G11_06,staged
2025-02-14 20:50:00,1,51.08522,-114.0379,G13_10,on_scene
2025-02-14 20:50:00,2,50.91365,-114.06769,G04_09,on_scene
2025-02-14 20:50:00,3,51.0856,-114.03805,G13_10,on_scene
2025-02-14 20:50:00,4,51.09715,-114.04204,G14_09,on_scene
2025-02-14 20:50:00,5,51.137,-114.194,G16_04,staged
2025-02-14 20:50:00,6,50.903,-113.97,G03_12,staged
2025-02-14 20:50:00,7,50.993,-114.082,G08_08,staged
2025-02-14 20:50:00,8,51.08166,-113.95852,G13_12,on_scene
2025-02-14 20:50:00,9,51.011,-113.998,G09_11,staged
2025-02-14 20:50:00,10,51.047,-114.138,G11_06,staged
2025-02-14 20:55:00,1,51.08522,-114.0379,G13_10,on_scene
2025-02-14 20:55:00,2,50.91365,-114.06769,G04_09,on_scene
2025-02-14 20:55:00,3,51.0856,-114.03805,G13_10,on_scene
2025-02-14 20:55:00,4,51.09715,-114.04204,G14_09,on_scene
2025-02-14 20:55:00,5,51.137,-114.194,G16_04,staged
2025-02-14 20:55:00,6,50.903,-113.97,G03_12,staged
2025-02-14 20:55:00,7,50.993,-114.082,G08_08,staged
2025-02-14 20:55:00,8,51.08166,-113.95852,G13_12,on_scene
2025-02-14 20:55:00,9,51.011,-113.998,G09_11,staged
2025-02-14 20:55:00,10,51.047,-114.138,G11_06,staged
2025-02-14 21:00:00,1,51.0744,-114.04246,G13_09,returning
2025-02-14 21:00:00,2,50.91365,-114.06769,G04_09,on_scene
2025-02-14 21:00:00,3,51.10079,-114.0453,G14_09,returning
2025-02-14 21:00:00,4,51.09715,-114.04204,G14_09,on_scene
2025-02-14 21:00:00,5,51.137,-114.194,G16_04,staged
2025-02-14 21:00:00,6,50.903,-113.97,G03_12,staged
2025-02-14 21:00:00,7,50.993,-114.082,G08_08,staged
2025-02-14 21:00:00,8,51.08166,-113.95852,G13_12,on_scene
2025-02-14 21:00:00,9,51.011,-113.998,G09_11,staged
2025-02-14 21:00:00,10,51.047,-114.138,G11_06,staged
2025-02-14 21:05:00,1,51.05211,-114.05185,G11_09,returning
2025-02-14 21:05:00,2,50.91777,-114.07001,G04_08,returning
2025-02-14 21:05:00,3,51.119,-114.054,G15_09,staged
2025-02-14 21:05:00,4,51.09715,-114.04204,G14_09,on_scene
2025-02-14 21:05:00,5,51.137,-114.194,G16_04,staged
2025-02-14 21:05:00,6,50.903,-113.97,G03_12,staged
2025-02-14 21:05:00,7,50.993,-114.082,G08_08,staged
2025-02-14 21:05:00,8,51.08166,-113.95852,G13_12,on_scene
2025-02-14 21:05:00,9,51.011,-113.998,G09_11,staged
2025-02-14 21:05:00,10,51.047,-114.138,G11_06,staged
2025-02-14 21:10:00,1,51.047,-114.054,G11_09,staged
2025-02-14 21:10:00,2,50.939,-114.082,G05_08,staged
2025-02-14 21:10:00,3,51.119,-114.054,G15_09,staged
2025-02-14 21:10:00,4,51.08665,-114.01852,G13_10,returning
2025-02-14 21:10:00,5,51.137,-114.194,G16_04,staged
2025-02-14 21:10:00,6,50.903,-113.97,G03_12,staged
2025-02-14 21:10:00,7,50.993,-114.082,G08_08,staged
2025-02-14 21:10:00,8,51.08166,-113.95852,G13_12,on_scene
2025-02-14 21:10:00,9,51.011,-113.998,G09_11,staged
2025-02-14 21:10:00,10,51.047,-114.138,G11_06,staged
2025-02-14 21:15:00,1,51.047,-114.054,G11_09,staged
2025-02-14 21:15:00,2,50.939,-114.082,G05_08,staged
2025-02-14 21:15:00,3,51.119,-114.054,G15_09,staged
2025-02-14 21:15:00,4,51.0733,-113.98859,G12_11,returning
2025-02-14 21:15:00,5,51.137,-114.194,G16_04,staged
2025-02-14 21:15:00,6,50.903,-113.97,G03_12,staged
2025-02-14 21:15:00,7,50.993,-114.082,G08_08,staged
2025-02-14 21:15:00,8,51.09698,-113.9617,G14_12,returning
2025-02-14 21:15:00,9,51.011,-113.998,G09_11,staged
2025-02-14 21:15:00,10,51.047,-114.138,G11_06,staged
2025-02-14 21:20:00,1,51.047,-114.054,G11_09,staged
2025-02-14 21:20:00,2,50.939,-114.082,G05_08,staged
2025-02-14 21:20:00,3,51.119,-114.054,G15_09,staged
2025-02-14 21:20:00,4,51.065,-113.97,G12_12,staged
2025-02-14 21:20:00,5,51.137,-114.194,G16_04,staged
2025-02-14 21:20:00,6,50.903,-113.97,G03_12,staged
2025-02-14 21:20:00,7,50.993,-114.082,G08_08,staged
2025-02-14 21:20:00,8,51.11985,-113.96644,G15_12,returning
2025-02-14 21:20:00,9,51.011,-113.998,G09_11,staged
2025-02-14 21:20:00,10,51.047,-114.138,G11_06,staged
2025-02-14 21:25:00,1,51.047,-114.054,G11_09,staged
2025-02-14 21:25:00,2,50.939,-114.082,G05_08,staged
2025-02-14 21:25:00,3,51.119,-114.054,G15_09,staged
2025-02-14 21:25:00,4,51.065,-113.97,G12_12,staged
2025-02-14 21:25:00,5,51.137,-114.194,G16_04,staged
2025-02-14 21:25:00,6,50.903,-113.97,G03_12,staged
2025-02-14 21:25:00,7,50.993,-114.082,G08_08,staged
2025-02-14 21:25:00,8,51.137,-113.97,G16_12,staged
2025-02-14 21:25:00,9,51.011,-113.998,G09_11,staged
2025-02-14 21:25:00,10,51.047,-114.138,G11_06,staged
2025-02-14 21:30:00,1,51.047,-114.054,G11_09,staged
2025-02-14 21:30:00,2,50.939,-114.082,G05_08,staged
2025-02-14 21:30:00,3,51.119,-114.054,G15_09,staged
2025-02-14 21:30:00,4,51.065,-113.97,G12_12,staged
2025-02-14 21:30:00,5,51.137,-114.194,G16_04,staged
2025-02-14 21:30:00,6,50.903,-113.97,G03_12,staged
2025-02-14 21:30:00,7,50.993,-114.082,G08_08,staged
2025-02-14 21:30:00,8,51.137,-113.97,G16_12,staged
2025-02-14 21:30:00,9,51.011,-113.998,G09_11,staged
2025-02-14 21:30:00,10,51.047,-114.138,G11_06,staged
2025-02-14 21:35:00,1,51.047,-114.054,G11_09,staged
2025-02-14 21:35:00,2,50.939,-114.082,G05_08,staged
2025-02-14 21:35:00,3,51.119,-114.054,G15_09,staged
2025-02-14 21:35:00,4,51.065,-113.97,G12_12,staged
2025-02-14 21:35:00,5,51.137,-114.194,G16_04,staged
2025-02-14 21:35:00,6,50.903,-113.97,G03_12,staged
2025-02-14 21:35:00,7,50.993,-114.082,G08_08,staged
2025-02-14 21:35:00,8,51.137,-113.97,G16_12,staged
2025-02-14 21:35:00,9,51.011,-113.998,G09_11,staged
2025-02-14 21:35:00,10,51.047,-114.138,G11_06,staged
2025-02-14 21:40:00,1,51.047,-114.054,G11_09,staged
2025-02-14 21:40:00,2,50.939,-114.082,G05_08,staged
2025-02-14 21:40:00,3,51.119,-114.054,G15_09,staged
2025-02-14 21:40:00,4,51.065,-113.97,G12_12,staged
2025-02-14 21:40:00,5,51.137,-114.194,G16_04,staged
2025-02-14 21:40:00,6,50.903,-113.97,G03_12,staged
2025-02-14 21:40:00,7,50.993,-114.082,G08_08,staged
2025-02-14 21:40:00,8,51.137,-113.97,G16_12,staged
2025-02-14 21:40:00,9,51.011,-113.998,G09_11,staged
2025-02-14 21:40:00,10,51.047,-114.138,G11_06,staged
2025-02-14 21:45:00,1,51.047,-114.054,G11_09,staged
2025-02-14 21:45:00,2,50.939,-114.082,G05_08,staged
2025-02-14 21:45:00,3,51.119,-114.054,G15_09,staged
2025-02-14 21:45:00,4,51.065,-113.97,G12_12,staged
2025-02-14 21:45:00,5,51.137,-114.194,G16_04,staged
2025-02-14 21:45:00,6,50.903,-113.97,G03_12,staged
2025-02-14 21:45:00,7,50.993,-114.082,G08_08,staged
2025-02-14 21:45:00,8,51.137,-113.97,G16_12,staged
2025-02-14 21:45:00,9,51.011,-113.998,G09_11,staged
2025-02-14 21:45:00,10,51.047,-114.138,G11_06,staged
2025-02-14 21:50:00,1,51.047,-114.054,G11_09,staged
2025-02-14 21:50:00,2,50.939,-114.082,G05_08,staged
2025-02-14 21:50:00,3,51.119,-114.054,G15_09,staged
2025-02-14 21:50:00,4,51.065,-113.97,G12_12,staged
2025-02-14 21:50:00,5,51.137,-114.194,G16_04,staged
2025-02-14 21:50:00,6,50.903,-113.97,G03_12,staged
2025-02-14 21:50:00,7,50.993,-114.082,G08_08,staged
2025-02-14 21:50:00,8,51.137,-113.97,G16_12,staged
2025-02-14 21:50:00,9,51.011,-113.998,G09_11,staged
2025-02-14 21:50:00,10,51.047,-114.138,G11_06,staged
2025-02-14 21:55:00,1,51.047,-114.054,G11_09,staged
2025-02-14 21:55:00,2,50.939,-114.082,G05_08,staged
2025-02-14 21:55:00,3,51.119,-114.054,G15_09,staged
2025-02-14 21:55:00,4,51.065,-113.97,G12_12,staged
2025-02-14 21:55:00,5,51.137,-114.194,G16_04,staged
2025-02-14 21:55:00,6,50.903,-113.97,G03_12,staged
2025-02-14 21:55:00,7,50.993,-114.082,G08_08,staged
2025-02-14 21:55:00,8,51.137,-113.97,G16_12,staged
2025-02-14 21:55:00,9,51.011,-113.998,G09_11,staged
2025-02-14 21:55:00,10,51.047,-114.138,G11_06,staged
2025-02-14 22:00:00,1,51.047,-114.054,G11_09,staged
2025-02-14 22:00:00,2,50.939,-114.082,G05_08,staged
2025-02-14 22:00:00,3,51.119,-114.054,G15_09,staged
2025-02-14 22:00:00,4,51.065,-113.97,G12_12,staged
2025-02-14 22:00:00,5,51.137,-114.194,G16_04,staged
2025-02-14 22:00:00,6,50.903,-113.97,G03_12,staged
2025-02-14 22:00:00,7,50.993,-114.082,G08_08,staged
2025-02-14 22:00:00,8,51.137,-113.97,G16_12,staged
2025-02-14 22:00:00,9,51.011,-113.998,G09_11,staged
2025-02-14 22:00:00,10,51.047,-114.138,G11_06,staged
2025-02-14 22:05:00,1,51.047,-114.054,G11_09,staged
2025-02-14 22:05:00,2,50.939,-114.082,G05_08,staged
2025-02-14 22:05:00,3,51.119,-114.054,G15_09,staged
2025-02-14 22:05:00,4,51.065,-113.97,G12_12,staged
2025-02-14 22:05:00,5,51.137,-114.194,G16_04,staged
2025-02-14 22:05:00,6,50.903,-113.97,G03_12,staged
2025-02-14 22:05:00,7,50.993,-114.082,G08_08,staged
2025-02-14 22:05:00,8,51.137,-113.97,G16_12,staged
2025-02-14 22:05:00,9,51.011,-113.998,G09_11,staged
2025-02-14 22:05:00,10,51.047,-114.138,G11_06,staged
2025-02-14 22:10:00,1,51.047,-114.054,G11_09,staged
2025-02-14 22:10:00,2,50.939,-114.082,G05_08,staged
2025-02-14 22:10:00,3,51.119,-114.054,G15_09,staged
2025-02-14 22:10:00,4,51.065,-113.97,G12_12,staged
2025-02-14 22:10:00,5,51.137,-114.194,G16_04,staged
2025-02-14 22:10:00,6,50.903,-113.97,G03_12,staged
2025-02-14 22:10:00,7,50.993,-114.082,G08_08,staged
2025-02-14 22:10:00,8,51.137,-113.97,G16_12,staged
2025-02-14 22:10:00,9,51.011,-113.998,G09_11,staged
2025-02-14 22:10:00,10,51.047,-114.138,G11_06,staged
2025-02-14 22:15:00,1,51.047,-114.054,G11_09,staged
2025-02-14 22:15:00,2,50.939,-114.082,G05_08,staged
2025-02-14 22:15:00,3,51.119,-114.054,G15_09,staged
2025-02-14 22:15:00,4,51.065,-113.97,G12_12,staged
2025-02-14 22:15:00,5,51.137,-114.194,G16_04,staged
2025-02-14 22:15:00,6,50.903,-113.97,G03_12,staged
2025-02-14 22:15:00,7,50.993,-114.082,G08_08,staged
2025-02-14 22:15:00,8,51.137,-113.97,G16_12,staged
2025-02-14 22:15:00,9,51.011,-113.998,G09_11,staged
2025-02-14 22:15:00,10,51.047,-114.138,G11_06,staged
2025-02-14 22:20:00,1,51.047,-114.054,G11_09,staged
2025-02-14 22:20:00,2,50.939,-114.082,G05_08,staged
2025-02-14 22:20:00,3,51.119,-114.054,G15_09,staged
2025-02-14 22:20:00,4,51.065,-113.97,G12_12,staged
2025-02-14 22:20:00,5,51.137,-114.194,G16_04,staged
2025-02-14 22:20:00,6,50.903,-113.97,G03_12,staged
2025-02-14 22:20:00,7,50.993,-114.082,G08_08,staged
2025-02-14 22:20:00,8,51.137,-113.97,G16_12,staged
2025-02-14 22:20:00,9,51.011,-113.998,G09_11,staged
2025-02-14 22:20:00,10,51.047,-114.138,G11_06,staged
2025-02-14 22:25:00,1,51.047,-114.054,G11_09,staged
2025-02-14 22:25:00,2,50.939,-114.082,G05_08,staged
2025-02-14 22:25:00,3,51.119,-114.054,G15_09,staged
2025-02-14 22:25:00,4,51.065,-113.97,G12_12,staged
2025-02-14 22:25:00,5,51.137,-114.194,G16_04,staged
2025-02-14 22:25:00,6,50.903,-113.97,G03_12,staged
2025-02-14 22:25:00,7,50.993,-114.082,G08_08,staged
2025-02-14 22:25:00,8,51.137,-113.97,G16_12,staged
2025-02-14 22:25:00,9,51.011,-113.998,G09_11,staged
2025-02-14 22:25:00,10,51.047,-114.138,G11_06,staged
2025-02-14 22:30:00,1,51.047,-114.054,G11_09,staged
2025-02-14 22:30:00,2,50.939,-114.082,G05_08,staged
2025-02-14 22:30:00,3,51.119,-114.054,G15_09,staged
2025-02-14 22:30:00,4,51.065,-113.97,G12_12,staged
2025-02-14 22:30:00,5,51.137,-114.194,G16_04,staged
2025-02-14 22:30:00,6,50.903,-113.97,G03_12,staged
2025-02-14 22:30:00,7,50.993,-114.082,G08_08,staged
2025-02-14 22:30:00,8,51.137,-113.97,G16_12,staged
2025-02-14 22:30:00,9,51.011,-113.998,G09_11,staged
2025-02-14 22:30:00,10,51.047,-114.138,G11_06,staged
2025-02-14 22:35:00,1,51.047,-114.054,G11_09,staged
2025-02-14 22:35:00,2,50.939,-114.082,G05_08,staged
2025-02-14 22:35:00,3,51.119,-114.054,G15_09,staged
2025-02-14 22:35:00,4,51.065,-113.97,G12_12,staged
2025-02-14 22:35:00,5,51.137,-114.194,G16_04,staged
2025-02-14 22:35:00,6,50.903,-113.97,G03_12,staged
2025-02-14 22:35:00,7,50.993,-114.082,G08_08,staged
2025-02-14 22:35:00,8,51.13566,-113.96505,G16_12,responding
2025-02-14 22:35:00,9,51.011,-113.998,G09_11,staged
2025-02-14 22:35:00,10,51.047,-114.138,G11_06,staged
2025-02-14 22:40:00,1,51.047,-114.054,G11_09,staged
2025-02-14 22:40:00,2,50.939,-114.082,G05_08,staged
2025-02-14 22:40:00,3,51.13307,-114.06386,G16_09,responding
2025-02-14 22:40:00,4,51.065,-113.97,G12_12,staged
2025-02-14 22:40:00,5,51.137,-114.194,G16_04,staged
2025-02-14 22:40:00,6,50.903,-113.97,G03_12,staged
2025-02-14 22:40:00,7,50.993,-114.082,G08_08,staged
2025-02-14 22:40:00,8,51.13222,-113.95239,G16_13,on_scene
2025-02-14 22:40:00,9,51.011,-113.998,G09_11,staged
2025-02-14 22:40:00,10,51.047,-114.138,G11_06,staged
2025-02-14 22:45:00,1,51.047,-114.054,G11_09,staged
2025-02-14 22:45:00,2,50.939,-114.082,G05_08,staged
2025-02-14 22:45:00,3,51.15418,-114.07865,G17_08,responding
2025-02-14 22:45:00,4,51.065,-113.97,G12_12,staged
2025-02-14 22:45:00,5,51.137,-114.194,G16_04,staged
2025-02-14 22:45:00,6,50.903,-113.97,G03_12,staged
2025-02-14 22:45:00,7,50.993,-114.082,G08_08,staged
2025-02-14 22:45:00,8,51.13222,-113.95239,G16_13,on_scene
2025-02-14 22:45:00,9,51.011,-113.998,G09_11,staged
2025-02-14 22:45:00,10,51.047,-114.138,G11_06,staged
2025-02-14 22:50:00,1,51.04724,-114.05109,G11_09,responding
2025-02-14 22:50:00,2,50.939,-114.082,G05_08,staged
2025-02-14 22:50:00,3,51.17354,-114.09221,G18_08,on_scene
2025-02-14 22:50:00,4,51.065,-113.97,G12_12,staged
2025-02-14 22:50:00,5,51.137,-114.194,G16_04,staged
2025-02-14 22:50:00,6,50.903,-113.97,G03_12,staged
2025-02-14 22:50:00,7,50.993,-114.082,G08_08,staged
2025-02-14 22:50:00,8,51.13222,-113.95239,G16_13,on_scene
2025-02-14 22:50:00,9,51.011,-113.998,G09_11,staged
2025-02-14 22:50:00,10,51.047,-114.138,G11_06,staged
2025-02-14 22:55:00,1,51.04987,-114.01901,G11_10,on_scene
2025-02-14 22:55:00,2,50.939,-114.082,G05_08,staged
2025-02-14 22:55:00,3,51.17354,-114.09221,G18_08,on_scene
2025-02-14 22:55:00,4,51.065,-113.97,G12_12,staged
2025-02-14 22:55:00,5,51.137,-114.194,G16_04,staged
2025-02-14 22:55:00,6,50.903,-113.97,G03_12,staged
2025-02-14 22:55:00,7,50.993,-114.082,G08_08,staged
2025-02-14 22:55:00,8,51.13222,-113.95239,G16_13,on_scene
2025-02-14 22:55:00,9,51.011,-113.998,G09_11,staged
2025-02-14 22:55:00,10,51.047,-114.138,G11_06,staged
2025-02-14 23:00:00,1,51.04987,-114.01901,G11_10,on_scene
2025-02-14 23:00:00,2,50.939,-114.082,G05_08,staged
2025-02-14 23:00:00,3,51.17354,-114.09221,G18_08,on_scene
2025-02-14 23:00:00,4,51.065,-113.97,G12_12,staged
2025-02-14 23:00:00,5,51.137,-114.194,G16_04,staged
2025-02-14 23:00:00,6,50.903,-113.97,G03_12,staged
2025-02-14 23:00:00,7,50.993,-114.082,G08_08,staged
2025-02-14 23:00:00,8,51.13222,-113.95239,G16_13,on_scene
2025-02-14 23:00:00,9,51.02867,-114.00334,G10_11,responding
2025-02-14 23:00:00,10,51.047,-114.138,G11_06,staged
2025-02-14 23:05:00,1,51.04987,-114.01901,G11_10,on_scene
2025-02-14 23:05:00,2,50.939,-114.082,G05_08,staged
2025-02-14 23:05:00,3,51.17354,-114.09221,G18_08,on_scene
2025-02-14 23:05:00,4,51.065,-113.97,G12_12,staged
2025-02-14 23:05:00,5,51.137,-114.194,G16_04,staged
2025-02-14 23:05:00,6,50.903,-113.97,G03_12,staged
2025-02-14 23:05:00,7,50.993,-114.082,G08_08,staged
2025-02-14 23:05:00,8,51.13222,-113.95239,G16_13,on_scene
2025-02-14 23:05:00,9,51.03794,-114.00615,G10_11,on_scene
2025-02-14 23:05:00,10,51.047,-114.138,G11_06,staged
2025-02-14 23:10:00,1,51.04987,-114.01901,G11_10,on_scene
2025-02-14 23:10:00,2,50.939,-114.082,G05_08,staged
2025-02-14 23:10:00,3,51.17354,-114.09221,G18_08,on_scene
2025-02-14 23:10:00,4,51.065,-113.97,G12_12,staged
2025-02-14 23:10:00,5,51.137,-114.194,G16_04,staged
2025-02-14 23:10:00,6,50.903,-113.97,G03_12,staged
2025-02-14 23:10:00,7,50.993,-114.082,G08_08,staged
2025-02-14 23:10:00,8,51.137,-113.97,G16_12,staged
2025-02-14 23:10:00,9,51.03794,-114.00615,G10_11,on_scene
2025-02-14 23:10:00,10,51.047,-114.138,G11_06,staged
2025-02-14 23:15:00,1,51.04987,-114.01901,G11_10,on_scene
2025-02-14 23:15:00,2,50.939,-114.082,G05_08,staged
2025-02-14 23:15:00,3,51.17354,-114.09221,G18_08,on_scene
2025-02-14 23:15:00,4,51.065,-113.97,G12_12,staged
2025-02-14 23:15:00,5,51.137,-114.194,G16_04,staged
2025-02-14 23:15:00,6,50.903,-113.97,G03_12,staged
2025-02-14 23:15:00,7,50.993,-114.082,G08_08,staged
2025-02-14 23:15:00,8,51.137,-113.97,G16_12,staged
2025-02-14 23:15:00,9,51.03794,-114.00615,G10_11,on_scene
2025-02-14 23:15:00,10,51.047,-114.138,G11_06,staged
2025-02-14 23:20:00,1,51.04987,-114.01901,G11_10,on_scene
2025-02-14 23:20:00,2,50.939,-114.082,G05_08,staged
2025-02-14 23:20:00,3,51.17179,-114.09099,G18_08,returning
2025-02-14 23:20:00,4,51.065,-113.97,G12_12,staged
2025-02-14 23:20:00,5,51.137,-114.194,G16_04,staged
2025-02-14 23:20:00,6,50.903,-113.97,G03_12,staged
2025-02-14 23:20:00,7,50.993,-114.082,G08_08,staged
2025-02-14 23:20:00,8,51.137,-113.97,G16_12,staged
2025-02-14 23:20:00,9,51.03794,-114.00615,G10_11,on_scene
2025-02-14 23:20:00,10,51.047,-114.138,G11_06,staged
2025-02-14 23:25:00,1,51.04951,-114.0233,G11_10,returning
2025-02-14 23:25:00,2,50.939,-114.082,G05_08,staged
2025-02-14 23:25:00,3,51.15068,-114.0762,G17_08,returning
2025-02-14 23:25:00,4,51.065,-113.97,G12_12,staged
2025-02-14 23:25:00,5,51.137,-114.194,G16_04,staged
2025-02-14 23:25:00,6,50.903,-113.97,G03_12,staged
2025-02-14 23:25:00,7,50.993,-114.082,G08_08,staged
2025-02-14 23:25:00,8,51.137,-113.97,G16_12,staged
2025-02-14 23:25:00,9,51.03794,-114.00615,G10_11,on_scene
2025-02-14 23:25:00,10,51.047,-114.138,G11_06,staged
2025-02-14 23:30:00,1,51.047,-114.054,G11_09,staged
2025-02-14 23:30:00,2,50.939,-114.082,G05_08,staged
2025-02-14 23:30:00,3,51.12957,-114.06141,G16_09,returning
2025-02-14 23:30:00,4,51.065,-113.97,G12_12,staged
2025-02-14 23:30:00,5,51.137,-114.194,G16_04,staged
2025-02-14 23:30:00,6,50.903,-113.97,G03_12,staged
2025-02-14 23:30:00,7,50.993,-114.082,G08_08,staged
2025-02-14 23:30:00,8,51.137,-113.97,G16_12,staged
2025-02-14 23:30:00,9,51.03794,-114.00615,G10_11,on_scene
2025-02-14 23:30:00,10,51.047,-114.138,G11_06,staged
2025-02-14 23:35:00,1,51.047,-114.054,G11_09,staged
2025-02-14 23:35:00,2,50.939,-114.082,G05_08,staged
2025-02-14 23:35:00,3,51.119,-114.054,G15_09,staged
2025-02-14 23:35:00,4,51.065,-113.97,G12_12,staged
2025-02-14 23:35:00,5,51.137,-114.194,G16_04,staged
2025-02-14 23:35:00,6,50.903,-113.97,G03_12,staged
2025-02-14 23:35:00,7,50.993,-114.082,G08_08,staged
2025-02-14 23:35:00,8,51.137,-113.97,G16_12,staged
2025-02-14 23:35:00,9,51.02457,-114.0021,G10_11,returning
2025-02-14 23:35:00,10,51.047,-114.138,G11_06,staged
2025-02-14 23:40:00,1,51.047,-114.054,G11_09,staged
2025-02-14 23:40:00,2,50.939,-114.082,G05_08,staged
2025-02-14 23:40:00,3,51.119,-114.054,G15_09,staged
2025-02-14 23:40:00,4,51.065,-113.97,G12_12,staged
2025-02-14 23:40:00,5,51.137,-114.194,G16_04,staged
2025-02-14 23:40:00,6,50.903,-113.97,G03_12,staged
2025-02-14 23:40:00,7,50.993,-114.082,G08_08,staged
2025-02-14 23:40:00,8,51.137,-113.97,G16_12,staged
2025-02-14 23:40:00,9,51.011,-113.998,G09_11,staged
2025-02-14 23:40:00,10,51.047,-114.138,G11_06,staged
2025-02-14 23:45:00,1,51.047,-114.054,G11_09,staged
2025-02-14 23:45:00,2,50.939,-114.082,G05_08,staged
2025-02-14 23:45:00,3,51.119,-114.054,G15_09,staged
2025-02-14 23:45:00,4,51.065,-113.97,G12_12,staged
2025-02-14 23:45:00,5,51.137,-114.194,G16_04,staged
2025-02-14 23:45:00,6,50.903,-113.97,G03_12,staged
2025-02-14 23:45:00,7,50.993,-114.082,G08_08,staged
2025-02-14 23:45:00,8,51.137,-113.97,G16_12,staged
2025-02-14 23:45:00,9,51.011,-113.998,G09_11,staged
2025-02-14 23:45:00,10,51.047,-114.138,G11_06,staged
2025-02-14 23:50:00,1,51.047,-114.054,G11_09,staged
2025-02-14 23:50:00,2,50.939,-114.082,G05_08,staged
2025-02-14 23:50:00,3,51.119,-114.054,G15_09,staged
2025-02-14 23:50:00,4,51.065,-113.97,G12_12,staged
2025-02-14 23:50:00,5,51.137,-114.194,G16_04,staged
2025-02-14 23:50:00,6,50.903,-113.97,G03_12,staged
2025-02-14 23:50:00,7,50.993,-114.082,G08_08,staged
2025-02-14 23:50:00,8,51.137,-113.97,G16_12,staged
2025-02-14 23:50:00,9,51.011,-113.998,G09_11,staged
2025-02-14 23:50:00,10,51.047,-114.138,G11_06,staged
2025-02-14 23:55:00,1,51.047,-114.054,G11_09,staged
2025-02-14 23:55:00,2,50.939,-114.082,G05_08,staged
2025-02-14 23:55:00,3,51.119,-114.054,G15_09,staged
2025-02-14 23:55:00,4,51.06487,-113.96621,G12_12,responding
2025-02-14 23:55:00,5,51.137,-114.194,G16_04,staged
2025-02-14 23:55:00,6,50.903,-113.97,G03_12,staged
2025-02-14 23:55:00,7,50.993,-114.082,G08_08,staged
2025-02-14 23:55:00,8,51.137,-113.97,G16_12,staged
2025-02-14 23:55:00,9,51.011,-113.998,G09_11,staged
2025-02-14 23:55:00,10,51.047,-114.138,G11_06,staged
