time,unit_id,lat,lon,zone_id,status
2025-02-14 00:00:00,1,51.047,-114.082,G11_08,staged
2025-02-14 00:00:00,2,50.993,-114.054,G08_09,staged
2025-02-14 00:00:00,3,51.137,-114.026,G16_10,staged
2025-02-14 00:00:00,4,51.065,-113.97,G12_12,staged
2025-02-14 00:00:00,5,51.119,-114.194,G15_04,staged
2025-02-14 00:00:00,6,50.903,-113.998,G03_11,staged
2025-02-14 00:05:00,1,51.047,-114.082,G11_08,staged
2025-02-14 00:05:00,2,50.993,-114.054,G08_09,staged
2025-02-14 00:05:00,3,51.137,-114.026,G16_10,staged
2025-02-14 00:05:00,4,51.065,-113.97,G12_12,staged
2025-02-14 00:05:00,5,51.119,-114.194,G15_04,staged
2025-02-14 00:05:00,6,50.903,-113.998,G03_11,staged
2025-02-14 00:10:00,1,51.047,-114.082,G11_08,staged
2025-02-14 00:10:00,2,50.993,-114.054,G08_09,staged
2025-02-14 00:10:00,3,51.137,-114.026,G16_10,staged
2025-02-14 00:10:00,4,51.065,-113.97,G12_12,staged
2025-02-14 00:10:00,5,51.119,-114.194,G15_04,staged
2025-02-14 00:10:00,6,50.903,-113.998,G03_11,staged
2025-02-14 00:15:00,1,51.047,-114.082,G11_08,staged
2025-02-14 00:15:00,2,50.993,-114.054,G08_09,staged
2025-02-14 00:15:00,3,51.137,-114.026,G16_10,staged
2025-02-14 00:15:00,4,51.065,-113.97,G12_12,staged
2025-02-14 00:15:00,5,51.119,-114.194,G15_04,staged
2025-02-14 00:15:00,6,50.903,-113.998,G03_11,staged
2025-02-14 00:20:00,1,51.047,-114.082,G11_08,staged
2025-02-14 00:20:00,2,50.993,-114.054,G08_09,staged
2025-02-14 00:20:00,3,51.137,-114.026,G16_10,staged
2025-02-14 00:20:00,4,51.065,-113.97,G12_12,staged
2025-02-14 00:20:00,5,51.119,-114.194,G15_04,staged
2025-02-14 00:20:00,6,50.903,-113.998,G03_11,staged
2025-02-14 00:25:00,1,51.047,-114.082,G11_08,staged
2025-02-14 00:25:00,2,50.993,-114.054,G08_09,staged
2025-02-14 00:25:00,3,51.137,-114.026,G16_10,staged
2025-02-14 00:25:00,4,51.065,-113.97,G12_12,staged
2025-02-14 00:25:00,5,51.119,-114.194,G15_04,staged
2025-02-14 00:25:00,6,50.903,-113.998,G03_11,staged
2025-02-14 00:30:00,1,51.047,-114.082,G11_08,staged
2025-02-14 00:30:00,2,50.993,-114.054,G08_09,staged
2025-02-14 00:30:00,3,51.137,-114.026,G16_10,staged
2025-02-14 00:30:00,4,51.065,-113.97,G12_12,staged
2025-02-14 00:30:00,5,51.119,-114.194,G15_04,staged
2025-02-14 00:30:00,6,50.903,-113.998,G03_11,staged
2025-02-14 00:35:00,1,51.047,-114.082,G11_08,staged
2025-02-14 00:35:00,2,50.993,-114.054,G08_09,staged
2025-02-14 00:35:00,3,51.137,-114.026,G16_10,staged
2025-02-14 00:35:00,4,51.065,-113.97,G12_12,staged
2025-02-14 00:35:00,5,51.119,-114.194,G15_04,staged
2025-02-14 00:35:00,6,50.903,-113.998,G03_11,staged
2025-02-14 00:40:00,1,51.047,-114.082,G11_08,staged
2025-02-14 00:40:00,2,50.993,-114.054,G08_09,staged
2025-02-14 00:40:00,3,51.137,-114.026,G16_10,staged
2025-02-14 00:40:00,4,51.065,-113.97,G12_12,staged
2025-02-14 00:40:00,5,51.119,-114.194,G15_04,staged
2025-02-14 00:40:00,6,50.903,-113.998,G03_11,staged
2025-02-14 00:45:00,1,51.047,-114.082,G11_08,staged
2025-02-14 00:45:00,2,50.993,-114.054,G08_09,staged
2025-02-14 00:45:00,3,51.137,-114.026,G16_10,staged
2025-02-14 00:45:00,4,51.065,-113.97,G12_12,staged
2025-02-14 00:45:00,5,51.119,-114.194,G15_04,staged
2025-02-14 00:45:00,6,50.903,-113.998,G03_11,staged
2025-02-14 00:50:00,1,51.047,-114.082,G11_08,staged
2025-02-14 00:50:00,2,50.993,-114.054,G08_09,staged
2025-02-14 00:50:00,3,51.137,-114.026,G16_10,staged
2025-02-14 00:50:00,4,51.065,-113.97,G12_12,staged
2025-02-14 00:50:00,5,51.119,-114.194,G15_04,staged
2025-02-14 00:50:00,6,50.903,-113.998,G03_11,staged
2025-02-14 00:55:00,1,51.047,-114.082,G11_08,staged
2025-02-14 00:55:00,2,50.993,-114.054,G08_09,staged
2025-02-14 00:55:00,3,51.137,-114.026,G16_10,staged
2025-02-14 00:55:00,4,51.065,-113.97,G12_12,staged
2025-02-14 00:55:00,5,51.119,-114.194,G15_04,staged
2025-02-14 00:55:00,6,50.903,-113.998,G03_11,staged
2025-02-14 01:00:00,1,51.047,-114.082,G11_08,staged
2025-02-14 01:00:00,2,50.993,-114.054,G08_09,staged
2025-02-14 01:00:00,3,51.137,-114.026,G16_10,staged
2025-02-14 01:00:00,4,51.065,-113.97,G12_12,staged
2025-02-14 01:00:00,5,51.119,-114.194,G15_04,staged
2025-02-14 01:00:00,6,50.903,-113.998,G03_11,staged
2025-02-14 01:05:00,1,51.047,-114.082,G11_08,staged
2025-02-14 01:05:00,2,50.993,-114.054,G08_09,staged
2025-02-14 01:05:00,3,51.137,-114.026,G16_10,staged
2025-02-14 01:05:00,4,51.065,-113.97,G12_12,staged
2025-02-14 01:05:00,5,51.119,-114.194,G15_04,staged
2025-02-14 01:05:00,6,50.903,-113.998,G03_11,staged
2025-02-14 01:10:00,1,51.047,-114.082,G11_08,staged
2025-02-14 01:10:00,2,50.993,-114.054,G08_09,staged
2025-02-14 01:10:00,3,51.137,-114.026,G16_10,staged
2025-02-14 01:10:00,4,51.065,-113.97,G12_12,staged
2025-02-14 01:10:00,5,51.119,-114.194,G15_04,staged
2025-02-14 01:10:00,6,50.903,-113.998,G03_11,staged
2025-02-14 01:15:00,1,51.047,-114.082,G11_08,staged
2025-02-14 01:15:00,2,50.993,-114.054,G08_09,staged
2025-02-14 01:15:00,3,51.137,-114.026,G16_10,staged
2025-02-14 01:15:00,4,51.065,-113.97,G12_12,staged
2025-02-14 01:15:00,5,51.119,-114.194,G15_04,staged
2025-02-14 01:15:00,6,50.903,-113.998,G03_11,staged
2025-02-14 01:20:00,1,51.047,-114.082,G11_08,staged
2025-02-14 01:20:00,2,50.993,-114.054,G08_09,staged
2025-02-14 01:20:00,3,51.137,-114.026,G16_10,staged
2025-02-14 01:20:00,4,51.065,-113.97,G12_12,staged
2025-02-14 01:20:00,5,51.119,-114.194,G15_04,staged
2025-02-14 01:20:00,6,50.903,-113.998,G03_11,staged
2025-02-14 01:25:00,1,51.047,-114.082,G11_08,staged
2025-02-14 01:25:00,2,50.993,-114.054,G08_09,staged
2025-02-14 01:25:00,3,51.137,-114.026,G16_10,staged
2025-02-14 01:25:00,4,51.065,-113.97,G12_12,staged
2025-02-14 01:25:00,5,51.119,-114.194,G15_04,staged
2025-02-14 01:25:00,6,50.903,-113.998,G03_11,staged
2025-02-14 01:30:00,1,51.047,-114.082,G11_08,staged
2025-02-14 01:30:00,2,50.993,-114.054,G08_09,staged
2025-02-14 01:30:00,3,51.137,-114.026,G16_10,staged
2025-02-14 01:30:00,4,51.065,-113.97,G12_12,staged
2025-02-14 01:30:00,5,51.119,-114.194,G15_04,staged
2025-02-14 01:30:00,6,50.903,-113.998,G03_11,staged
2025-02-14 01:35:00,1,51.047,-114.082,G11_08,staged
2025-02-14 01:35:00,2,50.993,-114.054,G08_09,staged
2025-02-14 01:35:00,3,51.137,-114.026,G16_10,staged
2025-02-14 01:35:00,4,51.065,-113.97,G12_12,staged
2025-02-14 01:35:00,5,51.119,-114.194,G15_04,staged
2025-02-14 01:35:00,6,50.903,-113.998,G03_11,staged
2025-02-14 01:40:00,1,51.047,-114.082,G11_08,staged
2025-02-14 01:40:00,2,50.993,-114.054,G08_09,staged
2025-02-14 01:40:00,3,51.137,-114.026,G16_10,staged
2025-02-14 01:40:00,4,51.065,-113.97,G12_12,staged
2025-02-14 01:40:00,5,51.119,-114.194,G15_04,staged
2025-02-14 01:40:00,6,50.903,-113.998,G03_11,staged
2025-02-14 01:45:00,1,51.047,-114.082,G11_08,staged
2025-02-14 01:45:00,2,50.993,-114.054,G08_09,staged
2025-02-14 01:45:00,3,51.137,-114.026,G16_10,staged
2025-02-14 01:45:00,4,51.065,-113.97,G12_12,staged
2025-02-14 01:45:00,5,51.119,-114.194,G15_04,staged
2025-02-14 01:45:00,6,50.903,-113.998,G03_11,staged
2025-02-14 01:50:00,1,51.047,-114.082,G11_08,staged
2025-02-14 01:50:00,2,50.993,-114.054,G08_09,staged
2025-02-14 01:50:00,3,51.137,-114.026,G16_10,staged
2025-02-14 01:50:00,4,51.065,-113.97,G12_12,staged
2025-02-14 01:50:00,5,51.119,-114.194,G15_04,staged
2025-02-14 01:50:00,6,50.903,-113.998,G03_11,staged
2025-02-14 01:55:00,1,51.047,-114.082,G11_08,staged
2025-02-14 01:55:00,2,50.993,-114.054,G08_09,staged
2025-02-14 01:55:00,3,51.137,-114.026,G16_10,staged
2025-02-14 01:55:00,4,51.065,-113.97,G12_12,staged
2025-02-14 01:55:00,5,51.119,-114.194,G15_04,staged
2025-02-14 01:55:00,6,50.903,-113.998,G03_11,staged
2025-02-14 02:00:00,1,51.047,-114.082,G11_08,staged
2025-02-14 02:00:00,2,50.993,-114.054,G08_09,staged
2025-02-14 02:00:00,3,51.137,-114.026,G16_10,staged
2025-02-14 02:00:00,4,51.065,-113.97,G12_12,staged
2025-02-14 02:00:00,5,51.119,-114.194,G15_04,staged
2025-02-14 02:00:00,6,50.903,-113.998,G03_11,staged
2025-02-14 02:05:00,1,51.047,-114.082,G11_08,staged
2025-02-14 02:05:00,2,50.993,-114.054,G08_09,staged
2025-02-14 02:05:00,3,51.137,-114.026,G16_10,staged
2025-02-14 02:05:00,4,51.065,-113.97,G12_12,staged
2025-02-14 02:05:00,5,51.119,-114.194,G15_04,staged
2025-02-14 02:05:00,6,50.903,-113.998,G03_11,staged
2025-02-14 02:10:00,1,51.047,-114.082,G11_08,staged
2025-02-14 02:10:00,2,50.993,-114.054,G08_09,staged
2025-02-14 02:10:00,3,51.137,-114.026,G16_10,staged
2025-02-14 02:10:00,4,51.065,-113.97,G12_12,staged
2025-02-14 02:10:00,5,51.119,-114.194,G15_04,staged
2025-02-14 02:10:00,6,50.903,-113.998,G03_11,staged
2025-02-14 02:15:00,1,51.047,-114.082,G11_08,staged
2025-02-14 02:15:00,2,50.993,-114.054,G08_09,staged
2025-02-14 02:15:00,3,51.137,-114.026,G16_10,staged
2025-02-14 02:15:00,4,51.065,-113.97,G12_12,staged
2025-02-14 02:15:00,5,51.119,-114.194,G15_04,staged
2025-02-14 02:15:00,6,50.903,-113.998,G03_11,staged
2025-02-14 02:20:00,1,51.047,-114.082,G11_08,staged
2025-02-14 02:20:00,2,50.993,-114.054,G08_09,staged
2025-02-14 02:20:00,3,51.137,-114.026,G16_10,staged
2025-02-14 02:20:00,4,51.065,-113.97,G12_12,staged
2025-02-14 02:20:00,5,51.119,-114.194,G15_04,staged
2025-02-14 02:20:00,6,50.903,-113.998,G03_11,staged
2025-02-14 02:25:00,1,51.047,-114.082,G11_08,staged
2025-02-14 02:25:00,2,50.993,-114.054,G08_09,staged
2025-02-14 02:25:00,3,51.137,-114.026,G16_10,staged
2025-02-14 02:25:00,4,51.065,-113.97,G12_12,staged
2025-02-14 02:25:00,5,51.119,-114.194,G15_04,staged
2025-02-14 02:25:00,6,50.903,-113.998,G03_11,staged
2025-02-14 02:30:00,1,51.047,-114.082,G11_08,staged
2025-02-14 02:30:00,2,50.993,-114.054,G08_09,staged
2025-02-14 02:30:00,3,51.137,-114.026,G16_10,staged
2025-02-14 02:30:00,4,51.065,-113.97,G12_12,staged
2025-02-14 02:30:00,5,51.119,-114.194,G15_04,staged
2025-02-14 02:30:00,6,50.903,-113.998,G03_11,staged
2025-02-14 02:35:00,1,51.047,-114.082,G11_08,staged
2025-02-14 02:35:00,2,50.993,-114.054,G08_09,staged
2025-02-14 02:35:00,3,51.137,-114.026,G16_10,staged
2025-02-14 02:35:00,4,51.065,-113.97,G12_12,staged
2025-02-14 02:35:00,5,51.119,-114.194,G15_04,staged
2025-02-14 02:35:00,6,50.903,-113.998,G03_11,staged
2025-02-14 02:40:00,1,51.047,-114.082,G11_08,staged
2025-02-14 02:40:00,2,50.993,-114.054,G08_09,staged
2025-02-14 02:40:00,3,51.137,-114.026,G16_10,staged
2025-02-14 02:40:00,4,51.065,-113.97,G12_12,staged
2025-02-14 02:40:00,5,51.119,-114.194,G15_04,staged
2025-02-14 02:40:00,6,50.903,-113.998,G03_11,staged
2025-02-14 02:45:00,1,51.047,-114.082,G11_08,staged
2025-02-14 02:45:00,2,50.993,-114.054,G08_09,staged
2025-02-14 02:45:00,3,51.137,-114.026,G16_10,staged
2025-02-14 02:45:00,4,51.065,-113.97,G12_12,staged
2025-02-14 02:45:00,5,51.119,-114.194,G15_04,staged
2025-02-14 02:45:00,6,50.903,-113.998,G03_11,staged
2025-02-14 02:50:00,1,51.047,-114.082,G11_08,staged
2025-02-14 02:50:00,2,50.993,-114.054,G08_09,staged
2025-02-14 02:50:00,3,51.137,-114.026,G16_10,staged
2025-02-14 02:50:00,4,51.065,-113.97,G12_12,staged
2025-02-14 02:50:00,5,51.119,-114.194,G15_04,staged
2025-02-14 02:50:00,6,50.903,-113.998,G03_11,staged
2025-02-14 02:55:00,1,51.047,-114.082,G11_08,staged
2025-02-14 02:55:00,2,50.993,-114.054,G08_09,staged
2025-02-14 02:55:00,3,51.137,-114.026,G16_10,staged
2025-02-14 02:55:00,4,51.065,-113.97,G12_12,staged
2025-02-14 02:55:00,5,51.119,-114.194,G15_04,staged
2025-02-14 02:55:00,6,50.903,-113.998,G03_11,staged
2025-02-14 03:00:00,1,51.047,-114.082,G11_08,staged
2025-02-14 03:00:00,2,50.993,-114.054,G08_09,staged
2025-02-14 03:00:00,3,51.137,-114.026,G16_10,staged
2025-02-14 03:00:00,4,51.065,-113.97,G12_12,staged
2025-02-14 03:00:00,5,51.119,-114.194,G15_04,staged
2025-02-14 03:00:00,6,50.903,-113.998,G03_11,staged
2025-02-14 03:05:00,1,51.047,-114.082,G11_08,staged
2025-02-14 03:05:00,2,50.993,-114.054,G08_09,staged
2025-02-14 03:05:00,3,51.137,-114.026,G16_10,staged
2025-02-14 03:05:00,4,51.065,-113.97,G12_12,staged
2025-02-14 03:05:00,5,51.119,-114.194,G15_04,staged
2025-02-14 03:05:00,6,50.903,-113.998,G03_11,staged
2025-02-14 03:10:00,1,51.047,-114.082,G11_08,staged
2025-02-14 03:10:00,2,50.993,-114.054,G08_09,staged
2025-02-14 03:10:00,3,51.137,-114.026,G16_10,staged
2025-02-14 03:10:00,4,51.065,-113.97,G12_12,staged
2025-02-14 03:10:00,5,51.119,-114.194,G15_04,staged
2025-02-14 03:10:00,6,50.903,-113.998,G03_11,staged
2025-02-14 03:15:00,1,51.047,-114.082,G11_08,staged
2025-02-14 03:15:00,2,50.993,-114.054,G08_09,staged
2025-02-14 03:15:00,3,51.137,-114.026,G16_10,staged
2025-02-14 03:15:00,4,51.065,-113.97,G12_12,staged
2025-02-14 03:15:00,5,51.119,-114.194,G15_04,staged
2025-02-14 03:15:00,6,50.903,-113.998,G03_11,staged
2025-02-14 03:20:00,1,51.047,-114.082,G11_08,staged
2025-02-14 03:20:00,2,50.993,-114.054,G08_09,staged
2025-02-14 03:20:00,3,51.137,-114.026,G16_10,staged
2025-02-14 03:20:00,4,51.065,-113.97,G12_12,staged
2025-02-14 03:20:00,5,51.119,-114.194,G15_04,staged
2025-02-14 03:20:00,6,50.903,-113.998,G03_11,staged
2025-02-14 03:25:00,1,51.047,-114.082,G11_08,staged
2025-02-14 03:25:00,2,50.993,-114.054,G08_09,staged
2025-02-14 03:25:00,3,51.137,-114.026,G16_10,staged
2025-02-14 03:25:00,4,51.065,-113.97,G12_12,staged
2025-02-14 03:25:00,5,51.119,-114.194,G15_04,staged
2025-02-14 03:25:00,6,50.903,-113.998,G03_11,staged
2025-02-14 03:30:00,1,51.047,-114.082,G11_08,staged
2025-02-14 03:30:00,2,50.993,-114.054,G08_09,staged
2025-02-14 03:30:00,3,51.137,-114.026,G16_10,staged
2025-02-14 03:30:00,4,51.065,-113.97,G12_12,staged
2025-02-14 03:30:00,5,51.119,-114.194,G15_04,staged
2025-02-14 03:30:00,6,50.903,-113.998,G03_11,staged
2025-02-14 03:35:00,1,51.047,-114.082,G11_08,staged
2025-02-14 03:35:00,2,50.993,-114.054,G08_09,staged
2025-02-14 03:35:00,3,51.137,-114.026,G16_10,staged
2025-02-14 03:35:00,4,51.065,-113.97,G12_12,staged
2025-02-14 03:35:00,5,51.119,-114.194,G15_04,staged
2025-02-14 03:35:00,6,50.903,-113.998,G03_11,staged
2025-02-14 03:40:00,1,51.047,-114.082,G11_08,staged
2025-02-14 03:40:00,2,50.993,-114.054,G08_09,staged
2025-02-14 03:40:00,3,51.137,-114.026,G16_10,staged
2025-02-14 03:40:00,4,51.065,-113.97,G12_12,staged
2025-02-14 03:40:00,5,51.119,-114.194,G15_04,staged
2025-02-14 03:40:00,6,50.903,-113.998,G03_11,staged
2025-02-14 03:45:00,1,51.047,-114.082,G11_08,staged
2025-02-14 03:45:00,2,50.993,-114.054,G08_09,staged
2025-02-14 03:45:00,3,51.137,-114.026,G16_10,staged
2025-02-14 03:45:00,4,51.065,-113.97,G12_12,staged
2025-02-14 03:45:00,5,51.119,-114.194,G15_04,staged
2025-02-14 03:45:00,6,50.903,-113.998,G03_11,staged
2025-02-14 03:50:00,1,51.047,-114.082,G11_08,staged
2025-02-14 03:50:00,2,50.993,-114.054,G08_09,staged
2025-02-14 03:50:00,3,51.137,-114.026,G16_10,staged
2025-02-14 03:50:00,4,51.065,-113.97,G12_12,staged
2025-02-14 03:50:00,5,51.119,-114.194,G15_04,staged
2025-02-14 03:50:00,6,50.903,-113.998,G03_11,staged
2025-02-14 03:55:00,1,51.047,-114.082,G11_08,staged
2025-02-14 03:55:00,2,50.993,-114.054,G08_09,staged
2025-02-14 03:55:00,3,51.137,-114.026,G16_10,staged
2025-02-14 03:55:00,4,51.065,-113.97,G12_12,staged
2025-02-14 03:55:00,5,51.119,-114.194,G15_04,staged
2025-02-14 03:55:00,6,50.903,-113.998,G03_11,staged
2025-02-14 04:00:00,1,51.047,-114.082,G11_08,staged
2025-02-14 04:00:00,2,50.993,-114.054,G08_09,staged
2025-02-14 04:00:00,3,51.137,-114.026,G16_10,staged
2025-02-14 04:00:00,4,51.065,-113.97,G12_12,staged
2025-02-14 04:00:00,5,51.119,-114.194,G15_04,staged
2025-02-14 04:00:00,6,50.903,-113.998,G03_11,staged
2025-02-14 04:05:00,1,51.047,-114.082,G11_08,staged
2025-02-14 04:05:00,2,50.993,-114.054,G08_09,staged
2025-02-14 04:05:00,3,51.137,-114.026,G16_10,staged
2025-02-14 04:05:00,4,51.065,-113.97,G12_12,staged
2025-02-14 04:05:00,5,51.119,-114.194,G15_04,staged
2025-02-14 04:05:00,6,50.903,-113.998,G03_11,staged
2025-02-14 04:10:00,1,51.047,-114.082,G11_08,staged
2025-02-14 04:10:00,2,50.993,-114.054,G08_09,staged
2025-02-14 04:10:00,3,51.137,-114.026,G16_10,staged
2025-02-14 04:10:00,4,51.065,-113.97,G12_12,staged
2025-02-14 04:10:00,5,51.119,-114.194,G15_04,staged
2025-02-14 04:10:00,6,50.903,-113.998,G03_11,staged
2025-02-14 04:15:00,1,51.047,-114.082,G11_08,staged
2025-02-14 04:15:00,2,50.993,-114.054,G08_09,staged
2025-02-14 04:15:00,3,51.137,-114.026,G16_10,staged
2025-02-14 04:15:00,4,51.065,-113.97,G12_12,staged
2025-02-14 04:15:00,5,51.119,-114.194,G15_04,staged
2025-02-14 04:15:00,6,50.903,-113.998,G03_11,staged
2025-02-14 04:20:00,1,51.047,-114.082,G11_08,staged
2025-02-14 04:20:00,2,50.993,-114.054,G08_09,staged
2025-02-14 04:20:00,3,51.137,-114.026,G16_10,staged
2025-02-14 04:20:00,4,51.065,-113.97,G12_12,staged
2025-02-14 04:20:00,5,51.119,-114.194,G15_04,staged
2025-02-14 04:20:00,6,50.903,-113.998,G03_11,staged
2025-02-14 04:25:00,1,51.047,-114.082,G11_08,staged
2025-02-14 04:25:00,2,50.993,-114.054,G08_09,staged
2025-02-14 04:25:00,3,51.137,-114.026,G16_10,staged
2025-02-14 04:25:00,4,51.065,-113.97,G12_12,staged
2025-02-14 04:25:00,5,51.119,-114.194,G15_04,staged
2025-02-14 04:25:00,6,50.903,-113.998,G03_11,staged
2025-02-14 04:30:00,1,51.047,-114.082,G11_08,staged
2025-02-14 04:30:00,2,50.993,-114.054,G08_09,staged
2025-02-14 04:30:00,3,51.137,-114.026,G16_10,staged
2025-02-14 04:30:00,4,51.065,-113.97,G12_12,staged
2025-02-14 04:30:00,5,51.119,-114.194,G15_04,staged
2025-02-14 04:30:00,6,50.903,-113.998,G03_11,staged
2025-02-14 04:35:00,1,51.047,-114.082,G11_08,staged
2025-02-14 04:35:00,2,50.993,-114.054,G08_09,staged
2025-02-14 04:35:00,3,51.137,-114.026,G16_10,staged
2025-02-14 04:35:00,4,51.065,-113.97,G12_12,staged
2025-02-14 04:35:00,5,51.119,-114.194,G15_04,staged
2025-02-14 04:35:00,6,50.903,-113.998,G03_11,staged
2025-02-14 04:40:00,1,51.047,-114.082,G11_08,staged
2025-02-14 04:40:00,2,50.993,-114.054,G08_09,staged
2025-02-14 04:40:00,3,51.137,-114.026,G16_10,staged
2025-02-14 04:40:00,4,51.065,-113.97,G12_12,staged
2025-02-14 04:40:00,5,51.119,-114.194,G15_04,staged
2025-02-14 04:40:00,6,50.903,-113.998,G03_11,staged
2025-02-14 04:45:00,1,51.047,-114.082,G11_08,staged
2025-02-14 04:45:00,2,50.993,-114.054,G08_09,staged
2025-02-14 04:45:00,3,51.137,-114.026,G16_10,staged
2025-02-14 04:45:00,4,51.065,-113.97,G12_12,staged
2025-02-14 04:45:00,5,51.119,-114.194,G15_04,staged
2025-02-14 04:45:00,6,50.903,-113.998,G03_11,staged
2025-02-14 04:50:00,1,51.047,-114.082,G11_08,staged
2025-02-14 04:50:00,2,50.993,-114.054,G08_09,staged
2025-02-14 04:50:00,3,51.137,-114.026,G16_10,staged
2025-02-14 04:50:00,4,51.065,-113.97,G12_12,staged
2025-02-14 04:50:00,5,51.119,-114.194,G15_04,staged
2025-02-14 04:50:00,6,50.903,-113.998,G03_11,staged
2025-02-14 04:55:00,1,51.047,-114.082,G11_08,staged
2025-02-14 04:55:00,2,50.993,-114.054,G08_09,staged
2025-02-14 04:55:00,3,51.137,-114.026,G16_10,staged
2025-02-14 04:55:00,4,51.065,-113.97,G12_12,staged
2025-02-14 04:55:00,5,51.119,-114.194,G15_04,staged
2025-02-14 04:55:00,6,50.903,-113.998,G03_11,staged
2025-02-14 05:00:00,1,51.047,-114.082,G11_08,staged
2025-02-14 05:00:00,2,50.993,-114.054,G08_09,staged
2025-02-14 05:00:00,3,51.137,-114.026,G16_10,staged
2025-02-14 05:00:00,4,51.065,-113.97,G12_12,staged
2025-02-14 05:00:00,5,51.119,-114.194,G15_04,staged
2025-02-14 05:00:00,6,50.903,-113.998,G03_11,staged
2025-02-14 05:05:00,1,51.047,-114.082,G11_08,staged
2025-02-14 05:05:00,2,50.993,-114.054,G08_09,staged
2025-02-14 05:05:00,3,51.137,-114.026,G16_10,staged
2025-02-14 05:05:00,4,51.065,-113.97,G12_12,staged
2025-02-14 05:05:00,5,51.119,-114.194,G15_04,staged
2025-02-14 05:05:00,6,50.903,-113.998,G03_11,staged
2025-02-14 05:10:00,1,51.047,-114.082,G11_08,staged
2025-02-14 05:10:00,2,50.993,-114.054,G08_09,staged
2025-02-14 05:10:00,3,51.137,-114.026,G16_10,staged
2025-02-14 05:10:00,4,51.065,-113.97,G12_12,staged
2025-02-14 05:10:00,5,51.119,-114.194,G15_04,staged
2025-02-14 05:10:00,6,50.903,-113.998,G03_11,staged
2025-02-14 05:15:00,1,51.047,-114.082,G11_08,staged
2025-02-14 05:15:00,2,50.993,-114.054,G08_09,staged
2025-02-14 05:15:00,3,51.137,-114.026,G16_10,staged
2025-02-14 05:15:00,4,51.065,-113.97,G12_12,staged
2025-02-14 05:15:00,5,51.119,-114.194,G15_04,staged
2025-02-14 05:15:00,6,50.903,-113.998,G03_11,staged
2025-02-14 05:20:00,1,51.047,-114.082,G11_08,staged
2025-02-14 05:20:00,2,50.993,-114.054,G08_09,staged
2025-02-14 05:20:00,3,51.137,-114.026,G16_10,staged
2025-02-14 05:20:00,4,51.065,-113.97,G12_12,staged
2025-02-14 05:20:00,5,51.119,-114.194,G15_04,staged
2025-02-14 05:20:00,6,50.903,-113.998,G03_11,staged
2025-02-14 05:25:00,1,51.047,-114.082,G11_08,staged
2025-02-14 05:25:00,2,50.99215,-114.02472,G08_10,responding
2025-02-14 05:25:00,3,51.137,-114.026,G16_10,staged
2025-02-14 05:25:00,4,51.065,-113.97,G12_12,staged
2025-02-14 05:25:00,5,51.119,-114.194,G15_04,staged
2025-02-14 05:25:00,6,50.903,-113.998,G03_11,staged
2025-02-14 05:30:00,1,51.047,-114.082,G11_08,staged
2025-02-14 05:30:00,2,50.99108,-113.98813,G08_11,responding
2025-02-14 05:30:00,3,51.137,-114.026,G16_10,staged
2025-02-14 05:30:00,4,51.065,-113.97,G12_12,staged
2025-02-14 05:30:00,5,51.119,-114.194,G15_04,staged
2025-02-14 05:30:00,6,50.903,-113.998,G03_11,staged
2025-02-14 05:35:00,1,51.047,-114.082,G11_08,staged
2025-02-14 05:35:00,2,50.99001,-113.95153,G08_13,responding
2025-02-14 05:35:00,3,51.137,-114.026,G16_10,staged
2025-02-14 05:35:00,4,51.065,-113.97,G12_12,staged
2025-02-14 05:35:00,5,51.119,-114.194,G15_04,staged
2025-02-14 05:35:00,6,50.903,-113.998,G03_11,staged
2025-02-14 05:40:00,1,51.047,-114.082,G11_08,staged
2025-02-14 05:40:00,2,50.98955,-113.93572,G08_13,on_scene
2025-02-14 05:40:00,3,51.137,-114.026,G16_10,staged
2025-02-14 05:40:00,4,51.065,-113.97,G12_12,staged
2025-02-14 05:40:00,5,51.119,-114.194,G15_04,staged
2025-02-14 05:40:00,6,50.903,-113.998,G03_11,staged
2025-02-14 05:45:00,1,51.047,-114.082,G11_08,staged
2025-02-14 05:45:00,2,50.98955,-113.93572,G08_13,on_scene
2025-02-14 05:45:00,3,51.137,-114.026,G16_10,staged
2025-02-14 05:45:00,4,51.065,-113.97,G12_12,staged
2025-02-14 05:45:00,5,51.119,-114.194,G15_04,staged
2025-02-14 05:45:00,6,50.903,-113.998,G03_11,staged
2025-02-14 05:50:00,1,51.047,-114.082,G11_08,staged
2025-02-14 05:50:00,2,50.98955,-113.93572,G08_13,on_scene
2025-02-14 05:50:00,3,51.137,-114.026,G16_10,staged
2025-02-14 05:50:00,4,51.065,-113.97,G12_12,staged
2025-02-14 05:50:00,5,51.119,-114.194,G15_04,staged
2025-02-14 05:50:00,6,50.903,-113.998,G03_11,staged
2025-02-14 05:55:00,1,51.047,-114.082,G11_08,staged
2025-02-14 05:55:00,2,50.98955,-113.93572,G08_13,on_scene
2025-02-14 05:55:00,3,51.137,-114.026,G16_10,staged
2025-02-14 05:55:00,4,51.065,-113.97,G12_12,staged
2025-02-14 05:55:00,5,51.119,-114.194,G15_04,staged
2025-02-14 05:55:00,6,50.903,-113.998,G03_11,staged
2025-02-14 06:00:00,1,51.047,-114.082,G11_08,staged
2025-02-14 06:00:00,2,50.98955,-113.93572,G08_13,on_scene
2025-02-14 06:00:00,3,51.137,-114.026,G16_10,staged
2025-02-14 06:00:00,4,51.065,-113.97,G12_12,staged
2025-02-14 06:00:00,5,51.119,-114.194,G15_04,staged
2025-02-14 06:00:00,6,50.903,-113.998,G03_11,staged
2025-02-14 06:05:00,1,51.047,-114.082,G11_08,staged
2025-02-14 06:05:00,2,50.98955,-113.93572,G08_13,on_scene
2025-02-14 06:05:00,3,51.137,-114.026,G16_10,staged
2025-02-14 06:05:00,4,51.065,-113.97,G12_12,staged
2025-02-14 06:05:00,5,51.119,-114.194,G15_04,staged
2025-02-14 06:05:00,6,50.903,-113.998,G03_11,staged
2025-02-14 06:10:00,1,51.047,-114.082,G11_08,staged
2025-02-14 06:10:00,2,50.99016,-113.9565,G08_12,returning
2025-02-14 06:10:00,3,51.137,-114.026,G16_10,staged
2025-02-14 06:10:00,4,51.065,-113.97,G12_12,staged
2025-02-14 06:10:00,5,51.119,-114.194,G15_04,staged
2025-02-14 06:10:00,6,50.903,-113.998,G03_11,staged
2025-02-14 06:15:00,1,51.047,-114.082,G11_08,staged
2025-02-14 06:15:00,2,50.99122,-113.99309,G08_11,returning
2025-02-14 06:15:00,3,51.137,-114.026,G16_10,staged
2025-02-14 06:15:00,4,51.065,-113.97,G12_12,staged
2025-02-14 06:15:00,5,51.119,-114.194,G15_04,staged
2025-02-14 06:15:00,6,50.903,-113.998,G03_11,staged
2025-02-14 06:20:00,1,51.047,-114.082,G11_08,staged
2025-02-14 06:20:00,2,50.99229,-114.02969,G08_10,returning
2025-02-14 06:20:00,3,51.137,-114.026,G16_10,staged
2025-02-14 06:20:00,4,51.065,-113.97,G12_12,staged
2025-02-14 06:20:00,5,51.119,-114.194,G15_04,staged
2025-02-14 06:20:00,6,50.903,-113.998,G03_11,staged
2025-02-14 06:25:00,1,51.047,-114.082,G11_08,staged
2025-02-14 06:25:00,2,50.993,-114.054,G08_09,staged
2025-02-14 06:25:00,3,51.137,-114.026,G16_10,staged
2025-02-14 06:25:00,4,51.065,-113.97,G12_12,staged
2025-02-14 06:25:00,5,51.119,-114.194,G15_04,staged
2025-02-14 06:25:00,6,50.903,-113.998,G03_11,staged
2025-02-14 06:30:00,1,51.047,-114.082,G11_08,staged
2025-02-14 06:30:00,2,50.993,-114.054,G08_09,staged
2025-02-14 06:30:00,3,51.137,-114.026,G16_10,staged
2025-02-14 06:30:00,4,51.065,-113.97,G12_12,staged
2025-02-14 06:30:00,5,51.119,-114.194,G15_04,staged
2025-02-14 06:30:00,6,50.903,-113.998,G03_11,staged
2025-02-14 06:35:00,1,51.047,-114.082,G11_08,staged
2025-02-14 06:35:00,2,50.993,-114.054,G08_09,staged
2025-02-14 06:35:00,3,51.137,-114.026,G16_10,staged
2025-02-14 06:35:00,4,51.065,-113.97,G12_12,staged
2025-02-14 06:35:00,5,51.119,-114.194,G15_04,staged
2025-02-14 06:35:00,6,50.903,-113.998,G03_11,staged
2025-02-14 06:40:00,1,51.047,-114.082,G11_08,staged
2025-02-14 06:40:00,2,50.993,-114.054,G08_09,staged
2025-02-14 06:40:00,3,51.137,-114.026,G16_10,staged
2025-02-14 06:40:00,4,51.065,-113.97,G12_12,staged
2025-02-14 06:40:00,5,51.119,-114.194,G15_04,staged
2025-02-14 06:40:00,6,50.903,-113.998,G03_11,staged
2025-02-14 06:45:00,1,51.047,-114.082,G11_08,staged
2025-02-14 06:45:00,2,50.993,-114.054,G08_09,staged
2025-02-14 06:45:00,3,51.137,-114.026,G16_10,staged
2025-02-14 06:45:00,4,51.065,-113.97,G12_12,staged
2025-02-14 06:45:00,5,51.119,-114.194,G15_04,staged
2025-02-14 06:45:00,6,50.903,-113.998,G03_11,staged
2025-02-14 06:50:00,1,51.047,-114.082,G11_08,staged
2025-02-14 06:50:00,2,50.993,-114.054,G08_09,staged
2025-02-14 06:50:00,3,51.137,-114.026,G16_10,staged
2025-02-14 06:50:00,4,51.065,-113.97,G12_12,staged
2025-02-14 06:50:00,5,51.1276,-114.17672,G15_05,responding
2025-02-14 06:50:00,6,50.903,-113.998,G03_11,staged
2025-02-14 06:55:00,1,51.047,-114.082,G11_08,staged
2025-02-14 06:55:00,2,50.993,-114.054,G08_09,staged
2025-02-14 06:55:00,3,51.137,-114.026,G16_10,staged
2025-02-14 06:55:00,4,51.065,-113.97,G12_12,staged
2025-02-14 06:55:00,5,51.14192,-114.14792,G16_06,responding
2025-02-14 06:55:00,6,50.903,-113.998,G03_11,staged
2025-02-14 07:00:00,1,51.047,-114.082,G11_08,staged
2025-02-14 07:00:00,2,50.993,-114.054,G08_09,staged
2025-02-14 07:00:00,3,51.137,-114.026,G16_10,staged
2025-02-14 07:00:00,4,51.065,-113.97,G12_12,staged
2025-02-14 07:00:00,5,51.15425,-114.12314,G17_07,on_scene
2025-02-14 07:00:00,6,50.903,-113.998,G03_11,staged
2025-02-14 07:05:00,1,51.047,-114.082,G11_08,staged
2025-02-14 07:05:00,2,50.993,-114.054,G08_09,staged
2025-02-14 07:05:00,3,51.137,-114.026,G16_10,staged
2025-02-14 07:05:00,4,51.065,-113.97,G12_12,staged
2025-02-14 07:05:00,5,51.15425,-114.12314,G17_07,on_scene
2025-02-14 07:05:00,6,50.903,-113.998,G03_11,staged
2025-02-14 07:10:00,1,51.047,-114.082,G11_08,staged
2025-02-14 07:10:00,2,50.993,-114.054,G08_09,staged
2025-02-14 07:10:00,3,51.137,-114.026,G16_10,staged
2025-02-14 07:10:00,4,51.065,-113.97,G12_12,staged
2025-02-14 07:10:00,5,51.15425,-114.12314,G17_07,on_scene
2025-02-14 07:10:00,6,50.903,-113.998,G03_11,staged
2025-02-14 07:15:00,1,51.047,-114.082,G11_08,staged
2025-02-14 07:15:00,2,50.993,-114.054,G08_09,staged
2025-02-14 07:15:00,3,51.137,-114.026,G16_10,staged
2025-02-14 07:15:00,4,51.065,-113.97,G12_12,staged
2025-02-14 07:15:00,5,51.15425,-114.12314,G17_07,on_scene
2025-02-14 07:15:00,6,50.903,-113.998,G03_11,staged
2025-02-14 07:20:00,1,51.047,-114.082,G11_08,responding
2025-02-14 07:20:00,2,50.993,-114.054,G08_09,staged
2025-02-14 07:20:00,3,51.137,-114.026,G16_10,staged
2025-02-14 07:20:00,4,51.065,-113.97,G12_12,staged
2025-02-14 07:20:00,5,51.15425,-114.12314,G17_07,on_scene
2025-02-14 07:20:00,6,50.903,-113.998,G03_11,staged
2025-02-14 07:25:00,1,51.03249,-114.1105,G10_07,responding
2025-02-14 07:25:00,2,50.993,-114.054,G08_09,staged
2025-02-14 07:25:00,3,51.137,-114.026,G16_10,staged
2025-02-14 07:25:00,4,51.065,-113.97,G12_12,staged
2025-02-14 07:25:00,5,51.15425,-114.12314,G17_07,on_scene
2025-02-14 07:25:00,6,50.903,-113.998,G03_11,staged
2025-02-14 07:30:00,1,51.01798,-114.13899,G09_06,responding
2025-02-14 07:30:00,2,50.993,-114.054,G08_09,staged
2025-02-14 07:30:00,3,51.137,-114.026,G16_10,staged
2025-02-14 07:30:00,4,51.065,-113.97,G12_12,staged
2025-02-14 07:30:00,5,51.15225,-114.12716,G17_06,returning
2025-02-14 07:30:00,6,50.903,-113.998,G03_11,staged
2025-02-14 07:35:00,1,51.0088,-114.15703,G09_05,on_scene
2025-02-14 07:35:00,2,50.993,-114.054,G08_09,staged
2025-02-14 07:35:00,3,51.137,-114.026,G16_10,staged
2025-02-14 07:35:00,4,51.065,-113.97,G12_12,staged
2025-02-14 07:35:00,5,51.13792,-114.15596,G16_05,returning
2025-02-14 07:35:00,6,50.903,-113.998,G03_11,staged
2025-02-14 07:40:00,1,51.0088,-114.15703,G09_05,on_scene
2025-02-14 07:40:00,2,50.993,-114.054,G08_09,staged
2025-02-14 07:40:00,3,51.137,-114.026,G16_10,staged
2025-02-14 07:40:00,4,51.065,-113.97,G12_12,staged
2025-02-14 07:40:00,5,51.1236,-114.18476,G15_04,returning
2025-02-14 07:40:00,6,50.903,-113.998,G03_11,staged
2025-02-14 07:45:00,1,51.0088,-114.15703,G09_05,on_scene
2025-02-14 07:45:00,2,50.993,-114.054,G08_09,staged
2025-02-14 07:45:00,3,51.137,-114.026,G16_10,staged
2025-02-14 07:45:00,4,51.065,-113.97,G12_12,staged
2025-02-14 07:45:00,5,51.119,-114.194,G15_04,staged
2025-02-14 07:45:00,6,50.903,-113.998,G03_11,staged
2025-02-14 07:50:00,1,51.0088,-114.15703,G09_05,on_scene
2025-02-14 07:50:00,2,50.993,-114.054,G08_09,staged
2025-02-14 07:50:00,3,51.137,-114.026,G16_10,staged
2025-02-14 07:50:00,4,51.065,-113.97,G12_12,staged
2025-02-14 07:50:00,5,51.119,-114.194,G15_04,staged
2025-02-14 07:50:00,6,50.903,-113.998,G03_11,staged
2025-02-14 07:55:00,1,51.0088,-114.15703,G09_05,on_scene
2025-02-14 07:55:00,2,50.993,-114.054,G08_09,staged
2025-02-14 07:55:00,3,51.137,-114.026,G16_10,staged
2025-02-14 07:55:00,4,51.065,-113.97,G12_12,staged
2025-02-14 07:55:00,5,51.119,-114.194,G15_04,staged
2025-02-14 07:55:00,6,50.903,-113.998,G03_11,staged
2025-02-14 08:00:00,1,51.0088,-114.15703,G09_05,on_scene
2025-02-14 08:00:00,2,50.993,-114.054,G08_09,staged
2025-02-14 08:00:00,3,51.14023,-114.05495,G16_09,responding
2025-02-14 08:00:00,4,51.065,-113.97,G12_12,staged
2025-02-14 08:00:00,5,51.13458,-114.17827,G16_05,responding
2025-02-14 08:00:00,6,50.903,-113.998,G03_11,staged
2025-02-14 08:00:00,7,51.047,-114.082,G11_08,relocating
2025-02-14 08:00:00,8,51.047,-114.082,G11_08,relocating
2025-02-14 08:00:00,9,51.047,-114.082,G11_08,staged
2025-02-14 08:00:00,10,51.047,-114.082,G11_08,staged
2025-02-14 08:05:00,1,51.01723,-114.15593,G09_05,returning
2025-02-14 08:05:00,2,50.993,-114.054,G08_09,staged
2025-02-14 08:05:00,3,51.14427,-114.09114,G16_08,responding
2025-02-14 08:05:00,4,51.065,-113.97,G12_12,staged
2025-02-14 08:05:00,5,51.152,-114.16068,G17_05,on_scene
2025-02-14 08:05:00,6,50.903,-113.998,G03_11,staged
2025-02-14 08:05:00,7,51.03495,-114.05075,G10_09,relocating
2025-02-14 08:05:00,8,51.03052,-114.10764,G10_07,relocating
2025-02-14 08:05:00,9,51.047,-114.082,G11_08,staged
2025-02-14 08:05:00,10,51.047,-114.082,G11_08,staged
2025-02-14 08:10:00,1,51.04022,-114.15294,G11_05,returning
2025-02-14 08:10:00,2,50.993,-114.054,G08_09,staged
2025-02-14 08:10:00,3,51.14831,-114.12733,G17_06,responding
2025-02-14 08:10:00,4,51.065,-113.97,G12_12,staged
2025-02-14 08:10:00,5,51.152,-114.16068,G17_05,on_scene
2025-02-14 08:10:00,6,50.903,-113.998,G03_11,staged
2025-02-14 08:10:00,7,51.02289,-114.0195,G10_10,relocating
2025-02-14 08:10:00,8,51.01403,-114.13328,G09_06,relocating
2025-02-14 08:10:00,9,51.047,-114.082,G11_08,staged
2025-02-14 08:10:00,10,51.047,-114.082,G11_08,staged
2025-02-14 08:15:00,1,51.0632,-114.14995,G12_06,returning
2025-02-14 08:15:00,2,50.993,-114.054,G08_09,staged
2025-02-14 08:15:00,3,51.15203,-114.16068,G17_05,on_scene
2025-02-14 08:15:00,4,51.065,-113.97,G12_12,staged
2025-02-14 08:15:00,5,51.152,-114.16068,G17_05,on_scene
2025-02-14 08:15:00,6,50.90583,-114.02691,G03_09,responding
2025-02-14 08:15:00,7,51.01084,-113.98825,G09_11,relocating
2025-02-14 08:15:00,8,51.011,-114.138,G09_06,staged
2025-02-14 08:15:00,9,51.047,-114.082,G11_08,staged
2025-02-14 08:15:00,10,51.047,-114.082,G11_08,staged
2025-02-14 08:20:00,1,51.08618,-114.14696,G13_06,returning
2025-02-14 08:20:00,2,50.993,-114.054,G08_09,staged
2025-02-14 08:20:00,3,51.15203,-114.16068,G17_05,on_scene
2025-02-14 08:20:00,4,51.065,-113.97,G12_12,staged
2025-02-14 08:20:00,5,51.152,-114.16068,G17_05,on_scene
2025-02-14 08:20:00,6,50.90937,-114.06305,G03_09,responding
2025-02-14 08:20:00,7,50.99878,-113.957,G08_12,relocating
2025-02-14 08:20:00,8,51.011,-114.138,G09_06,staged
2025-02-14 08:20:00,9,51.047,-114.082,G11_08,staged
2025-02-14 08:20:00,10,51.047,-114.082,G11_08,staged
2025-02-14 08:25:00,1,51.10917,-114.14397,G14_06,returning
2025-02-14 08:25:00,2,50.993,-114.054,G08_09,staged
2025-02-14 08:25:00,3,51.15203,-114.16068,G17_05,on_scene
2025-02-14 08:25:00,4,51.065,-113.97,G12_12,staged
2025-02-14 08:25:00,5,51.152,-114.16068,G17_05,on_scene
2025-02-14 08:25:00,6,50.91291,-114.09918,G04_07,responding
2025-02-14 08:25:00,7,50.993,-113.942,G08_13,staged
2025-02-14 08:25:00,8,51.011,-114.138,G09_06,staged
2025-02-14 08:25:00,9,51.047,-114.082,G11_08,staged
2025-02-14 08:25:00,10,51.047,-114.082,G11_08,staged
2025-02-14 08:30:00,1,51.13215,-114.14097,G16_06,returning
2025-02-14 08:30:00,2,50.993,-114.054,G08_09,staged
2025-02-14 08:30:00,3,51.15203,-114.16068,G17_05,on_scene
2025-02-14 08:30:00,4,51.065,-113.97,G12_12,staged
2025-02-14 08:30:00,5,51.152,-114.16068,G17_05,on_scene
2025-02-14 08:30:00,6,50.91606,-114.13132,G04_06,on_scene
2025-02-14 08:30:00,7,50.993,-113.942,G08_13,staged
2025-02-14 08:30:00,8,51.01044,-114.14527,G09_06,responding
2025-02-14 08:30:00,9,51.047,-114.082,G11_08,staged
2025-02-14 08:30:00,10,51.047,-114.082,G11_08,staged
2025-02-14 08:35:00,1,51.155,-114.138,G17_06,responding
2025-02-14 08:35:00,2,50.99404,-114.08326,G08_08,responding
2025-02-14 08:35:00,3,51.15203,-114.16068,G17_05,on_scene
2025-02-14 08:35:00,4,51.065,-113.97,G12_12,staged
2025-02-14 08:35:00,5,51.14994,-114.16276,G17_05,returning
2025-02-14 08:35:00,6,50.91606,-114.13132,G04_06,on_scene
2025-02-14 08:35:00,7,50.993,-113.942,G08_13,staged
2025-02-14 08:35:00,8,51.00874,-114.16714,G09_05,on_scene
2025-02-14 08:35:00,9,51.047,-114.082,G11_08,staged
2025-02-14 08:35:00,10,51.047,-114.082,G11_08,staged
2025-02-14 08:40:00,1,51.15425,-114.12314,G17_07,on_scene
2025-02-14 08:40:00,2,50.99453,-114.0969,G08_07,on_scene
2025-02-14 08:40:00,3,51.15203,-114.16068,G17_05,on_scene
2025-02-14 08:40:00,4,51.065,-113.97,G12_12,staged
2025-02-14 08:40:00,5,51.13046,-114.18243,G16_04,returning
2025-02-14 08:40:00,6,50.91606,-114.13132,G04_06,on_scene
2025-02-14 08:40:00,7,50.993,-113.942,G08_13,staged
2025-02-14 08:40:00,8,51.00874,-114.16714,G09_05,on_scene
2025-02-14 08:40:00,9,51.047,-114.082,G11_08,staged
2025-02-14 08:40:00,10,51.047,-114.082,G11_08,staged
2025-02-14 08:45:00,1,51.15425,-114.12314,G17_07,on_scene
2025-02-14 08:45:00,2,50.99453,-114.0969,G08_07,on_scene
2025-02-14 08:45:00,3,51.15172,-114.15784,G17_05,returning
2025-02-14 08:45:00,4,51.065,-113.97,G12_12,staged
2025-02-14 08:45:00,5,51.119,-114.194,G15_04,staged
2025-02-14 08:45:00,6,50.91606,-114.13132,G04_06,on_scene
2025-02-14 08:45:00,7,50.993,-113.942,G08_13,staged
2025-02-14 08:45:00,8,51.00874,-114.16714,G09_05,on_scene
2025-02-14 08:45:00,9,51.047,-114.082,G11_08,staged
2025-02-14 08:45:00,10,51.047,-114.082,G11_08,staged
2025-02-14 08:50:00,1,51.15425,-114.12314,G17_07,on_scene
2025-02-14 08:50:00,2,50.99453,-114.0969,G08_07,on_scene
2025-02-14 08:50:00,3,51.14768,-114.12166,G17_07,returning
2025-02-14 08:50:00,4,51.065,-113.97,G12_12,staged
2025-02-14 08:50:00,5,51.119,-114.194,G15_04,staged
2025-02-14 08:50:00,6,50.91606,-114.13132,G04_06,on_scene
2025-02-14 08:50:00,7,50.993,-113.942,G08_13,staged
2025-02-14 08:50:00,8,51.00874,-114.16714,G09_05,on_scene
2025-02-14 08:50:00,9,51.047,-114.082,G11_08,staged
2025-02-14 08:50:00,10,51.047,-114.082,G11_08,staged
2025-02-14 08:55:00,1,51.15425,-114.12314,G17_07,on_scene
2025-02-14 08:55:00,2,50.99453,-114.0969,G08_07,on_scene
2025-02-14 08:55:00,3,51.14364,-114.08547,G16_08,returning
2025-02-14 08:55:00,4,51.065,-113.97,G12_12,staged
2025-02-14 08:55:00,5,51.119,-114.194,G15_04,staged
2025-02-14 08:55:00,6,50.91606,-114.13132,G04_06,on_scene
2025-02-14 08:55:00,7,50.993,-113.942,G08_13,staged
2025-02-14 08:55:00,8,51.00874,-114.16714,G09_05,on_scene
2025-02-14 08:55:00,9,51.047,-114.082,G11_08,staged
2025-02-14 08:55:00,10,51.047,-114.082,G11_08,staged
2025-02-14 09:00:00,1,51.15425,-114.12314,G17_07,on_scene
2025-02-14 09:00:00,2,50.99453,-114.0969,G08_07,on_scene
2025-02-14 09:00:00,3,51.1396,-114.04928,G16_09,returning
2025-02-14 09:00:00,4,51.065,-113.97,G12_12,staged
2025-02-14 09:00:00,5,51.119,-114.194,G15_04,staged
2025-02-14 09:00:00,6,50.91567,-114.12731,G04_06,returning
2025-02-14 09:00:00,7,50.993,-113.942,G08_13,staged
2025-02-14 09:00:00,8,51.00874,-114.16714,G09_05,on_scene
2025-02-14 09:00:00,9,51.047,-114.082,G11_08,relocating
2025-02-14 09:00:00,10,51.047,-114.082,G11_08,staged
2025-02-14 09:05:00,1,51.15425,-114.12314,G17_07,on_scene
2025-02-14 09:05:00,2,50.99453,-114.0969,G08_07,on_scene
2025-02-14 09:05:00,3,51.137,-114.026,G16_10,staged
2025-02-14 09:05:00,4,51.065,-113.97,G12_12,staged
2025-02-14 09:05:00,5,51.119,-114.194,G15_04,staged
2025-02-14 09:05:00,6,50.91213,-114.09118,G04_08,returning
2025-02-14 09:05:00,7,50.993,-113.942,G08_13,staged
2025-02-14 09:05:00,8,51.00987,-114.15263,G09_05,returning
2025-02-14 09:05:00,9,51.02416,-114.08707,G10_08,relocating
2025-02-14 09:05:00,10,51.047,-114.082,G11_08,staged
2025-02-14 09:10:00,1,51.155,-114.138,G17_06,staged
2025-02-14 09:10:00,2,50.99371,-114.07395,G08_08,returning
2025-02-14 09:10:00,3,51.137,-114.026,G16_10,staged
2025-02-14 09:10:00,4,51.065,-113.97,G12_12,staged
2025-02-14 09:10:00,5,51.119,-114.194,G15_04,staged
2025-02-14 09:10:00,6,50.90816,-114.05516,G03_09,responding
2025-02-14 09:10:00,7,50.993,-113.942,G08_13,staged
2025-02-14 09:10:00,8,51.011,-114.138,G09_06,staged
2025-02-14 09:10:00,9,51.01491,-114.05973,G09_09,responding
2025-02-14 09:10:00,10,51.047,-114.082,G11_08,staged
2025-02-14 09:15:00,1,51.15331,-114.15246,G17_05,responding
2025-02-14 09:15:00,2,50.993,-114.054,G08_09,staged
2025-02-14 09:15:00,3,51.137,-114.026,G16_10,staged
2025-02-14 09:15:00,4,51.065,-113.97,G12_12,staged
2025-02-14 09:15:00,5,51.119,-114.194,G15_04,staged
2025-02-14 09:15:00,6,50.90355,-114.01934,G03_11,responding
2025-02-14 09:15:00,7,50.993,-113.942,G08_13,staged
2025-02-14 09:15:00,8,51.01489,-114.16666,G09_05,responding
2025-02-14 09:15:00,9,51.00906,-114.02427,G09_10,responding
2025-02-14 09:15:00,10,51.047,-114.082,G11_08,staged
2025-02-14 09:20:00,1,51.15174,-114.16599,G17_05,on_scene
2025-02-14 09:20:00,2,50.993,-114.054,G08_09,staged
2025-02-14 09:20:00,3,51.137,-114.026,G16_10,staged
2025-02-14 09:20:00,4,51.065,-113.97,G12_12,staged
2025-02-14 09:20:00,5,51.119,-114.194,G15_04,staged
2025-02-14 09:20:00,6,50.89893,-113.98351,G03_12,responding
2025-02-14 09:20:00,7,50.993,-113.942,G08_13,staged
2025-02-14 09:20:00,8,51.01976,-114.20249,G09_04,responding
2025-02-14 09:20:00,9,51.00863,-114.02168,G09_10,on_scene
2025-02-14 09:20:00,10,51.047,-114.082,G11_08,staged
2025-02-14 09:25:00,1,51.15174,-114.16599,G17_05,on_scene
2025-02-14 09:25:00,2,50.993,-114.054,G08_09,staged
2025-02-14 09:25:00,3,51.137,-114.026,G16_10,staged
2025-02-14 09:25:00,4,51.065,-113.97,G12_12,staged
2025-02-14 09:25:00,5,51.119,-114.194,G15_04,staged
2025-02-14 09:25:00,6,50.89784,-113.97499,G03_12,on_scene
2025-02-14 09:25:00,7,50.993,-113.942,G08_13,staged
2025-02-14 09:25:00,8,51.02302,-114.22646,G10_03,on_scene
2025-02-14 09:25:00,9,51.00863,-114.02168,G09_10,on_scene
2025-02-14 09:25:00,10,51.047,-114.082,G11_08,staged
2025-02-14 09:30:00,1,51.15174,-114.16599,G17_05,on_scene
2025-02-14 09:30:00,2,50.993,-114.054,G08_09,staged
2025-02-14 09:30:00,3,51.137,-114.026,G16_10,staged
2025-02-14 09:30:00,4,51.065,-113.97,G12_12,staged
2025-02-14 09:30:00,5,51.119,-114.194,G15_04,staged
2025-02-14 09:30:00,6,50.89784,-113.97499,G03_12,on_scene
2025-02-14 09:30:00,7,50.993,-113.942,G08_13,staged
2025-02-14 09:30:00,8,51.02302,-114.22646,G10_03,on_scene
2025-02-14 09:30:00,9,51.00863,-114.02168,G09_10,on_scene
2025-02-14 09:30:00,10,51.047,-114.082,G11_08,staged
2025-02-14 09:35:00,1,51.15174,-114.16599,G17_05,on_scene
2025-02-14 09:35:00,2,50.993,-114.054,G08_09,staged
2025-02-14 09:35:00,3,51.137,-114.026,G16_10,staged
2025-02-14 09:35:00,4,51.065,-113.97,G12_12,staged
2025-02-14 09:35:00,5,51.119,-114.194,G15_04,staged
2025-02-14 09:35:00,6,50.89784,-113.97499,G03_12,on_scene
2025-02-14 09:35:00,7,50.993,-113.942,G08_13,staged
2025-02-14 09:35:00,8,51.02302,-114.22646,G10_03,on_scene
2025-02-14 09:35:00,9,51.00863,-114.02168,G09_10,on_scene
2025-02-14 09:35:00,10,51.047,-114.082,G11_08,staged
2025-02-14 09:40:00,1,51.15174,-114.16599,G17_05,on_scene
2025-02-14 09:40:00,2,50.993,-114.054,G08_09,staged
2025-02-14 09:40:00,3,51.137,-114.026,G16_10,staged
2025-02-14 09:40:00,4,51.065,-113.97,G12_12,staged
2025-02-14 09:40:00,5,51.119,-114.194,G15_04,staged
2025-02-14 09:40:00,6,50.89784,-113.97499,G03_12,on_scene
2025-02-14 09:40:00,7,50.993,-113.942,G08_13,staged
2025-02-14 09:40:00,8,51.02302,-114.22646,G10_03,on_scene
2025-02-14 09:40:00,9,51.00863,-114.02168,G09_10,on_scene
2025-02-14 09:40:00,10,51.047,-114.082,G11_08,staged
2025-02-14 09:45:00,1,51.15174,-114.16599,G17_05,on_scene
2025-02-14 09:45:00,2,50.993,-114.054,G08_09,staged
2025-02-14 09:45:00,3,51.137,-114.026,G16_10,staged
2025-02-14 09:45:00,4,51.065,-113.97,G12_12,staged
2025-02-14 09:45:00,5,51.119,-114.194,G15_04,staged
2025-02-14 09:45:00,6,50.89784,-113.97499,G03_12,on_scene
2025-02-14 09:45:00,7,50.993,-113.942,G08_13,staged
2025-02-14 09:45:00,8,51.02302,-114.22646,G10_03,on_scene
2025-02-14 09:45:00,9,51.00863,-114.02168,G09_10,on_scene
2025-02-14 09:45:00,10,51.047,-114.082,G11_08,staged
2025-02-14 09:50:00,1,51.15437,-114.14337,G17_06,returning
2025-02-14 09:50:00,2,50.993,-114.054,G08_09,staged
2025-02-14 09:50:00,3,51.137,-114.026,G16_10,staged
2025-02-14 09:50:00,4,51.065,-113.97,G12_12,staged
2025-02-14 09:50:00,5,51.119,-114.194,G15_04,staged
2025-02-14 09:50:00,6,50.89784,-113.97499,G03_12,on_scene
2025-02-14 09:50:00,7,50.993,-113.942,G08_13,staged
2025-02-14 09:50:00,8,51.02302,-114.22646,G10_03,on_scene
2025-02-14 09:50:00,9,50.99059,-114.03987,G08_10,returning
2025-02-14 09:50:00,10,51.047,-114.082,G11_08,staged
2025-02-14 09:55:00,1,51.155,-114.138,G17_06,staged
2025-02-14 09:55:00,2,50.993,-114.054,G08_09,staged
2025-02-14 09:55:00,3,51.137,-114.026,G16_10,staged
2025-02-14 09:55:00,4,51.065,-113.97,G12_12,staged
2025-02-14 09:55:00,5,51.119,-114.194,G15_04,staged
2025-02-14 09:55:00,6,50.903,-113.998,G03_11,staged
2025-02-14 09:55:00,7,50.993,-113.942,G08_13,staged
2025-02-14 09:55:00,8,51.0214,-114.2146,G10_03,returning
2025-02-14 09:55:00,9,50.97112,-114.05949,G07_09,returning
2025-02-14 09:55:00,10,51.047,-114.082,G11_08,staged
2025-02-14 10:00:00,1,51.155,-114.138,G17_06,staged
2025-02-14 10:00:00,2,50.993,-114.054,G08_09,staged
2025-02-14 10:00:00,3,51.137,-114.026,G16_10,staged
2025-02-14 10:00:00,4,51.065,-113.97,G12_12,staged
2025-02-14 10:00:00,5,51.119,-114.194,G15_04,staged
2025-02-14 10:00:00,6,50.903,-113.998,G03_11,staged
2025-02-14 10:00:00,7,50.993,-113.942,G08_13,staged
2025-02-14 10:00:00,8,51.01654,-114.17877,G09_05,returning
2025-02-14 10:00:00,9,50.95165,-114.07911,G06_08,returning
2025-02-14 10:00:00,10,51.047,-114.082,G11_08,staged
2025-02-14 10:05:00,1,51.155,-114.138,G17_06,staged
2025-02-14 10:05:00,2,50.993,-114.054,G08_09,staged
2025-02-14 10:05:00,3,51.137,-114.026,G16_10,staged
2025-02-14 10:05:00,4,51.065,-113.97,G12_12,staged
2025-02-14 10:05:00,5,51.119,-114.194,G15_04,staged
2025-02-14 10:05:00,6,50.903,-113.998,G03_11,staged
2025-02-14 10:05:00,7,50.993,-113.942,G08_13,staged
2025-02-14 10:05:00,8,51.01167,-114.14294,G09_06,returning
2025-02-14 10:05:00,9,50.93218,-114.09873,G05_07,returning
2025-02-14 10:05:00,10,51.047,-114.082,G11_08,staged
2025-02-14 10:10:00,1,51.155,-114.138,G17_06,staged
2025-02-14 10:10:00,2,50.993,-114.054,G08_09,staged
2025-02-14 10:10:00,3,51.137,-114.026,G16_10,staged
2025-02-14 10:10:00,4,51.065,-113.97,G12_12,staged
2025-02-14 10:10:00,5,51.10765,-114.21717,G14_03,responding
2025-02-14 10:10:00,6,50.89633,-114.0081,G03_11,responding
2025-02-14 10:10:00,7,50.993,-113.942,G08_13,staged
2025-02-14 10:10:00,8,51.011,-114.138,G09_06,staged
2025-02-14 10:10:00,9,50.921,-114.11,G04_07,staged
2025-02-14 10:10:00,10,51.047,-114.082,G11_08,staged
2025-02-14 10:15:00,1,51.155,-114.138,G17_06,staged
2025-02-14 10:15:00,2,50.993,-114.054,G08_09,staged
2025-02-14 10:15:00,3,51.137,-114.026,G16_10,staged
2025-02-14 10:15:00,4,51.065,-113.97,G12_12,staged
2025-02-14 10:15:00,5,51.10172,-114.22927,G14_03,on_scene
2025-02-14 10:15:00,6,50.89346,-114.01244,G02_10,on_scene
2025-02-14 10:15:00,7,50.993,-113.942,G08_13,staged
2025-02-14 10:15:00,8,51.011,-114.138,G09_06,staged
2025-02-14 10:15:00,9,50.921,-114.11,G04_07,staged
2025-02-14 10:15:00,10,51.047,-114.082,G11_08,staged
2025-02-14 10:20:00,1,51.14319,-114.16059,G16_05,responding
2025-02-14 10:20:00,2,50.993,-114.054,G08_09,staged
2025-02-14 10:20:00,3,51.137,-114.026,G16_10,staged
2025-02-14 10:20:00,4,51.065,-113.97,G12_12,staged
2025-02-14 10:20:00,5,51.10172,-114.22927,G14_03,on_scene
2025-02-14 10:20:00,6,50.89346,-114.01244,G02_10,on_scene
2025-02-14 10:20:00,7,50.993,-113.942,G08_13,staged
2025-02-14 10:20:00,8,51.011,-114.138,G09_06,staged
2025-02-14 10:20:00,9,50.921,-114.11,G04_07,staged
2025-02-14 10:20:00,10,51.047,-114.082,G11_08,staged
2025-02-14 10:25:00,1,51.12844,-114.18883,G16_04,responding
2025-02-14 10:25:00,2,50.993,-114.054,G08_09,staged
2025-02-14 10:25:00,3,51.137,-114.026,G16_10,staged
2025-02-14 10:25:00,4,51.05438,-113.98411,G11_11,responding
2025-02-14 10:25:00,5,51.10172,-114.22927,G14_03,on_scene
2025-02-14 10:25:00,6,50.89346,-114.01244,G02_10,on_scene
2025-02-14 10:25:00,7,50.993,-113.942,G08_13,staged
2025-02-14 10:25:00,8,51.011,-114.138,G09_06,staged
2025-02-14 10:25:00,9,50.921,-114.11,G04_07,staged
2025-02-14 10:25:00,10,51.047,-114.082,G11_08,staged
2025-02-14 10:30:00,1,51.11368,-114.21706,G15_03,responding
2025-02-14 10:30:00,2,50.993,-114.054,G08_09,staged
2025-02-14 10:30:00,3,51.137,-114.026,G16_10,staged
2025-02-14 10:30:00,4,51.03816,-114.00566,G11_11,on_scene
2025-02-14 10:30:00,5,51.10172,-114.22927,G14_03,on_scene
2025-02-14 10:30:00,6,50.89346,-114.01244,G02_10,on_scene
2025-02-14 10:30:00,7,50.993,-113.942,G08_13,staged
2025-02-14 10:30:00,8,51.011,-114.138,G09_06,staged
2025-02-14 10:30:00,9,50.921,-114.11,G04_07,responding
2025-02-14 10:30:00,10,51.04929,-114.07563,G11_08,responding
2025-02-14 10:35:00,1,51.10979,-114.2245,G14_03,on_scene
2025-02-14 10:35:00,2,50.993,-114.054,G08_09,staged
2025-02-14 10:35:00,3,51.137,-114.026,G16_10,staged
2025-02-14 10:35:00,4,51.03816,-114.00566,G11_11,on_scene
2025-02-14 10:35:00,5,51.10172,-114.22927,G14_03,on_scene
2025-02-14 10:35:00,6,50.89346,-114.01244,G02_10,on_scene
2025-02-14 10:35:00,7,50.993,-113.942,G08_13,staged
2025-02-14 10:35:00,8,51.011,-114.138,G09_06,staged
2025-02-14 10:35:00,9,50.91241,-114.07606,G04_08,responding
2025-02-14 10:35:00,10,51.06073,-114.04378,G12_09,responding
2025-02-14 10:40:00,1,51.10979,-114.2245,G14_03,on_scene
2025-02-14 10:40:00,2,50.9812,-114.04253,G07_09,responding
2025-02-14 10:40:00,3,51.137,-114.026,G16_10,staged
2025-02-14 10:40:00,4,51.03816,-114.00566,G11_11,on_scene
2025-02-14 10:40:00,5,51.10172,-114.22927,G14_03,on_scene
2025-02-14 10:40:00,6,50.89346,-114.01244,G02_10,on_scene
2025-02-14 10:40:00,7,50.993,-113.942,G08_13,staged
2025-02-14 10:40:00,8,51.011,-114.138,G09_06,staged
2025-02-14 10:40:00,9,50.90383,-114.04212,G03_09,responding
2025-02-14 10:40:00,10,51.06621,-114.02854,G12_10,on_scene
2025-02-14 10:45:00,1,51.10979,-114.2245,G14_03,on_scene
2025-02-14 10:45:00,2,50.97839,-114.03981,G07_10,on_scene
2025-02-14 10:45:00,3,51.137,-114.026,G16_10,staged
2025-02-14 10:45:00,4,51.03816,-114.00566,G11_11,on_scene
2025-02-14 10:45:00,5,51.10998,-114.21241,G14_03,returning
2025-02-14 10:45:00,6,50.89615,-113.99975,G03_11,on_scene
2025-02-14 10:45:00,7,50.993,-113.942,G08_13,staged
2025-02-14 10:45:00,8,51.011,-114.138,G09_06,staged
2025-02-14 10:45:00,9,50.89524,-114.00818,G03_11,responding
2025-02-14 10:45:00,10,51.06621,-114.02854,G12_10,on_scene
2025-02-14 10:50:00,1,51.10979,-114.2245,G14_03,on_scene
2025-02-14 10:50:00,2,50.97839,-114.03981,G07_10,on_scene
2025-02-14 10:50:00,3,51.137,-114.026,G16_10,staged
2025-02-14 10:50:00,4,51.03816,-114.00566,G11_11,on_scene
2025-02-14 10:50:00,5,51.119,-114.194,G15_04,staged
2025-02-14 10:50:00,6,50.89615,-113.99975,G03_11,on_scene
2025-02-14 10:50:00,7,50.993,-113.942,G08_13,staged
2025-02-14 10:50:00,8,51.011,-114.138,G09_06,staged
2025-02-14 10:50:00,9,50.89481,-114.00648,G03_11,on_scene
2025-02-14 10:50:00,10,51.06621,-114.02854,G12_10,on_scene
2025-02-14 10:55:00,1,51.10979,-114.2245,G14_03,on_scene
2025-02-14 10:55:00,2,50.97839,-114.03981,G07_10,on_scene
2025-02-14 10:55:00,3,51.137,-114.026,G16_10,staged
2025-02-14 10:55:00,4,51.03816,-114.00566,G11_11,on_scene
2025-02-14 10:55:00,5,51.119,-114.194,G15_04,staged
2025-02-14 10:55:00,6,50.89615,-113.99975,G03_11,on_scene
2025-02-14 10:55:00,7,50.993,-113.942,G08_13,staged
2025-02-14 10:55:00,8,51.011,-114.138,G09_06,staged
2025-02-14 10:55:00,9,50.89481,-114.00648,G03_11,on_scene
2025-02-14 10:55:00,10,51.06621,-114.02854,G12_10,on_scene
2025-02-14 11:00:00,1,51.10979,-114.2245,G14_03,on_scene
2025-02-14 11:00:00,2,50.97839,-114.03981,G07_10,on_scene
2025-02-14 11:00:00,3,51.137,-114.026,G16_10,staged
2025-02-14 11:00:00,4,51.03963,-114.0037,G11_11,returning
2025-02-14 11:00:00,5,51.11842,-114.21602,G15_03,responding
2025-02-14 11:00:00,6,50.89615,-113.99975,G03_11,on_scene
2025-02-14 11:00:00,7,50.993,-113.942,G08_13,staged
2025-02-14 11:00:00,8,51.011,-114.138,G09_06,staged
2025-02-14 11:00:00,9,50.89481,-114.00648,G03_11,on_scene
2025-02-14 11:00:00,10,51.06621,-114.02854,G12_10,on_scene
2025-02-14 11:05:00,1,51.12067,-114.2037,G15_04,returning
2025-02-14 11:05:00,2,50.97839,-114.03981,G07_10,on_scene
2025-02-14 11:05:00,3,51.137,-114.026,G16_10,staged
2025-02-14 11:05:00,4,51.05733,-113.98019,G12_12,returning
2025-02-14 11:05:00,5,51.11803,-114.2307,G15_03,on_scene
2025-02-14 11:05:00,6,50.89615,-113.99975,G03_11,on_scene
2025-02-14 11:05:00,7,50.993,-113.942,G08_13,staged
2025-02-14 11:05:00,8,51.011,-114.138,G09_06,staged
2025-02-14 11:05:00,9,50.89481,-114.00648,G03_11,on_scene
2025-02-14 11:05:00,10,51.06621,-114.02854,G12_10,on_scene
2025-02-14 11:10:00,1,51.11348,-114.18526,G15_04,responding
2025-02-14 11:10:00,2,50.97839,-114.03981,G07_10,on_scene
2025-02-14 11:10:00,3,51.137,-114.026,G16_10,staged
2025-02-14 11:10:00,4,51.065,-113.97,G12_12,staged
2025-02-14 11:10:00,5,51.11803,-114.2307,G15_03,on_scene
2025-02-14 11:10:00,6,50.89615,-113.99975,G03_11,on_scene
2025-02-14 11:10:00,7,50.993,-113.942,G08_13,staged
2025-02-14 11:10:00,8,51.011,-114.138,G09_06,staged
2025-02-14 11:10:00,9,50.89481,-114.00648,G03_11,on_scene
2025-02-14 11:10:00,10,51.06024,-114.04515,G12_09,returning
2025-02-14 11:15:00,1,51.09167,-114.17335,G13_05,responding
2025-02-14 11:15:00,2,50.993,-114.054,G08_09,responding
2025-02-14 11:15:00,3,51.137,-114.026,G16_10,staged
2025-02-14 11:15:00,4,51.065,-113.97,G12_12,staged
2025-02-14 11:15:00,5,51.11803,-114.2307,G15_03,on_scene
2025-02-14 11:15:00,6,50.903,-113.998,G03_11,staged
2025-02-14 11:15:00,7,50.993,-113.942,G08_13,staged
2025-02-14 11:15:00,8,51.011,-114.138,G09_06,staged
2025-02-14 11:15:00,9,50.89481,-114.00648,G03_11,on_scene
2025-02-14 11:15:00,10,51.0488,-114.077,G11_08,returning
2025-02-14 11:20:00,1,51.07528,-114.1644,G13_05,on_scene
2025-02-14 11:20:00,2,50.99219,-114.03486,G08_10,on_scene
2025-02-14 11:20:00,3,51.137,-114.026,G16_10,staged
2025-02-14 11:20:00,4,51.065,-113.97,G12_12,staged
2025-02-14 11:20:00,5,51.11803,-114.2307,G15_03,on_scene
2025-02-14 11:20:00,6,50.903,-113.998,G03_11,staged
2025-02-14 11:20:00,7,50.993,-113.942,G08_13,staged
2025-02-14 11:20:00,8,51.011,-114.138,G09_06,staged
2025-02-14 11:20:00,9,50.90297,-114.03872,G03_09,returning
2025-02-14 11:20:00,10,51.047,-114.082,G11_08,staged
2025-02-14 11:25:00,1,51.07528,-114.1644,G13_05,on_scene
2025-02-14 11:25:00,2,50.99219,-114.03486,G08_10,on_scene
2025-02-14 11:25:00,3,51.137,-114.026,G16_10,staged
2025-02-14 11:25:00,4,51.065,-113.97,G12_12,staged
2025-02-14 11:25:00,5,51.11803,-114.2307,G15_03,on_scene
2025-02-14 11:25:00,6,50.903,-113.998,G03_11,staged
2025-02-14 11:25:00,7,50.993,-113.942,G08_13,responding
2025-02-14 11:25:00,8,51.011,-114.138,G09_06,staged
2025-02-14 11:25:00,9,50.91155,-114.07266,G03_08,returning
2025-02-14 11:25:00,10,51.047,-114.082,G11_08,staged
2025-02-14 11:30:00,1,51.07528,-114.1644,G13_05,on_scene
2025-02-14 11:30:00,2,50.99219,-114.03486,G08_10,on_scene
2025-02-14 11:30:00,3,51.137,-114.026,G16_10,staged
2025-02-14 11:30:00,4,51.065,-113.97,G12_12,staged
2025-02-14 11:30:00,5,51.11803,-114.2307,G15_03,on_scene
2025-02-14 11:30:00,6,50.903,-113.998,G03_11,staged
2025-02-14 11:30:00,7,50.98974,-113.97826,G08_12,responding
2025-02-14 11:30:00,8,51.011,-114.138,G09_06,staged
2025-02-14 11:30:00,9,50.92014,-114.1066,G04_07,returning
2025-02-14 11:30:00,10,51.047,-114.082,G11_08,staged
2025-02-14 11:35:00,1,51.07528,-114.1644,G13_05,on_scene
2025-02-14 11:35:00,2,50.99219,-114.03486,G08_10,on_scene
2025-02-14 11:35:00,3,51.137,-114.026,G16_10,staged
2025-02-14 11:35:00,4,51.065,-113.97,G12_12,staged
2025-02-14 11:35:00,5,51.11861,-114.20867,G15_03,returning
2025-02-14 11:35:00,6,50.903,-113.998,G03_11,staged
2025-02-14 11:35:00,7,50.98647,-114.01453,G08_10,responding
2025-02-14 11:35:00,8,51.011,-114.138,G09_06,staged
2025-02-14 11:35:00,9,50.921,-114.11,G04_07,staged
2025-02-14 11:35:00,10,51.047,-114.082,G11_08,staged
2025-02-14 11:40:00,1,51.07528,-114.1644,G13_05,on_scene
2025-02-14 11:40:00,2,50.99219,-114.03486,G08_10,on_scene
2025-02-14 11:40:00,3,51.137,-114.026,G16_10,staged
2025-02-14 11:40:00,4,51.065,-113.97,G12_12,staged
2025-02-14 11:40:00,5,51.119,-114.194,G15_04,responding
2025-02-14 11:40:00,6,50.903,-113.998,G03_11,staged
2025-02-14 11:40:00,7,50.98397,-114.04239,G07_09,on_scene
2025-02-14 11:40:00,8,51.011,-114.138,G09_06,staged
2025-02-14 11:40:00,9,50.921,-114.11,G04_07,staged
2025-02-14 11:40:00,10,51.047,-114.082,G11_08,staged
2025-02-14 11:45:00,1,51.07528,-114.1644,G13_05,on_scene
2025-02-14 11:45:00,2,50.99219,-114.03486,G08_10,on_scene
2025-02-14 11:45:00,3,51.137,-114.026,G16_10,staged
2025-02-14 11:45:00,4,51.065,-113.97,G12_12,staged
2025-02-14 11:45:00,5,51.12959,-114.16136,G16_05,responding
2025-02-14 11:45:00,6,50.903,-113.998,G03_11,staged
2025-02-14 11:45:00,7,50.98397,-114.04239,G07_09,on_scene
2025-02-14 11:45:00,8,51.011,-114.138,G09_06,staged
2025-02-14 11:45:00,9,50.921,-114.11,G04_07,staged
2025-02-14 11:45:00,10,51.047,-114.082,G11_08,staged
2025-02-14 11:50:00,1,51.08089,-114.16254,G13_05,returning
2025-02-14 11:50:00,2,50.99293,-114.05227,G08_09,returning
2025-02-14 11:50:00,3,51.137,-114.026,G16_10,staged
2025-02-14 11:50:00,4,51.065,-113.97,G12_12,staged
2025-02-14 11:50:00,5,51.14017,-114.12871,G16_06,responding
2025-02-14 11:50:00,6,50.903,-113.998,G03_11,staged
2025-02-14 11:50:00,7,50.98397,-114.04239,G07_09,on_scene
2025-02-14 11:50:00,8,51.011,-114.138,G09_06,staged
2025-02-14 11:50:00,9,50.921,-114.11,G04_07,staged
2025-02-14 11:50:00,10,51.047,-114.082,G11_08,staged
2025-02-14 11:55:00,1,51.10346,-114.15507,G14_05,returning
2025-02-14 11:55:00,2,50.993,-114.054,G08_09,staged
2025-02-14 11:55:00,3,51.137,-114.026,G16_10,staged
2025-02-14 11:55:00,4,51.065,-113.97,G12_12,staged
2025-02-14 11:55:00,5,51.14229,-114.12218,G16_07,on_scene
2025-02-14 11:55:00,6,50.903,-113.998,G03_11,staged
2025-02-14 11:55:00,7,50.98397,-114.04239,G07_09,on_scene
2025-02-14 11:55:00,8,51.011,-114.138,G09_06,staged
2025-02-14 11:55:00,9,50.921,-114.11,G04_07,staged
2025-02-14 11:55:00,10,51.047,-114.082,G11_08,staged
2025-02-14 12:00:00,1,51.12604,-114.14759,G15_06,returning
2025-02-14 12:00:00,2,50.993,-114.054,G08_09,staged
2025-02-14 12:00:00,3,51.137,-114.026,G16_10,staged
2025-02-14 12:00:00,4,51.065,-113.97,G12_12,staged
2025-02-14 12:00:00,5,51.14229,-114.12218,G16_07,on_scene
2025-02-14 12:00:00,6,50.903,-113.998,G03_11,staged
2025-02-14 12:00:00,7,50.98397,-114.04239,G07_09,on_scene
2025-02-14 12:00:00,8,51.011,-114.138,G09_06,staged
2025-02-14 12:00:00,9,50.921,-114.11,G04_07,staged
2025-02-14 12:00:00,10,51.047,-114.082,G11_08,staged
2025-02-14 12:05:00,1,51.14862,-114.14011,G17_06,returning
2025-02-14 12:05:00,2,50.993,-114.054,G08_09,staged
2025-02-14 12:05:00,3,51.137,-114.026,G16_10,staged
2025-02-14 12:05:00,4,51.065,-113.97,G12_12,staged
2025-02-14 12:05:00,5,51.14229,-114.12218,G16_07,on_scene
2025-02-14 12:05:00,6,50.903,-113.998,G03_11,staged
2025-02-14 12:05:00,7,50.98397,-114.04239,G07_09,on_scene
2025-02-14 12:05:00,8,51.011,-114.138,G09_06,staged
2025-02-14 12:05:00,9,50.921,-114.11,G04_07,staged
2025-02-14 12:05:00,10,51.047,-114.082,G11_08,staged
2025-02-14 12:10:00,1,51.155,-114.138,G17_06,staged
2025-02-14 12:10:00,2,50.993,-114.054,G08_09,staged
2025-02-14 12:10:00,3,51.137,-114.026,G16_10,staged
2025-02-14 12:10:00,4,51.065,-113.97,G12_12,staged
2025-02-14 12:10:00,5,51.14229,-114.12218,G16_07,on_scene
2025-02-14 12:10:00,6,50.903,-113.998,G03_11,staged
2025-02-14 12:10:00,7,50.98472,-114.03399,G08_10,returning
2025-02-14 12:10:00,8,51.011,-114.138,G09_06,staged
2025-02-14 12:10:00,9,50.921,-114.11,G04_07,staged
2025-02-14 12:10:00,10,51.047,-114.082,G11_08,staged
2025-02-14 12:15:00,1,51.155,-114.138,G17_06,staged
2025-02-14 12:15:00,2,50.993,-114.054,G08_09,staged
2025-02-14 12:15:00,3,51.137,-114.026,G16_10,staged
2025-02-14 12:15:00,4,51.065,-113.97,G12_12,staged
2025-02-14 12:15:00,5,51.14229,-114.12218,G16_07,on_scene
2025-02-14 12:15:00,6,50.903,-113.998,G03_11,staged
2025-02-14 12:15:00,7,50.98799,-113.99773,G08_11,returning
2025-02-14 12:15:00,8,51.011,-114.138,G09_06,staged
2025-02-14 12:15:00,9,50.921,-114.11,G04_07,staged
2025-02-14 12:15:00,10,51.047,-114.082,G11_08,staged
2025-02-14 12:20:00,1,51.16383,-114.11217,G17_07,responding
2025-02-14 12:20:00,2,50.993,-114.054,G08_09,staged
2025-02-14 12:20:00,3,51.137,-114.026,G16_10,staged
2025-02-14 12:20:00,4,51.065,-113.97,G12_12,staged
2025-02-14 12:20:00,5,51.14229,-114.12218,G16_07,on_scene
2025-02-14 12:20:00,6,50.903,-113.998,G03_11,staged
2025-02-14 12:20:00,7,50.99125,-113.96146,G08_12,returning
2025-02-14 12:20:00,8,51.011,-114.138,G09_06,staged
2025-02-14 12:20:00,9,50.921,-114.11,G04_07,staged
2025-02-14 12:20:00,10,51.04733,-114.08932,G11_08,responding
2025-02-14 12:25:00,1,51.17419,-114.0819,G18_08,on_scene
2025-02-14 12:25:00,2,50.993,-114.054,G08_09,staged
2025-02-14 12:25:00,3,51.137,-114.026,G16_10,staged
2025-02-14 12:25:00,4,51.065,-113.97,G12_12,staged
2025-02-14 12:25:00,5,51.13382,-114.14829,G16_06,returning
2025-02-14 12:25:00,6,50.903,-113.998,G03_11,staged
2025-02-14 12:25:00,7,50.993,-113.942,G08_13,staged
2025-02-14 12:25:00,8,51.011,-114.138,G09_06,staged
2025-02-14 12:25:00,9,50.921,-114.11,G04_07,staged
2025-02-14 12:25:00,10,51.04852,-114.11566,G11_07,on_scene
2025-02-14 12:30:00,1,51.17419,-114.0819,G18_08,on_scene
2025-02-14 12:30:00,2,50.993,-114.054,G08_09,staged
2025-02-14 12:30:00,3,51.137,-114.026,G16_10,staged
2025-02-14 12:30:00,4,51.065,-113.97,G12_12,staged
2025-02-14 12:30:00,5,51.12324,-114.18094,G15_04,returning
2025-02-14 12:30:00,6,50.903,-113.998,G03_11,staged
2025-02-14 12:30:00,7,50.993,-113.942,G08_13,staged
2025-02-14 12:30:00,8,51.011,-114.138,G09_06,staged
2025-02-14 12:30:00,9,50.921,-114.11,G04_07,staged
2025-02-14 12:30:00,10,51.04852,-114.11566,G11_07,on_scene
2025-02-14 12:35:00,1,51.17419,-114.0819,G18_08,on_scene
2025-02-14 12:35:00,2,50.993,-114.054,G08_09,staged
2025-02-14 12:35:00,3,51.137,-114.026,G16_10,staged
2025-02-14 12:35:00,4,51.065,-113.97,G12_12,staged
2025-02-14 12:35:00,5,51.119,-114.194,G15_04,staged
2025-02-14 12:35:00,6,50.903,-113.998,G03_11,staged
2025-02-14 12:35:00,7,50.993,-113.942,G08_13,staged
2025-02-14 12:35:00,8,51.011,-114.138,G09_06,staged
2025-02-14 12:35:00,9,50.921,-114.11,G04_07,staged
2025-02-14 12:35:00,10,51.04852,-114.11566,G11_07,on_scene
2025-02-14 12:40:00,1,51.17419,-114.0819,G18_08,on_scene
2025-02-14 12:40:00,2,50.993,-114.054,G08_09,staged
2025-02-14 12:40:00,3,51.137,-114.026,G16_10,staged
2025-02-14 12:40:00,4,51.065,-113.97,G12_12,staged
2025-02-14 12:40:00,5,51.119,-114.194,G15_04,staged
2025-02-14 12:40:00,6,50.903,-113.998,G03_11,staged
2025-02-14 12:40:00,7,50.993,-113.942,G08_13,staged
2025-02-14 12:40:00,8,51.011,-114.138,G09_06,staged
2025-02-14 12:40:00,9,50.921,-114.11,G04_07,staged
2025-02-14 12:40:00,10,51.04852,-114.11566,G11_07,on_scene
2025-02-14 12:45:00,1,51.17419,-114.0819,G18_08,on_scene
2025-02-14 12:45:00,2,50.993,-114.054,G08_09,staged
2025-02-14 12:45:00,3,51.137,-114.026,G16_10,staged
2025-02-14 12:45:00,4,51.065,-113.97,G12_12,staged
2025-02-14 12:45:00,5,51.119,-114.194,G15_04,staged
2025-02-14 12:45:00,6,50.903,-113.998,G03_11,staged
2025-02-14 12:45:00,7,50.993,-113.942,G08_13,staged
2025-02-14 12:45:00,8,51.011,-114.138,G09_06,staged
2025-02-14 12:45:00,9,50.921,-114.11,G04_07,staged
2025-02-14 12:45:00,10,51.04852,-114.11566,G11_07,on_scene
2025-02-14 12:50:00,1,51.17419,-114.0819,G18_08,on_scene
2025-02-14 12:50:00,2,50.993,-114.054,G08_09,staged
2025-02-14 12:50:00,3,51.137,-114.026,G16_10,staged
2025-02-14 12:50:00,4,51.065,-113.97,G12_12,staged
2025-02-14 12:50:00,5,51.119,-114.194,G15_04,staged
2025-02-14 12:50:00,6,50.903,-113.998,G03_11,staged
2025-02-14 12:50:00,7,50.993,-113.942,G08_13,staged
2025-02-14 12:50:00,8,51.011,-114.138,G09_06,staged
2025-02-14 12:50:00,9,50.921,-114.11,G04_07,staged
2025-02-14 12:50:00,10,51.04852,-114.11566,G11_07,on_scene
2025-02-14 12:55:00,1,51.1735,-114.08391,G18_08,returning
2025-02-14 12:55:00,2,50.993,-114.054,G08_09,staged
2025-02-14 12:55:00,3,51.137,-114.026,G16_10,staged
2025-02-14 12:55:00,4,51.065,-113.97,G12_12,staged
2025-02-14 12:55:00,5,51.12179,-114.20101,G15_04,on_scene
2025-02-14 12:55:00,6,50.903,-113.998,G03_11,staged
2025-02-14 12:55:00,7,50.993,-113.942,G08_13,staged
2025-02-14 12:55:00,8,51.011,-114.138,G09_06,staged
2025-02-14 12:55:00,9,50.921,-114.11,G04_07,staged
2025-02-14 12:55:00,10,51.04806,-114.10542,G11_07,returning
2025-02-14 13:00:00,1,51.16246,-114.11619,G17_07,returning
2025-02-14 13:00:00,2,50.993,-114.054,G08_09,staged
2025-02-14 13:00:00,3,51.137,-114.026,G16_10,staged
2025-02-14 13:00:00,4,51.065,-113.97,G12_12,staged
2025-02-14 13:00:00,5,51.12179,-114.20101,G15_04,on_scene
2025-02-14 13:00:00,6,50.903,-113.998,G03_11,staged
2025-02-14 13:00:00,7,50.993,-113.942,G08_13,staged
2025-02-14 13:00:00,8,51.02261,-114.11762,G10_07,on_scene
2025-02-14 13:00:00,9,50.921,-114.11,G04_07,staged
2025-02-14 13:00:00,10,51.047,-114.082,G11_08,staged
2025-02-14 13:05:00,1,51.155,-114.138,G17_06,staged
2025-02-14 13:05:00,2,50.993,-114.054,G08_09,staged
2025-02-14 13:05:00,3,51.137,-114.026,G16_10,staged
2025-02-14 13:05:00,4,51.065,-113.97,G12_12,staged
2025-02-14 13:05:00,5,51.12179,-114.20101,G15_04,on_scene
2025-02-14 13:05:00,6,50.903,-113.998,G03_11,staged
2025-02-14 13:05:00,7,50.993,-113.942,G08_13,staged
2025-02-14 13:05:00,8,51.02261,-114.11762,G10_07,on_scene
2025-02-14 13:05:00,9,50.921,-114.11,G04_07,staged
2025-02-14 13:05:00,10,51.04234,-114.09466,G11_08,responding
2025-02-14 13:10:00,1,51.155,-114.138,G17_06,staged
2025-02-14 13:10:00,2,50.993,-114.054,G08_09,staged
2025-02-14 13:10:00,3,51.137,-114.026,G16_10,staged
2025-02-14 13:10:00,4,51.065,-113.97,G12_12,staged
2025-02-14 13:10:00,5,51.12179,-114.20101,G15_04,on_scene
2025-02-14 13:10:00,6,50.903,-113.998,G03_11,staged
2025-02-14 13:10:00,7,50.993,-113.942,G08_13,staged
2025-02-14 13:10:00,8,51.02261,-114.11762,G10_07,on_scene
2025-02-14 13:10:00,9,50.921,-114.11,G04_07,staged
2025-02-14 13:10:00,10,51.04231,-114.09474,G11_08,on_scene
2025-02-14 13:15:00,1,51.155,-114.138,G17_06,staged
2025-02-14 13:15:00,2,50.993,-114.054,G08_09,staged
2025-02-14 13:15:00,3,51.137,-114.026,G16_10,staged
2025-02-14 13:15:00,4,51.065,-113.97,G12_12,staged
2025-02-14 13:15:00,5,51.12179,-114.20101,G15_04,on_scene
2025-02-14 13:15:00,6,50.903,-113.998,G03_11,staged
2025-02-14 13:15:00,7,50.993,-113.942,G08_13,staged
2025-02-14 13:15:00,8,51.02261,-114.11762,G10_07,on_scene
2025-02-14 13:15:00,9,50.921,-114.11,G04_07,staged
2025-02-14 13:15:00,10,51.04231,-114.09474,G11_08,on_scene
2025-02-14 13:20:00,1,51.155,-114.138,G17_06,staged
2025-02-14 13:20:00,2,50.993,-114.054,G08_09,staged
2025-02-14 13:20:00,3,51.137,-114.026,G16_10,staged
2025-02-14 13:20:00,4,51.065,-113.97,G12_12,staged
2025-02-14 13:20:00,5,51.12179,-114.20101,G15_04,on_scene
2025-02-14 13:20:00,6,50.903,-113.998,G03_11,staged
2025-02-14 13:20:00,7,50.993,-113.942,G08_13,staged
2025-02-14 13:20:00,8,51.02261,-114.11762,G10_07,on_scene
2025-02-14 13:20:00,9,50.921,-114.11,G04_07,staged
2025-02-14 13:20:00,10,51.04231,-114.09474,G11_08,on_scene
2025-02-14 13:25:00,1,51.155,-114.138,G17_06,staged
2025-02-14 13:25:00,2,50.993,-114.054,G08_09,staged
2025-02-14 13:25:00,3,51.137,-114.026,G16_10,staged
2025-02-14 13:25:00,4,51.065,-113.97,G12_12,staged
2025-02-14 13:25:00,5,51.119,-114.194,G15_04,staged
2025-02-14 13:25:00,6,50.903,-113.998,G03_11,staged
2025-02-14 13:25:00,7,50.993,-113.942,G08_13,staged
2025-02-14 13:25:00,8,51.02261,-114.11762,G10_07,on_scene
2025-02-14 13:25:00,9,50.921,-114.11,G04_07,staged
2025-02-14 13:25:00,10,51.04231,-114.09474,G11_08,on_scene
2025-02-14 13:30:00,1,51.155,-114.138,G17_06,staged
2025-02-14 13:30:00,2,50.993,-114.054,G08_09,staged
2025-02-14 13:30:00,3,51.137,-114.026,G16_10,staged
2025-02-14 13:30:00,4,51.065,-113.97,G12_12,staged
2025-02-14 13:30:00,5,51.119,-114.194,G15_04,staged
2025-02-14 13:30:00,6,50.903,-113.998,G03_11,staged
2025-02-14 13:30:00,7,50.993,-113.942,G08_13,staged
2025-02-14 13:30:00,8,51.02184,-114.11897,G10_07,returning
2025-02-14 13:30:00,9,50.921,-114.11,G04_07,staged
2025-02-14 13:30:00,10,51.04231,-114.09474,G11_08,on_scene
2025-02-14 13:35:00,1,51.155,-114.138,G17_06,staged
2025-02-14 13:35:00,2,50.993,-114.054,G08_09,staged
2025-02-14 13:35:00,3,51.137,-114.026,G16_10,staged
2025-02-14 13:35:00,4,51.065,-113.97,G12_12,staged
2025-02-14 13:35:00,5,51.119,-114.194,G15_04,staged
2025-02-14 13:35:00,6,50.903,-113.998,G03_11,staged
2025-02-14 13:35:00,7,50.993,-113.942,G08_13,staged
2025-02-14 13:35:00,8,51.011,-114.138,G09_06,staged
2025-02-14 13:35:00,9,50.921,-114.11,G04_07,staged
2025-02-14 13:35:00,10,51.04231,-114.09474,G11_08,on_scene
2025-02-14 13:40:00,1,51.155,-114.138,G17_06,staged
2025-02-14 13:40:00,2,50.993,-114.054,G08_09,staged
2025-02-14 13:40:00,3,51.137,-114.026,G16_10,staged
2025-02-14 13:40:00,4,51.065,-113.97,G12_12,staged
2025-02-14 13:40:00,5,51.119,-114.194,G15_04,staged
2025-02-14 13:40:00,6,50.903,-113.998,G03_11,staged
2025-02-14 13:40:00,7,50.993,-113.942,G08_13,staged
2025-02-14 13:40:00,8,51.011,-114.138,G09_06,staged
2025-02-14 13:40:00,9,50.921,-114.11,G04_07,staged
2025-02-14 13:40:00,10,51.047,-114.082,G11_08,staged
2025-02-14 13:45:00,1,51.155,-114.138,G17_06,staged
2025-02-14 13:45:00,2,50.993,-114.054,G08_09,staged
2025-02-14 13:45:00,3,51.137,-114.026,G16_10,staged
2025-02-14 13:45:00,4,51.065,-113.97,G12_12,staged
2025-02-14 13:45:00,5,51.119,-114.194,G15_04,staged
2025-02-14 13:45:00,6,50.903,-113.998,G03_11,staged
2025-02-14 13:45:00,7,50.993,-113.942,G08_13,staged
2025-02-14 13:45:00,8,51.011,-114.138,G09_06,staged
2025-02-14 13:45:00,9,50.921,-114.11,G04_07,staged
2025-02-14 13:45:00,10,51.047,-114.082,G11_08,staged
2025-02-14 13:50:00,1,51.155,-114.138,G17_06,staged
2025-02-14 13:50:00,2,50.993,-114.054,G08_09,staged
2025-02-14 13:50:00,3,51.137,-114.026,G16_10,staged
2025-02-14 13:50:00,4,51.065,-113.97,G12_12,staged
2025-02-14 13:50:00,5,51.119,-114.194,G15_04,staged
2025-02-14 13:50:00,6,50.903,-113.998,G03_11,staged
2025-02-14 13:50:00,7,50.993,-113.942,G08_13,staged
2025-02-14 13:50:00,8,51.011,-114.138,G09_06,staged
2025-02-14 13:50:00,9,50.921,-114.11,G04_07,staged
2025-02-14 13:50:00,10,51.047,-114.082,G11_08,staged
2025-02-14 13:55:00,1,51.155,-114.138,G17_06,staged
2025-02-14 13:55:00,2,50.993,-114.054,G08_09,staged
2025-02-14 13:55:00,3,51.137,-114.026,G16_10,staged
2025-02-14 13:55:00,4,51.065,-113.97,G12_12,staged
2025-02-14 13:55:00,5,51.119,-114.194,G15_04,staged
2025-02-14 13:55:00,6,50.903,-113.998,G03_11,staged
2025-02-14 13:55:00,7,50.993,-113.942,G08_13,staged
2025-02-14 13:55:00,8,51.011,-114.138,G09_06,staged
2025-02-14 13:55:00,9,50.921,-114.11,G04_07,staged
2025-02-14 13:55:00,10,51.047,-114.082,G11_08,staged
2025-02-14 14:00:00,1,51.155,-114.138,G17_06,staged
2025-02-14 14:00:00,2,50.993,-114.054,G08_09,staged
2025-02-14 14:00:00,3,51.137,-114.026,G16_10,staged
2025-02-14 14:00:00,4,51.065,-113.97,G12_12,staged
2025-02-14 14:00:00,5,51.119,-114.194,G15_04,staged
2025-02-14 14:00:00,6,50.903,-113.998,G03_11,staged
2025-02-14 14:00:00,7,50.993,-113.942,G08_13,staged
2025-02-14 14:00:00,8,51.011,-114.138,G09_06,staged
2025-02-14 14:00:00,9,50.921,-114.11,G04_07,staged
2025-02-14 14:00:00,10,51.047,-114.082,G11_08,staged
2025-02-14 14:05:00,1,51.155,-114.138,G17_06,staged
2025-02-14 14:05:00,2,50.993,-114.054,G08_09,staged
2025-02-14 14:05:00,3,51.137,-114.026,G16_10,staged
2025-02-14 14:05:00,4,51.065,-113.97,G12_12,staged
2025-02-14 14:05:00,5,51.119,-114.194,G15_04,staged
2025-02-14 14:05:00,6,50.903,-113.998,G03_11,staged
2025-02-14 14:05:00,7,50.993,-113.942,G08_13,staged
2025-02-14 14:05:00,8,51.011,-114.138,G09_06,staged
2025-02-14 14:05:00,9,50.921,-114.11,G04_07,staged
2025-02-14 14:05:00,10,51.047,-114.082,G11_08,staged
2025-02-14 14:10:00,1,51.155,-114.138,G17_06,staged
2025-02-14 14:10:00,2,50.993,-114.054,G08_09,staged
2025-02-14 14:10:00,3,51.137,-114.026,G16_10,staged
2025-02-14 14:10:00,4,51.065,-113.97,G12_12,staged
2025-02-14 14:10:00,5,51.119,-114.194,G15_04,staged
2025-02-14 14:10:00,6,50.903,-113.998,G03_11,staged
2025-02-14 14:10:00,7,50.993,-113.942,G08_13,staged
2025-02-14 14:10:00,8,51.011,-114.138,G09_06,staged
2025-02-14 14:10:00,9,50.921,-114.11,G04_07,staged
2025-02-14 14:10:00,10,51.047,-114.082,G11_08,staged
2025-02-14 14:15:00,1,51.155,-114.138,G17_06,staged
2025-02-14 14:15:00,2,50.993,-114.054,G08_09,staged
2025-02-14 14:15:00,3,51.137,-114.026,G16_10,staged
2025-02-14 14:15:00,4,51.065,-113.97,G12_12,staged
2025-02-14 14:15:00,5,51.119,-114.194,G15_04,staged
2025-02-14 14:15:00,6,50.903,-113.998,G03_11,staged
2025-02-14 14:15:00,7,50.993,-113.942,G08_13,staged
2025-02-14 14:15:00,8,51.011,-114.138,G09_06,staged
2025-02-14 14:15:00,9,50.921,-114.11,G04_07,staged
2025-02-14 14:15:00,10,51.047,-114.082,G11_08,staged
2025-02-14 14:20:00,1,51.155,-114.138,G17_06,staged
2025-02-14 14:20:00,2,50.993,-114.054,G08_09,staged
2025-02-14 14:20:00,3,51.137,-114.026,G16_10,staged
2025-02-14 14:20:00,4,51.065,-113.97,G12_12,staged
2025-02-14 14:20:00,5,51.119,-114.194,G15_04,staged
2025-02-14 14:20:00,6,50.903,-113.998,G03_11,staged
2025-02-14 14:20:00,7,50.993,-113.942,G08_13,staged
2025-02-14 14:20:00,8,51.011,-114.138,G09_06,staged
2025-02-14 14:20:00,9,50.921,-114.11,G04_07,staged
2025-02-14 14:20:00,10,51.047,-114.082,G11_08,staged
2025-02-14 14:25:00,1,51.155,-114.138,G17_06,staged
2025-02-14 14:25:00,2,50.993,-114.054,G08_09,staged
2025-02-14 14:25:00,3,51.137,-114.026,G16_10,staged
2025-02-14 14:25:00,4,51.065,-113.97,G12_12,staged
2025-02-14 14:25:00,5,51.119,-114.194,G15_04,staged
2025-02-14 14:25:00,6,50.903,-113.998,G03_11,staged
2025-02-14 14:25:00,7,50.993,-113.942,G08_13,staged
2025-02-14 14:25:00,8,51.011,-114.138,G09_06,staged
2025-02-14 14:25:00,9,50.921,-114.11,G04_07,staged
2025-02-14 14:25:00,10,51.047,-114.082,G11_08,staged
2025-02-14 14:30:00,1,51.155,-114.138,G17_06,staged
2025-02-14 14:30:00,2,50.993,-114.054,G08_09,staged
2025-02-14 14:30:00,3,51.137,-114.026,G16_10,staged
2025-02-14 14:30:00,4,51.065,-113.97,G12_12,staged
2025-02-14 14:30:00,5,51.119,-114.194,G15_04,staged
2025-02-14 14:30:00,6,50.903,-113.998,G03_11,staged
2025-02-14 14:30:00,7,50.993,-113.942,G08_13,staged
2025-02-14 14:30:00,8,51.011,-114.138,G09_06,staged
2025-02-14 14:30:00,9,50.921,-114.11,G04_07,staged
2025-02-14 14:30:00,10,51.047,-114.082,G11_08,staged
2025-02-14 14:35:00,1,51.155,-114.138,G17_06,staged
2025-02-14 14:35:00,2,50.993,-114.054,G08_09,staged
2025-02-14 14:35:00,3,51.137,-114.026,G16_10,staged
2025-02-14 14:35:00,4,51.065,-113.97,G12_12,staged
2025-02-14 14:35:00,5,51.119,-114.194,G15_04,staged
2025-02-14 14:35:00,6,50.903,-113.998,G03_11,staged
2025-02-14 14:35:00,7,50.993,-113.942,G08_13,staged
2025-02-14 14:35:00,8,51.011,-114.138,G09_06,staged
2025-02-14 14:35:00,9,50.921,-114.11,G04_07,staged
2025-02-14 14:35:00,10,51.047,-114.082,G11_08,staged
2025-02-14 14:40:00,1,51.155,-114.138,G17_06,staged
2025-02-14 14:40:00,2,50.99406,-114.0638,G08_09,on_scene
2025-02-14 14:40:00,3,51.137,-114.026,G16_10,staged
2025-02-14 14:40:00,4,51.065,-113.97,G12_12,staged
2025-02-14 14:40:00,5,51.119,-114.194,G15_04,staged
2025-02-14 14:40:00,6,50.903,-113.998,G03_11,staged
2025-02-14 14:40:00,7,50.993,-113.942,G08_13,staged
2025-02-14 14:40:00,8,51.011,-114.138,G09_06,staged
2025-02-14 14:40:00,9,50.921,-114.11,G04_07,staged
2025-02-14 14:40:00,10,51.047,-114.082,G11_08,staged
2025-02-14 14:45:00,1,51.155,-114.138,G17_06,staged
2025-02-14 14:45:00,2,50.99406,-114.0638,G08_09,on_scene
2025-02-14 14:45:00,3,51.137,-114.026,G16_10,staged
2025-02-14 14:45:00,4,51.065,-113.97,G12_12,staged
2025-02-14 14:45:00,5,51.119,-114.194,G15_04,staged
2025-02-14 14:45:00,6,50.903,-113.998,G03_11,staged
2025-02-14 14:45:00,7,50.993,-113.942,G08_13,staged
2025-02-14 14:45:00,8,51.011,-114.138,G09_06,staged
2025-02-14 14:45:00,9,50.921,-114.11,G04_07,staged
2025-02-14 14:45:00,10,51.047,-114.082,G11_08,staged
2025-02-14 14:50:00,1,51.16468,-114.12223,G18_07,responding
2025-02-14 14:50:00,2,50.99406,-114.0638,G08_09,on_scene
2025-02-14 14:50:00,3,51.137,-114.026,G16_10,staged
2025-02-14 14:50:00,4,51.065,-113.97,G12_12,staged
2025-02-14 14:50:00,5,51.119,-114.194,G15_04,staged
2025-02-14 14:50:00,6,50.9075,-113.99642,G03_11,responding
2025-02-14 14:50:00,7,50.993,-113.942,G08_13,staged
2025-02-14 14:50:00,8,51.011,-114.138,G09_06,staged
2025-02-14 14:50:00,9,50.921,-114.11,G04_07,staged
2025-02-14 14:50:00,10,51.047,-114.082,G11_08,staged
2025-02-14 14:55:00,1,51.1808,-114.09594,G18_08,responding
2025-02-14 14:55:00,2,50.99406,-114.0638,G08_09,on_scene
2025-02-14 14:55:00,3,51.137,-114.026,G16_10,staged
2025-02-14 14:55:00,4,51.065,-113.97,G12_12,staged
2025-02-14 14:55:00,5,51.119,-114.194,G15_04,staged
2025-02-14 14:55:00,6,50.93001,-113.98849,G05_11,responding
2025-02-14 14:55:00,7,50.993,-113.942,G08_13,staged
2025-02-14 14:55:00,8,51.011,-114.138,G09_06,staged
2025-02-14 14:55:00,9,50.921,-114.11,G04_07,staged
2025-02-14 14:55:00,10,51.047,-114.082,G11_08,staged
2025-02-14 15:00:00,1,51.18155,-114.09473,G18_08,on_scene
2025-02-14 15:00:00,2,50.99406,-114.0638,G08_09,on_scene
2025-02-14 15:00:00,3,51.137,-114.026,G16_10,relocating
2025-02-14 15:00:00,4,51.065,-113.97,G12_12,staged
2025-02-14 15:00:00,5,51.119,-114.194,G15_04,staged
2025-02-14 15:00:00,6,50.9452,-113.98315,G05_12,on_scene
2025-02-14 15:05:00,1,51.18155,-114.09473,G18_08,on_scene
2025-02-14 15:05:00,2,50.99406,-114.0638,G08_09,on_scene
2025-02-14 15:05:00,3,51.14445,-114.06078,G16_09,relocating
2025-02-14 15:05:00,4,51.065,-113.97,G12_12,staged
2025-02-14 15:05:00,5,51.11508,-114.19013,G15_04,responding
2025-02-14 15:05:00,6,50.9452,-113.98315,G05_12,on_scene
2025-02-14 15:10:00,1,51.18155,-114.09473,G18_08,on_scene
2025-02-14 15:10:00,2,50.99356,-114.05915,G08_09,returning
2025-02-14 15:10:00,3,51.15191,-114.09557,G17_08,relocating
2025-02-14 15:10:00,4,51.065,-113.97,G12_12,staged
2025-02-14 15:10:00,5,51.09548,-114.17079,G14_05,responding
2025-02-14 15:10:00,6,50.9452,-113.98315,G05_12,on_scene
2025-02-14 15:15:00,1,51.18155,-114.09473,G18_08,on_scene
2025-02-14 15:15:00,2,50.993,-114.054,G08_09,staged
2025-02-14 15:15:00,3,51.155,-114.11,G17_07,staged
2025-02-14 15:15:00,4,51.06367,-113.97703,G12_12,responding
2025-02-14 15:15:00,5,51.07671,-114.15228,G13_05,on_scene
2025-02-14 15:15:00,6,50.9452,-113.98315,G05_12,on_scene
2025-02-14 15:20:00,1,51.18155,-114.09473,G18_08,on_scene
2025-02-14 15:20:00,2,50.993,-114.054,G08_09,staged
2025-02-14 15:20:00,3,51.155,-114.11,G17_07,staged
2025-02-14 15:20:00,4,51.05702,-114.01215,G12_10,responding
2025-02-14 15:20:00,5,51.07671,-114.15228,G13_05,on_scene
2025-02-14 15:20:00,6,50.9452,-113.98315,G05_12,on_scene
2025-02-14 15:25:00,1,51.18155,-114.09473,G18_08,on_scene
2025-02-14 15:25:00,2,50.993,-114.054,G08_09,staged
2025-02-14 15:25:00,3,51.155,-114.11,G17_07,staged
2025-02-14 15:25:00,4,51.05037,-114.04728,G11_09,responding
2025-02-14 15:25:00,5,51.07671,-114.15228,G13_05,on_scene
2025-02-14 15:25:00,6,50.9452,-113.98315,G05_12,on_scene
2025-02-14 15:30:00,1,51.1599,-114.10087,G17_07,returning
2025-02-14 15:30:00,2,50.993,-114.054,G08_09,staged
2025-02-14 15:30:00,3,51.155,-114.11,G17_07,staged
2025-02-14 15:30:00,4,51.05013,-114.04853,G11_09,on_scene
2025-02-14 15:30:00,5,51.07671,-114.15228,G13_05,on_scene
2025-02-14 15:30:00,6,50.93786,-113.98573,G05_11,returning
2025-02-14 15:35:00,1,51.13719,-114.10731,G16_07,returning
2025-02-14 15:35:00,2,50.993,-114.054,G08_09,staged
2025-02-14 15:35:00,3,51.155,-114.11,G17_07,staged
2025-02-14 15:35:00,4,51.05013,-114.04853,G11_09,on_scene
2025-02-14 15:35:00,5,51.07671,-114.15228,G13_05,on_scene
2025-02-14 15:35:00,6,50.91535,-113.99365,G03_11,returning
2025-02-14 15:40:00,1,51.11449,-114.11375,G14_07,returning
2025-02-14 15:40:00,2,50.99341,-114.0613,G08_09,responding
2025-02-14 15:40:00,3,51.155,-114.11,G17_07,staged
2025-02-14 15:40:00,4,51.05013,-114.04853,G11_09,on_scene
2025-02-14 15:40:00,5,51.07671,-114.15228,G13_05,on_scene
2025-02-14 15:40:00,6,50.903,-113.998,G03_11,staged
2025-02-14 15:45:00,1,51.09179,-114.12019,G13_07,returning
2025-02-14 15:45:00,2,50.99545,-114.09779,G08_07,responding
2025-02-14 15:45:00,3,51.155,-114.11,G17_07,staged
2025-02-14 15:45:00,4,51.05013,-114.04853,G11_09,on_scene
2025-02-14 15:45:00,5,51.07755,-114.1531,G13_05,returning
2025-02-14 15:45:00,6,50.903,-113.998,G03_11,staged
2025-02-14 15:50:00,1,51.06909,-114.12663,G12_06,returning
2025-02-14 15:50:00,2,50.99553,-114.09918,G08_07,on_scene
2025-02-14 15:50:00,3,51.155,-114.11,G17_07,staged
2025-02-14 15:50:00,4,51.05013,-114.04853,G11_09,on_scene
2025-02-14 15:50:00,5,51.09715,-114.17244,G14_05,returning
2025-02-14 15:50:00,6,50.903,-113.998,G03_11,staged
2025-02-14 15:55:00,1,51.04638,-114.13307,G11_06,returning
2025-02-14 15:55:00,2,50.99553,-114.09918,G08_07,on_scene
2025-02-14 15:55:00,3,51.155,-114.11,G17_07,staged
2025-02-14 15:55:00,4,51.05013,-114.04853,G11_09,on_scene
2025-02-14 15:55:00,5,51.11675,-114.19178,G15_04,returning
2025-02-14 15:55:00,6,50.903,-113.998,G03_11,staged
2025-02-14 16:00:00,1,51.029,-114.138,G10_06,staged
2025-02-14 16:00:00,2,50.99553,-114.09918,G08_07,on_scene
2025-02-14 16:00:00,3,51.155,-114.11,G17_07,staged
2025-02-14 16:00:00,4,51.05654,-114.01466,G12_10,responding
2025-02-14 16:00:00,5,51.119,-114.194,G15_04,staged
2025-02-14 16:00:00,6,50.903,-113.998,G03_11,staged
2025-02-14 16:05:00,1,51.029,-114.138,G10_06,staged
2025-02-14 16:05:00,2,50.99553,-114.09918,G08_07,on_scene
2025-02-14 16:05:00,3,51.155,-114.11,G17_07,staged
2025-02-14 16:05:00,4,51.04954,-114.04961,G11_09,responding
2025-02-14 16:05:00,5,51.119,-114.194,G15_04,staged
2025-02-14 16:05:00,6,50.903,-113.998,G03_11,staged
2025-02-14 16:10:00,1,51.029,-114.138,G10_06,staged
2025-02-14 16:10:00,2,50.99553,-114.09918,G08_07,on_scene
2025-02-14 16:10:00,3,51.155,-114.11,G17_07,staged
2025-02-14 16:10:00,4,51.04738,-114.06043,G11_09,on_scene
2025-02-14 16:10:00,5,51.119,-114.194,G15_04,staged
2025-02-14 16:10:00,6,50.903,-113.998,G03_11,staged
2025-02-14 16:15:00,1,51.03088,-114.1313,G10_06,responding
2025-02-14 16:15:00,2,50.99553,-114.09918,G08_07,on_scene
2025-02-14 16:15:00,3,51.155,-114.11,G17_07,staged
2025-02-14 16:15:00,4,51.04738,-114.06043,G11_09,on_scene
2025-02-14 16:15:00,5,51.119,-114.194,G15_04,staged
2025-02-14 16:15:00,6,50.903,-113.998,G03_11,staged
2025-02-14 16:20:00,1,51.04029,-114.09782,G11_07,responding
2025-02-14 16:20:00,2,50.99356,-114.06406,G08_09,returning
2025-02-14 16:20:00,3,51.155,-114.11,G17_07,staged
2025-02-14 16:20:00,4,51.04738,-114.06043,G11_09,on_scene
2025-02-14 16:20:00,5,51.119,-114.194,G15_04,staged
2025-02-14 16:20:00,6,50.903,-113.998,G03_11,staged
2025-02-14 16:25:00,1,51.04769,-114.07148,G11_08,on_scene
2025-02-14 16:25:00,2,50.993,-114.054,G08_09,staged
2025-02-14 16:25:00,3,51.155,-114.11,G17_07,staged
2025-02-14 16:25:00,4,51.04738,-114.06043,G11_09,on_scene
2025-02-14 16:25:00,5,51.119,-114.194,G15_04,staged
2025-02-14 16:25:00,6,50.903,-113.998,G03_11,staged
2025-02-14 16:30:00,1,51.04769,-114.07148,G11_08,on_scene
2025-02-14 16:30:00,2,50.993,-114.054,G08_09,staged
2025-02-14 16:30:00,3,51.155,-114.11,G17_07,staged
2025-02-14 16:30:00,4,51.04738,-114.06043,G11_09,on_scene
2025-02-14 16:30:00,5,51.119,-114.194,G15_04,staged
2025-02-14 16:30:00,6,50.903,-113.998,G03_11,staged
2025-02-14 16:35:00,1,51.04769,-114.07148,G11_08,on_scene
2025-02-14 16:35:00,2,50.993,-114.054,G08_09,staged
2025-02-14 16:35:00,3,51.155,-114.11,G17_07,staged
2025-02-14 16:35:00,4,51.04738,-114.06043,G11_09,on_scene
2025-02-14 16:35:00,5,51.10345,-114.17819,G14_05,responding
2025-02-14 16:35:00,6,50.903,-113.998,G03_11,staged
2025-02-14 16:40:00,1,51.04769,-114.07148,G11_08,on_scene
2025-02-14 16:40:00,2,51.00584,-114.0458,G09_09,responding
2025-02-14 16:40:00,3,51.155,-114.11,G17_07,staged
2025-02-14 16:40:00,4,51.03873,-114.08169,G11_08,responding
2025-02-14 16:40:00,5,51.08402,-114.15842,G13_05,responding
2025-02-14 16:40:00,6,50.903,-113.998,G03_11,staged
2025-02-14 16:45:00,1,51.04769,-114.07148,G11_08,on_scene
2025-02-14 16:45:00,2,51.02723,-114.03213,G10_10,responding
2025-02-14 16:45:00,3,51.155,-114.11,G17_07,staged
2025-02-14 16:45:00,4,51.03043,-114.10207,G10_07,on_scene
2025-02-14 16:45:00,5,51.07771,-114.15201,G13_05,on_scene
2025-02-14 16:45:00,6,50.903,-113.998,G03_11,staged
2025-02-14 16:50:00,1,51.04769,-114.07148,G11_08,on_scene
2025-02-14 16:50:00,2,51.03124,-114.02957,G10_10,on_scene
2025-02-14 16:50:00,3,51.14541,-114.09411,G16_08,responding
2025-02-14 16:50:00,4,51.03043,-114.10207,G10_07,on_scene
2025-02-14 16:50:00,5,51.07771,-114.15201,G13_05,on_scene
2025-02-14 16:50:00,6,50.91683,-113.99855,G03_11,responding
2025-02-14 16:55:00,1,51.04951,-114.06421,G11_09,responding
2025-02-14 16:55:00,2,51.03124,-114.02957,G10_10,on_scene
2025-02-14 16:55:00,3,51.12943,-114.06763,G16_09,responding
2025-02-14 16:55:00,4,51.03043,-114.10207,G10_07,on_scene
2025-02-14 16:55:00,5,51.07771,-114.15201,G13_05,on_scene
2025-02-14 16:55:00,6,50.93988,-113.99948,G05_11,responding
2025-02-14 17:00:00,1,51.05803,-114.03012,G12_10,responding
2025-02-14 17:00:00,2,51.03124,-114.02957,G10_10,on_scene
2025-02-14 17:00:00,3,51.11345,-114.04114,G15_09,responding
2025-02-14 17:00:00,4,51.03043,-114.10207,G10_07,on_scene
2025-02-14 17:00:00,5,51.07771,-114.15201,G13_05,on_scene
2025-02-14 17:00:00,6,50.96294,-114.0004,G06_11,responding
2025-02-14 17:00:00,7,50.993,-113.942,G08_13,staged
2025-02-14 17:00:00,8,51.011,-114.138,G09_06,staged
2025-02-14 17:00:00,9,50.921,-114.11,G04_07,staged
2025-02-14 17:00:00,10,51.047,-114.082,G11_08,staged
2025-02-14 17:05:00,1,51.05962,-114.02373,G12_10,on_scene
2025-02-14 17:05:00,2,51.03124,-114.02957,G10_10,on_scene
2025-02-14 17:05:00,3,51.09747,-114.01466,G14_10,responding
2025-02-14 17:05:00,4,51.03043,-114.10207,G10_07,on_scene
2025-02-14 17:05:00,5,51.07771,-114.15201,G13_05,on_scene
2025-02-14 17:05:00,6,50.98599,-114.00132,G08_11,responding
2025-02-14 17:05:00,7,50.993,-113.942,G08_13,staged
2025-02-14 17:05:00,8,51.011,-114.138,G09_06,staged
2025-02-14 17:05:00,9,50.921,-114.11,G04_07,staged
2025-02-14 17:05:00,10,51.047,-114.082,G11_08,staged
2025-02-14 17:10:00,1,51.05962,-114.02373,G12_10,on_scene
2025-02-14 17:10:00,2,51.03124,-114.02957,G10_10,on_scene
2025-02-14 17:10:00,3,51.08149,-113.98817,G13_11,responding
2025-02-14 17:10:00,4,51.03043,-114.10207,G10_07,on_scene
2025-02-14 17:10:00,5,51.07771,-114.15201,G13_05,on_scene
2025-02-14 17:10:00,6,51.00904,-114.00225,G09_11,responding
2025-02-14 17:10:00,7,50.993,-113.942,G08_13,staged
2025-02-14 17:10:00,8,51.011,-114.138,G09_06,staged
2025-02-14 17:10:00,9,50.921,-114.11,G04_07,staged
2025-02-14 17:10:00,10,51.047,-114.082,G11_08,staged
2025-02-14 17:15:00,1,51.05962,-114.02373,G12_10,on_scene
2025-02-14 17:15:00,2,51.03124,-114.02957,G10_10,on_scene
2025-02-14 17:15:00,3,51.07791,-113.98224,G13_12,on_scene
2025-02-14 17:15:00,4,51.02588,-114.09202,G10_08,responding
2025-02-14 17:15:00,5,51.06643,-114.13493,G12_06,responding
2025-02-14 17:15:00,6,51.03209,-114.00317,G10_11,responding
2025-02-14 17:15:00,7,50.993,-113.942,G08_13,staged
2025-02-14 17:15:00,8,51.011,-114.138,G09_06,staged
2025-02-14 17:15:00,9,50.921,-114.11,G04_07,staged
2025-02-14 17:15:00,10,51.047,-114.082,G11_08,staged
2025-02-14 17:20:00,1,51.05962,-114.02373,G12_10,on_scene
2025-02-14 17:20:00,2,51.03629,-114.0033,G10_11,on_scene
2025-02-14 17:20:00,3,51.07791,-113.98224,G13_12,on_scene
2025-02-14 17:20:00,4,51.01242,-114.06226,G09_09,responding
2025-02-14 17:20:00,5,51.04973,-114.10964,G11_07,responding
2025-02-14 17:20:00,6,51.03638,-114.00334,G10_11,on_scene
2025-02-14 17:20:00,7,50.993,-113.942,G08_13,staged
2025-02-14 17:20:00,8,51.011,-114.138,G09_06,staged
2025-02-14 17:20:00,9,50.921,-114.11,G04_07,staged
2025-02-14 17:20:00,10,51.047,-114.082,G11_08,staged
2025-02-14 17:25:00,1,51.05962,-114.02373,G12_10,on_scene
2025-02-14 17:25:00,2,51.03629,-114.0033,G10_11,on_scene
2025-02-14 17:25:00,3,51.07791,-113.98224,G13_12,on_scene
2025-02-14 17:25:00,4,50.99916,-114.03296,G08_10,on_scene
2025-02-14 17:25:00,5,51.03303,-114.08435,G10_08,responding
2025-02-14 17:25:00,6,51.03638,-114.00334,G10_11,on_scene
2025-02-14 17:25:00,7,50.993,-113.942,G08_13,staged
2025-02-14 17:25:00,8,51.011,-114.138,G09_06,staged
2025-02-14 17:25:00,9,50.921,-114.11,G04_07,staged
2025-02-14 17:25:00,10,51.047,-114.082,G11_08,staged
2025-02-14 17:30:00,1,51.05962,-114.02373,G12_10,on_scene
2025-02-14 17:30:00,2,51.03629,-114.0033,G10_11,on_scene
2025-02-14 17:30:00,3,51.07791,-113.98224,G13_12,on_scene
2025-02-14 17:30:00,4,50.99916,-114.03296,G08_10,on_scene
2025-02-14 17:30:00,5,51.01633,-114.05906,G09_09,responding
2025-02-14 17:30:00,6,51.03638,-114.00334,G10_11,on_scene
2025-02-14 17:30:00,7,50.993,-113.942,G08_13,staged
2025-02-14 17:30:00,8,51.011,-114.138,G09_06,staged
2025-02-14 17:30:00,9,50.921,-114.11,G04_07,staged
2025-02-14 17:30:00,10,51.047,-114.082,G11_08,staged
2025-02-14 17:35:00,1,51.05228,-114.05115,G11_09,returning
2025-02-14 17:35:00,2,51.03629,-114.0033,G10_11,on_scene
2025-02-14 17:35:00,3,51.07791,-113.98224,G13_12,on_scene
2025-02-14 17:35:00,4,50.99916,-114.03296,G08_10,on_scene
2025-02-14 17:35:00,5,50.99964,-114.03377,G08_10,responding
2025-02-14 17:35:00,6,51.03638,-114.00334,G10_11,on_scene
2025-02-14 17:35:00,7,50.993,-113.942,G08_13,staged
2025-02-14 17:35:00,8,51.011,-114.138,G09_06,responding
2025-02-14 17:35:00,9,50.921,-114.11,G04_07,staged
2025-02-14 17:35:00,10,51.047,-114.082,G11_08,staged
2025-02-14 17:40:00,1,51.04323,-114.08489,G11_08,returning
2025-02-14 17:40:00,2,51.03629,-114.0033,G10_11,on_scene
2025-02-14 17:40:00,3,51.07791,-113.98224,G13_12,on_scene
2025-02-14 17:40:00,4,50.99916,-114.03296,G08_10,on_scene
2025-02-14 17:40:00,5,50.99916,-114.03305,G08_10,on_scene
2025-02-14 17:40:00,6,51.03638,-114.00334,G10_11,on_scene
2025-02-14 17:40:00,7,50.98984,-113.94733,G08_13,responding
2025-02-14 17:40:00,8,50.99977,-114.11493,G08_07,on_scene
2025-02-14 17:40:00,9,50.92303,-114.10343,G04_07,responding
2025-02-14 17:40:00,10,51.0434,-114.08658,G11_08,responding
2025-02-14 17:45:00,1,51.03419,-114.11863,G10_07,returning
2025-02-14 17:45:00,2,51.03629,-114.0033,G10_11,on_scene
2025-02-14 17:45:00,3,51.09031,-114.00278,G13_11,returning
2025-02-14 17:45:00,4,50.99916,-114.03296,G08_10,on_scene
2025-02-14 17:45:00,5,50.99916,-114.03305,G08_10,on_scene
2025-02-14 17:45:00,6,51.03638,-114.00334,G10_11,on_scene
2025-02-14 17:45:00,7,50.97402,-113.97397,G07_12,responding
2025-02-14 17:45:00,8,50.99977,-114.11493,G08_07,on_scene
2025-02-14 17:45:00,9,50.93321,-114.0706,G05_08,responding
2025-02-14 17:45:00,10,51.02539,-114.10948,G10_07,responding
2025-02-14 17:50:00,1,51.029,-114.138,G10_06,staged
2025-02-14 17:50:00,2,51.03511,-114.00468,G10_11,returning
2025-02-14 17:50:00,3,51.10629,-114.02927,G14_10,returning
2025-02-14 17:50:00,4,50.99916,-114.03296,G08_10,on_scene
2025-02-14 17:50:00,5,50.99916,-114.03305,G08_10,on_scene
2025-02-14 17:50:00,6,51.01761,-114.00259,G09_11,returning
2025-02-14 17:50:00,7,50.95819,-114.00061,G06_11,responding
2025-02-14 17:50:00,8,50.99977,-114.11493,G08_07,on_scene
2025-02-14 17:50:00,9,50.94338,-114.03776,G05_10,responding
2025-02-14 17:50:00,10,51.00738,-114.13237,G09_06,responding
2025-02-14 17:55:00,1,51.029,-114.138,G10_06,staged
2025-02-14 17:55:00,2,51.01655,-114.02642,G09_10,returning
2025-02-14 17:55:00,3,51.12227,-114.05575,G15_09,returning
2025-02-14 17:55:00,4,50.99908,-114.0335,G08_10,responding
2025-02-14 17:55:00,5,50.99916,-114.03305,G08_10,on_scene
2025-02-14 17:55:00,6,50.99456,-114.00167,G08_11,returning
2025-02-14 17:55:00,7,50.95126,-114.01229,G06_10,on_scene
2025-02-14 17:55:00,8,50.99977,-114.11493,G08_07,on_scene
2025-02-14 17:55:00,9,50.9512,-114.01254,G06_10,on_scene
2025-02-14 17:55:00,10,51.00595,-114.13419,G09_06,on_scene
2025-02-14 18:00:00,1,51.029,-114.138,G10_06,staged
2025-02-14 18:00:00,2,50.99798,-114.04817,G08_09,returning
2025-02-14 18:00:00,3,51.13825,-114.08224,G16_08,returning
2025-02-14 18:00:00,4,50.9942,-114.06619,G08_09,on_scene
2025-02-14 18:00:00,5,50.99916,-114.03305,G08_10,on_scene
2025-02-14 18:00:00,6,50.97151,-114.00074,G07_11,returning
2025-02-14 18:00:00,7,50.95126,-114.01229,G06_10,on_scene
2025-02-14 18:00:00,8,50.99977,-114.11493,G08_07,on_scene
2025-02-14 18:00:00,9,50.9512,-114.01254,G06_10,on_scene
2025-02-14 18:00:00,10,51.00595,-114.13419,G09_06,on_scene
2025-02-14 18:05:00,1,51.029,-114.138,G10_06,staged
2025-02-14 18:05:00,2,50.993,-114.054,G08_09,staged
2025-02-14 18:05:00,3,51.15423,-114.10872,G17_07,returning
2025-02-14 18:05:00,4,50.9942,-114.06619,G08_09,on_scene
2025-02-14 18:05:00,5,50.99916,-114.03305,G08_10,on_scene
2025-02-14 18:05:00,6,50.94846,-113.99982,G06_11,returning
2025-02-14 18:05:00,7,50.95126,-114.01229,G06_10,on_scene
2025-02-14 18:05:00,8,50.99977,-114.11493,G08_07,on_scene
2025-02-14 18:05:00,9,50.9512,-114.01254,G06_10,on_scene
2025-02-14 18:05:00,10,51.00595,-114.13419,G09_06,on_scene
2025-02-14 18:10:00,1,51.029,-114.138,G10_06,staged
2025-02-14 18:10:00,2,50.993,-114.054,G08_09,staged
2025-02-14 18:10:00,3,51.155,-114.11,G17_07,staged
2025-02-14 18:10:00,4,50.9942,-114.06619,G08_09,on_scene
2025-02-14 18:10:00,5,51.01628,-114.05604,G09_09,returning
2025-02-14 18:10:00,6,50.92541,-113.9989,G05_11,returning
2025-02-14 18:10:00,7,50.95126,-114.01229,G06_10,on_scene
2025-02-14 18:10:00,8,51.00265,-114.12084,G09_07,returning
2025-02-14 18:10:00,9,50.9512,-114.01254,G06_10,on_scene
2025-02-14 18:10:00,10,51.00595,-114.13419,G09_06,on_scene
2025-02-14 18:15:00,1,51.029,-114.138,G10_06,staged
2025-02-14 18:15:00,2,50.993,-114.054,G08_09,staged
2025-02-14 18:15:00,3,51.155,-114.11,G17_07,staged
2025-02-14 18:15:00,4,50.9942,-114.06619,G08_09,on_scene
2025-02-14 18:15:00,5,51.01495,-114.06478,G09_09,on_scene
2025-02-14 18:15:00,6,50.903,-113.998,G03_11,staged
2025-02-14 18:15:00,7,50.95126,-114.01229,G06_10,on_scene
2025-02-14 18:15:00,8,51.011,-114.138,G09_06,staged
2025-02-14 18:15:00,9,50.9512,-114.01254,G06_10,on_scene
2025-02-14 18:15:00,10,51.00595,-114.13419,G09_06,on_scene
2025-02-14 18:20:00,1,51.0359,-114.12825,G10_06,responding
2025-02-14 18:20:00,2,50.993,-114.054,G08_09,responding
2025-02-14 18:20:00,3,51.14758,-114.10126,G17_07,responding
2025-02-14 18:20:00,4,50.9942,-114.06619,G08_09,on_scene
2025-02-14 18:20:00,5,51.01495,-114.06478,G09_09,on_scene
2025-02-14 18:20:00,6,50.903,-113.998,G03_11,staged
2025-02-14 18:20:00,7,50.95126,-114.01229,G06_10,on_scene
2025-02-14 18:20:00,8,51.011,-114.138,G09_06,staged
2025-02-14 18:20:00,9,50.9512,-114.01254,G06_10,on_scene
2025-02-14 18:20:00,10,51.00595,-114.13419,G09_06,on_scene
2025-02-14 18:25:00,1,51.05314,-114.10389,G11_07,responding
2025-02-14 18:25:00,2,51.01549,-114.06208,G09_09,responding
2025-02-14 18:25:00,3,51.12905,-114.07941,G16_08,responding
2025-02-14 18:25:00,4,50.9942,-114.06619,G08_09,on_scene
2025-02-14 18:25:00,5,51.01495,-114.06478,G09_09,on_scene
2025-02-14 18:25:00,6,50.903,-113.998,G03_11,staged
2025-02-14 18:25:00,7,50.96015,-113.99732,G06_11,returning
2025-02-14 18:25:00,8,51.011,-114.138,G09_06,staged
2025-02-14 18:25:00,9,50.94884,-114.02016,G06_10,returning
2025-02-14 18:25:00,10,51.02253,-114.11312,G10_07,returning
2025-02-14 18:30:00,1,51.07038,-114.07952,G12_08,responding
2025-02-14 18:30:00,2,51.03798,-114.07016,G10_08,responding
2025-02-14 18:30:00,3,51.11051,-114.05756,G15_09,responding
2025-02-14 18:30:00,4,50.99566,-114.06421,G08_09,returning
2025-02-14 18:30:00,5,51.01495,-114.06478,G09_09,on_scene
2025-02-14 18:30:00,6,50.903,-113.998,G03_11,staged
2025-02-14 18:30:00,7,50.97597,-113.97068,G07_12,returning
2025-02-14 18:30:00,8,51.011,-114.138,G09_06,staged
2025-02-14 18:30:00,9,50.93866,-114.053,G05_09,returning
2025-02-14 18:30:00,10,51.04054,-114.09022,G11_08,returning
2025-02-14 18:35:00,1,51.08762,-114.05515,G13_09,responding
2025-02-14 18:35:00,2,51.04166,-114.07148,G11_08,on_scene
2025-02-14 18:35:00,3,51.09714,-114.0418,G14_09,on_scene
2025-02-14 18:35:00,4,51.01319,-114.04039,G09_09,returning
2025-02-14 18:35:00,5,51.01495,-114.06478,G09_09,on_scene
2025-02-14 18:35:00,6,50.903,-113.998,G03_11,staged
2025-02-14 18:35:00,7,50.99179,-113.94404,G08_13,returning
2025-02-14 18:35:00,8,51.011,-114.138,G09_06,staged
2025-02-14 18:35:00,9,50.92849,-114.08584,G04_08,returning
2025-02-14 18:35:00,10,51.047,-114.082,G11_08,staged
2025-02-14 18:40:00,1,51.09705,-114.04182,G14_09,on_scene
2025-02-14 18:40:00,2,51.04166,-114.07148,G11_08,on_scene
2025-02-14 18:40:00,3,51.09714,-114.0418,G14_09,on_scene
2025-02-14 18:40:00,4,51.03072,-114.01657,G10_10,returning
2025-02-14 18:40:00,5,51.01495,-114.06478,G09_09,on_scene
2025-02-14 18:40:00,6,50.903,-113.998,G03_11,staged
2025-02-14 18:40:00,7,50.993,-113.942,G08_13,staged
2025-02-14 18:40:00,8,51.011,-114.138,G09_06,staged
2025-02-14 18:40:00,9,50.921,-114.11,G04_07,staged
2025-02-14 18:40:00,10,51.047,-114.082,G11_08,staged
2025-02-14 18:45:00,1,51.09705,-114.04182,G14_09,on_scene
2025-02-14 18:45:00,2,51.04166,-114.07148,G11_08,on_scene
2025-02-14 18:45:00,3,51.09714,-114.0418,G14_09,on_scene
2025-02-14 18:45:00,4,51.04825,-113.99275,G11_11,returning
2025-02-14 18:45:00,5,51.01924,-114.07011,G09_08,returning
2025-02-14 18:45:00,6,50.903,-113.998,G03_11,staged
2025-02-14 18:45:00,7,50.993,-113.942,G08_13,staged
2025-02-14 18:45:00,8,51.011,-114.138,G09_06,staged
2025-02-14 18:45:00,9,50.921,-114.11,G04_07,staged
2025-02-14 18:45:00,10,51.047,-114.082,G11_08,staged
2025-02-14 18:50:00,1,51.09705,-114.04182,G14_09,on_scene
2025-02-14 18:50:00,2,51.04166,-114.07148,G11_08,on_scene
2025-02-14 18:50:00,3,51.09714,-114.0418,G14_09,on_scene
2025-02-14 18:50:00,4,51.065,-113.97,G12_12,staged
2025-02-14 18:50:00,5,51.02995,-114.08409,G10_08,responding
2025-02-14 18:50:00,6,50.903,-113.998,G03_11,staged
2025-02-14 18:50:00,7,50.993,-113.942,G08_13,staged
2025-02-14 18:50:00,8,51.011,-114.138,G09_06,staged
2025-02-14 18:50:00,9,50.921,-114.11,G04_07,staged
2025-02-14 18:50:00,10,51.047,-114.082,G11_08,staged
2025-02-14 18:55:00,1,51.09705,-114.04182,G14_09,on_scene
2025-02-14 18:55:00,2,51.04166,-114.07148,G11_08,on_scene
2025-02-14 18:55:00,3,51.09714,-114.0418,G14_09,on_scene
2025-02-14 18:55:00,4,51.065,-113.97,G12_12,staged
2025-02-14 18:55:00,5,51.01288,-114.06593,G09_09,on_scene
2025-02-14 18:55:00,6,50.903,-113.998,G03_11,staged
2025-02-14 18:55:00,7,50.993,-113.942,G08_13,staged
2025-02-14 18:55:00,8,51.011,-114.138,G09_06,staged
2025-02-14 18:55:00,9,50.921,-114.11,G04_07,staged
2025-02-14 18:55:00,10,51.047,-114.082,G11_08,staged
2025-02-14 19:00:00,1,51.09705,-114.04182,G14_09,on_scene
2025-02-14 19:00:00,2,51.04166,-114.07148,G11_08,on_scene
2025-02-14 19:00:00,3,51.09714,-114.0418,G14_09,on_scene
2025-02-14 19:00:00,4,51.065,-113.97,G12_12,staged
2025-02-14 19:00:00,5,51.01288,-114.06593,G09_09,on_scene
2025-02-14 19:00:00,6,50.903,-113.998,G03_11,staged
2025-02-14 19:00:00,7,50.993,-113.942,G08_13,staged
2025-02-14 19:00:00,8,51.011,-114.138,G09_06,staged
2025-02-14 19:00:00,9,50.921,-114.11,G04_07,staged
2025-02-14 19:00:00,10,51.047,-114.082,G11_08,staged
2025-02-14 19:05:00,1,51.09705,-114.04182,G14_09,on_scene
2025-02-14 19:05:00,2,51.02284,-114.06472,G10_09,returning
2025-02-14 19:05:00,3,51.10231,-114.0479,G14_09,returning
2025-02-14 19:05:00,4,51.065,-113.97,G12_12,staged
2025-02-14 19:05:00,5,51.01288,-114.06593,G09_09,on_scene
2025-02-14 19:05:00,6,50.903,-113.998,G03_11,staged
2025-02-14 19:05:00,7,50.993,-113.942,G08_13,staged
2025-02-14 19:05:00,8,51.011,-114.138,G09_06,staged
2025-02-14 19:05:00,9,50.921,-114.11,G04_07,staged
2025-02-14 19:05:00,10,51.047,-114.082,G11_08,staged
2025-02-14 19:10:00,1,51.08924,-114.05286,G13_09,responding
2025-02-14 19:10:00,2,51.00035,-114.05664,G08_09,returning
2025-02-14 19:10:00,3,51.12085,-114.06975,G15_08,returning
2025-02-14 19:10:00,4,51.065,-113.97,G12_12,staged
2025-02-14 19:10:00,5,51.01288,-114.06593,G09_09,on_scene
2025-02-14 19:10:00,6,50.903,-113.998,G03_11,staged
2025-02-14 19:10:00,7,50.993,-113.942,G08_13,staged
2025-02-14 19:10:00,8,51.00593,-114.12576,G09_06,responding
2025-02-14 19:10:00,9,50.921,-114.11,G04_07,staged
2025-02-14 19:10:00,10,51.047,-114.082,G11_08,staged
2025-02-14 19:15:00,1,51.096,-114.07149,G14_08,on_scene
2025-02-14 19:15:00,2,50.993,-114.054,G08_09,staged
2025-02-14 19:15:00,3,51.13939,-114.0916,G16_08,returning
2025-02-14 19:15:00,4,51.065,-113.97,G12_12,staged
2025-02-14 19:15:00,5,51.01288,-114.06593,G09_09,on_scene
2025-02-14 19:15:00,6,50.903,-113.998,G03_11,staged
2025-02-14 19:15:00,7,50.993,-113.942,G08_13,staged
2025-02-14 19:15:00,8,50.99765,-114.1058,G08_07,on_scene
2025-02-14 19:15:00,9,50.921,-114.11,G04_07,staged
2025-02-14 19:15:00,10,51.047,-114.082,G11_08,staged
2025-02-14 19:20:00,1,51.096,-114.07149,G14_08,on_scene
2025-02-14 19:20:00,2,50.993,-114.054,G08_09,staged
2025-02-14 19:20:00,3,51.155,-114.11,G17_07,staged
2025-02-14 19:20:00,4,51.065,-113.97,G12_12,staged
2025-02-14 19:20:00,5,51.01288,-114.06593,G09_09,on_scene
2025-02-14 19:20:00,6,50.903,-113.998,G03_11,staged
2025-02-14 19:20:00,7,50.993,-113.942,G08_13,staged
2025-02-14 19:20:00,8,50.99765,-114.1058,G08_07,on_scene
2025-02-14 19:20:00,9,50.921,-114.11,G04_07,staged
2025-02-14 19:20:00,10,51.047,-114.082,G11_08,staged
2025-02-14 19:25:00,1,51.096,-114.07149,G14_08,on_scene
2025-02-14 19:25:00,2,50.993,-114.054,G08_09,staged
2025-02-14 19:25:00,3,51.155,-114.11,G17_07,staged
2025-02-14 19:25:00,4,51.065,-113.97,G12_12,staged
2025-02-14 19:25:00,5,51.01489,-114.06835,G09_08,returning
2025-02-14 19:25:00,6,50.903,-113.998,G03_11,staged
2025-02-14 19:25:00,7,50.993,-113.942,G08_13,staged
2025-02-14 19:25:00,8,50.99765,-114.1058,G08_07,on_scene
2025-02-14 19:25:00,9,50.921,-114.11,G04_07,staged
2025-02-14 19:25:00,10,51.047,-114.082,G11_08,staged
2025-02-14 19:30:00,1,51.096,-114.07149,G14_08,on_scene
2025-02-14 19:30:00,2,50.993,-114.054,G08_09,staged
2025-02-14 19:30:00,3,51.155,-114.11,G17_07,staged
2025-02-14 19:30:00,4,51.065,-113.97,G12_12,staged
2025-02-14 19:30:00,5,51.03326,-114.09053,G10_08,returning
2025-02-14 19:30:00,6,50.903,-113.998,G03_11,staged
2025-02-14 19:30:00,7,50.993,-113.942,G08_13,staged
2025-02-14 19:30:00,8,50.99765,-114.1058,G08_07,on_scene
2025-02-14 19:30:00,9,50.921,-114.11,G04_07,staged
2025-02-14 19:30:00,10,51.047,-114.082,G11_08,staged
2025-02-14 19:35:00,1,51.096,-114.07149,G14_08,on_scene
2025-02-14 19:35:00,2,50.993,-114.054,G08_09,staged
2025-02-14 19:35:00,3,51.155,-114.11,G17_07,staged
2025-02-14 19:35:00,4,51.065,-113.97,G12_12,staged
2025-02-14 19:35:00,5,51.05164,-114.1127,G11_07,returning
2025-02-14 19:35:00,6,50.903,-113.998,G03_11,staged
2025-02-14 19:35:00,7,50.993,-113.942,G08_13,staged
2025-02-14 19:35:00,8,50.99765,-114.1058,G08_07,on_scene
2025-02-14 19:35:00,9,50.921,-114.11,G04_07,staged
2025-02-14 19:35:00,10,51.047,-114.082,G11_08,staged
2025-02-14 19:40:00,1,51.096,-114.07149,G14_08,on_scene
2025-02-14 19:40:00,2,50.993,-114.054,G08_09,staged
2025-02-14 19:40:00,3,51.155,-114.11,G17_07,staged
2025-02-14 19:40:00,4,51.065,-113.97,G12_12,staged
2025-02-14 19:40:00,5,51.07001,-114.13487,G12_06,returning
2025-02-14 19:40:00,6,50.903,-113.998,G03_11,staged
2025-02-14 19:40:00,7,50.993,-113.942,G08_13,staged
2025-02-14 19:40:00,8,50.99765,-114.1058,G08_07,on_scene
2025-02-14 19:40:00,9,50.921,-114.11,G04_07,staged
2025-02-14 19:40:00,10,51.047,-114.082,G11_08,staged
2025-02-14 19:45:00,1,51.08789,-114.07953,G13_08,returning
2025-02-14 19:45:00,2,50.993,-114.054,G08_09,staged
2025-02-14 19:45:00,3,51.155,-114.11,G17_07,staged
2025-02-14 19:45:00,4,51.065,-113.97,G12_12,staged
2025-02-14 19:45:00,5,51.08838,-114.15705,G13_05,returning
2025-02-14 19:45:00,6,50.903,-113.998,G03_11,staged
2025-02-14 19:45:00,7,50.993,-113.942,G08_13,staged
2025-02-14 19:45:00,8,51.00206,-114.11644,G09_07,returning
2025-02-14 19:45:00,9,50.921,-114.11,G04_07,staged
2025-02-14 19:45:00,10,51.047,-114.082,G11_08,staged
2025-02-14 19:50:00,1,51.06833,-114.09896,G12_07,returning
2025-02-14 19:50:00,2,50.993,-114.054,G08_09,staged
2025-02-14 19:50:00,3,51.155,-114.11,G17_07,staged
2025-02-14 19:50:00,4,51.065,-113.97,G12_12,staged
2025-02-14 19:50:00,5,51.10676,-114.17922,G14_05,returning
2025-02-14 19:50:00,6,50.903,-113.998,G03_11,staged
2025-02-14 19:50:00,7,50.993,-113.942,G08_13,staged
2025-02-14 19:50:00,8,51.011,-114.138,G09_06,staged
2025-02-14 19:50:00,9,50.921,-114.11,G04_07,staged
2025-02-14 19:50:00,10,51.047,-114.082,G11_08,staged
2025-02-14 19:55:00,1,51.04877,-114.11838,G11_07,returning
2025-02-14 19:55:00,2,50.993,-114.054,G08_09,staged
2025-02-14 19:55:00,3,51.155,-114.11,G17_07,staged
2025-02-14 19:55:00,4,51.065,-113.97,G12_12,staged
2025-02-14 19:55:00,5,51.119,-114.194,G15_04,staged
2025-02-14 19:55:00,6,50.903,-113.998,G03_11,staged
2025-02-14 19:55:00,7,50.993,-113.942,G08_13,staged
2025-02-14 19:55:00,8,51.011,-114.138,G09_06,staged
2025-02-14 19:55:00,9,50.921,-114.11,G04_07,staged
2025-02-14 19:55:00,10,51.047,-114.082,G11_08,staged
2025-02-14 20:00:00,1,51.0292,-114.1378,G10_06,returning
2025-02-14 20:00:00,2,50.993,-114.054,G08_09,staged
2025-02-14 20:00:00,3,51.155,-114.11,G17_07,staged
2025-02-14 20:00:00,4,51.065,-113.97,G12_12,staged
2025-02-14 20:00:00,5,51.119,-114.194,G15_04,staged
2025-02-14 20:00:00,6,50.903,-113.998,G03_11,staged
2025-02-14 20:00:00,7,50.993,-113.942,G08_13,staged
2025-02-14 20:00:00,8,51.011,-114.138,G09_06,staged
2025-02-14 20:00:00,9,50.921,-114.11,G04_07,staged
2025-02-14 20:00:00,10,51.047,-114.082,G11_08,staged
2025-02-14 20:05:00,1,51.029,-114.138,G10_06,staged
2025-02-14 20:05:00,2,50.993,-114.054,G08_09,staged
2025-02-14 20:05:00,3,51.155,-114.11,G17_07,staged
2025-02-14 20:05:00,4,51.065,-113.97,G12_12,staged
2025-02-14 20:05:00,5,51.119,-114.194,G15_04,staged
2025-02-14 20:05:00,6,50.903,-113.998,G03_11,staged
2025-02-14 20:05:00,7,50.993,-113.942,G08_13,staged
2025-02-14 20:05:00,8,51.011,-114.138,G09_06,staged
2025-02-14 20:05:00,9,50.921,-114.11,G04_07,staged
2025-02-14 20:05:00,10,51.047,-114.082,G11_08,staged
2025-02-14 20:10:00,1,51.029,-114.138,G10_06,staged
2025-02-14 20:10:00,2,50.993,-114.054,G08_09,staged
2025-02-14 20:10:00,3,51.155,-114.11,G17_07,staged
2025-02-14 20:10:00,4,51.065,-113.97,G12_12,staged
2025-02-14 20:10:00,5,51.119,-114.194,G15_04,staged
2025-02-14 20:10:00,6,50.903,-113.998,G03_11,staged
2025-02-14 20:10:00,7,50.993,-113.942,G08_13,staged
2025-02-14 20:10:00,8,51.011,-114.138,G09_06,staged
2025-02-14 20:10:00,9,50.921,-114.11,G04_07,staged
2025-02-14 20:10:00,10,51.047,-114.082,G11_08,staged
2025-02-14 20:15:00,1,51.029,-114.138,G10_06,staged
2025-02-14 20:15:00,2,50.993,-114.054,G08_09,staged
2025-02-14 20:15:00,3,51.155,-114.11,G17_07,staged
2025-02-14 20:15:00,4,51.065,-113.97,G12_12,staged
2025-02-14 20:15:00,5,51.119,-114.194,G15_04,staged
2025-02-14 20:15:00,6,50.903,-113.998,G03_11,staged
2025-02-14 20:15:00,7,50.993,-113.942,G08_13,staged
2025-02-14 20:15:00,8,51.011,-114.138,G09_06,staged
2025-02-14 20:15:00,9,50.921,-114.11,G04_07,staged
2025-02-14 20:15:00,10,51.047,-114.082,G11_08,staged
2025-02-14 20:20:00,1,51.029,-114.138,G10_06,staged
2025-02-14 20:20:00,2,50.993,-114.054,G08_09,staged
2025-02-14 20:20:00,3,51.155,-114.11,G17_07,staged
2025-02-14 20:20:00,4,51.067,-113.97661,G12_12,responding
2025-02-14 20:20:00,5,51.119,-114.194,G15_04,staged
2025-02-14 20:20:00,6,50.903,-113.998,G03_11,staged
2025-02-14 20:20:00,7,50.993,-113.942,G08_13,staged
2025-02-14 20:20:00,8,51.011,-114.138,G09_06,staged
2025-02-14 20:20:00,9,50.921,-114.11,G04_07,staged
2025-02-14 20:20:00,10,51.05073,-114.07769,G11_08,responding
2025-02-14 20:25:00,1,51.029,-114.138,G10_06,staged
2025-02-14 20:25:00,2,50.993,-114.054,G08_09,staged
2025-02-14 20:25:00,3,51.15129,-114.10564,G17_07,responding
2025-02-14 20:25:00,4,51.07701,-114.00968,G13_11,responding
2025-02-14 20:25:00,5,51.119,-114.194,G15_04,staged
2025-02-14 20:25:00,6,50.903,-113.998,G03_11,staged
2025-02-14 20:25:00,7,50.993,-113.942,G08_13,staged
2025-02-14 20:25:00,8,51.011,-114.138,G09_06,staged
2025-02-14 20:25:00,9,50.921,-114.11,G04_07,staged
2025-02-14 20:25:00,10,51.0694,-114.05615,G12_09,responding
2025-02-14 20:30:00,1,51.029,-114.138,G10_06,staged
2025-02-14 20:30:00,2,50.993,-114.054,G08_09,staged
2025-02-14 20:30:00,3,51.13273,-114.08383,G16_08,responding
2025-02-14 20:30:00,4,51.0856,-114.03805,G13_10,on_scene
2025-02-14 20:30:00,5,51.119,-114.194,G15_04,staged
2025-02-14 20:30:00,6,50.903,-113.998,G03_11,staged
2025-02-14 20:30:00,7,50.99758,-113.94285,G08_13,responding
2025-02-14 20:30:00,8,51.011,-114.138,G09_06,staged
2025-02-14 20:30:00,9,50.91855,-114.0959,G04_08,responding
2025-02-14 20:30:00,10,51.08522,-114.0379,G13_10,on_scene
2025-02-14 20:35:00,1,51.029,-114.138,G10_06,staged
2025-02-14 20:35:00,2,50.993,-114.054,G08_09,staged
2025-02-14 20:35:00,3,51.11417,-114.06203,G15_09,responding
2025-02-14 20:35:00,4,51.0856,-114.03805,G13_10,on_scene
2025-02-14 20:35:00,5,51.119,-114.194,G15_04,staged
2025-02-14 20:35:00,6,50.903,-113.998,G03_11,staged
2025-02-14 20:35:00,7,51.02048,-113.94712,G10_13,responding
2025-02-14 20:35:00,8,51.011,-114.138,G09_06,staged
2025-02-14 20:35:00,9,50.91365,-114.06769,G04_09,on_scene
2025-02-14 20:35:00,10,51.08522,-114.0379,G13_10,on_scene
2025-02-14 20:40:00,1,51.029,-114.138,G10_06,staged
2025-02-14 20:40:00,2,50.993,-114.054,G08_09,staged
2025-02-14 20:40:00,3,51.09715,-114.04204,G14_09,on_scene
2025-02-14 20:40:00,4,51.0856,-114.03805,G13_10,on_scene
2025-02-14 20:40:00,5,51.119,-114.194,G15_04,staged
2025-02-14 20:40:00,6,50.903,-113.998,G03_11,staged
2025-02-14 20:40:00,7,51.04339,-113.95139,G11_13,responding
2025-02-14 20:40:00,8,51.011,-114.138,G09_06,staged
2025-02-14 20:40:00,9,50.91365,-114.06769,G04_09,on_scene
2025-02-14 20:40:00,10,51.08522,-114.0379,G13_10,on_scene
2025-02-14 20:45:00,1,51.029,-114.138,G10_06,staged
2025-02-14 20:45:00,2,50.993,-114.054,G08_09,staged
2025-02-14 20:45:00,3,51.09715,-114.04204,G14_09,on_scene
2025-02-14 20:45:00,4,51.0856,-114.03805,G13_10,on_scene
2025-02-14 20:45:00,5,51.119,-114.194,G15_04,staged
2025-02-14 20:45:00,6,50.903,-113.998,G03_11,staged
2025-02-14 20:45:00,7,51.06629,-113.95565,G12_13,responding
2025-02-14 20:45:00,8,51.011,-114.138,G09_06,staged
2025-02-14 20:45:00,9,50.91365,-114.06769,G04_09,on_scene
2025-02-14 20:45:00,10,51.08522,-114.0379,G13_10,on_scene
2025-02-14 20:50:00,1,51.029,-114.138,G10_06,staged
2025-02-14 20:50:00,2,50.993,-114.054,G08_09,staged
2025-02-14 20:50:00,3,51.09715,-114.04204,G14_09,on_scene
2025-02-14 20:50:00,4,51.0856,-114.03805,G13_10,on_scene
2025-02-14 20:50:00,5,51.119,-114.194,G15_04,staged
2025-02-14 20:50:00,6,50.903,-113.998,G03_11,staged
2025-02-14 20:50:00,7,51.08166,-113.95852,G13_12,on_scene
2025-02-14 20:50:00,8,51.011,-114.138,G09_06,staged
2025-02-14 20:50:00,9,50.91365,-114.06769,G04_09,on_scene
2025-02-14 20:50:00,10,51.08522,-114.0379,G13_10,on_scene
2025-02-14 20:55:00,1,51.029,-114.138,G10_06,staged
2025-02-14 20:55:00,2,50.993,-114.054,G08_09,staged
2025-02-14 20:55:00,3,51.09715,-114.04204,G14_09,on_scene
2025-02-14 20:55:00,4,51.0856,-114.03805,G13_10,on_scene
2025-02-14 20:55:00,5,51.119,-114.194,G15_04,staged
2025-02-14 20:55:00,6,50.903,-113.998,G03_11,staged
2025-02-14 20:55:00,7,51.08166,-113.95852,G13_12,on_scene
2025-02-14 20:55:00,8,51.011,-114.138,G09_06,staged
2025-02-14 20:55:00,9,50.91365,-114.06769,G04_09,on_scene
2025-02-14 20:55:00,10,51.08522,-114.0379,G13_10,on_scene
2025-02-14 21:00:00,1,51.029,-114.138,G10_06,relocating
2025-02-14 21:00:00,2,50.993,-114.054,G08_09,staged
2025-02-14 21:00:00,3,51.09715,-114.04204,G14_09,on_scene
2025-02-14 21:00:00,4,51.08418,-114.03335,G13_10,returning
2025-02-14 21:00:00,5,51.119,-114.194,G15_04,staged
2025-02-14 21:00:00,6,50.903,-113.998,G03_11,staged
2025-02-14 21:00:00,7,51.08166,-113.95852,G13_12,on_scene
2025-02-14 21:00:00,8,51.011,-114.138,G09_06,staged
2025-02-14 21:00:00,9,50.91365,-114.06769,G04_09,on_scene
2025-02-14 21:00:00,10,51.08237,-114.04119,G13_09,returning
2025-02-14 21:05:00,1,51.0476,-114.1163,G11_07,relocating
2025-02-14 21:05:00,2,50.993,-114.054,G08_09,staged
2025-02-14 21:05:00,3,51.09715,-114.04204,G14_09,on_scene
2025-02-14 21:05:00,4,51.07417,-114.00029,G13_11,returning
2025-02-14 21:05:00,5,51.119,-114.194,G15_04,staged
2025-02-14 21:05:00,6,50.903,-113.998,G03_11,staged
2025-02-14 21:05:00,7,51.08166,-113.95852,G13_12,on_scene
2025-02-14 21:05:00,8,51.011,-114.138,G09_06,staged
2025-02-14 21:05:00,9,50.91487,-114.07474,G04_08,returning
2025-02-14 21:05:00,10,51.0637,-114.06273,G12_09,returning
2025-02-14 21:10:00,1,51.06619,-114.09461,G12_08,relocating
2025-02-14 21:10:00,2,50.993,-114.054,G08_09,staged
2025-02-14 21:10:00,3,51.09869,-114.04385,G14_09,returning
2025-02-14 21:10:00,4,51.065,-113.97,G12_12,staged
2025-02-14 21:10:00,5,51.119,-114.194,G15_04,staged
2025-02-14 21:10:00,6,50.903,-113.998,G03_11,staged
2025-02-14 21:10:00,7,51.08166,-113.95852,G13_12,on_scene
2025-02-14 21:10:00,8,51.011,-114.138,G09_06,staged
2025-02-14 21:10:00,9,50.921,-114.11,G04_07,staged
2025-02-14 21:10:00,10,51.047,-114.082,G11_08,staged
2025-02-14 21:15:00,1,51.08479,-114.07291,G13_08,relocating
2025-02-14 21:15:00,2,50.993,-114.054,G08_09,staged
2025-02-14 21:15:00,3,51.11725,-114.06565,G15_09,returning
2025-02-14 21:15:00,4,51.065,-113.97,G12_12,staged
2025-02-14 21:15:00,5,51.119,-114.194,G15_04,staged
2025-02-14 21:15:00,6,50.903,-113.998,G03_11,staged
2025-02-14 21:15:00,7,51.08166,-113.95852,G13_12,on_scene
2025-02-14 21:15:00,8,51.011,-114.138,G09_06,staged
2025-02-14 21:15:00,9,50.921,-114.11,G04_07,staged
2025-02-14 21:15:00,10,51.047,-114.082,G11_08,staged
2025-02-14 21:20:00,1,51.101,-114.054,G14_09,staged
2025-02-14 21:20:00,2,50.993,-114.054,G08_09,staged
2025-02-14 21:20:00,3,51.13581,-114.08746,G16_08,returning
2025-02-14 21:20:00,4,51.065,-113.97,G12_12,staged
2025-02-14 21:20:00,5,51.119,-114.194,G15_04,staged
2025-02-14 21:20:00,6,50.903,-113.998,G03_11,staged
2025-02-14 21:20:00,7,51.07413,-113.95711,G13_12,returning
2025-02-14 21:20:00,8,51.011,-114.138,G09_06,staged
2025-02-14 21:20:00,9,50.921,-114.11,G04_07,staged
2025-02-14 21:20:00,10,51.047,-114.082,G11_08,staged
2025-02-14 21:25:00,1,51.101,-114.054,G14_09,staged
2025-02-14 21:25:00,2,50.993,-114.054,G08_09,staged
2025-02-14 21:25:00,3,51.15437,-114.10926,G17_07,returning
2025-02-14 21:25:00,4,51.065,-113.97,G12_12,staged
2025-02-14 21:25:00,5,51.119,-114.194,G15_04,staged
2025-02-14 21:25:00,6,50.903,-113.998,G03_11,staged
2025-02-14 21:25:00,7,51.05123,-113.95285,G11_13,returning
2025-02-14 21:25:00,8,51.011,-114.138,G09_06,staged
2025-02-14 21:25:00,9,50.921,-114.11,G04_07,staged
2025-02-14 21:25:00,10,51.047,-114.082,G11_08,staged
2025-02-14 21:30:00,1,51.101,-114.054,G14_09,staged
2025-02-14 21:30:00,2,50.993,-114.054,G08_09,staged
2025-02-14 21:30:00,3,51.155,-114.11,G17_07,staged
2025-02-14 21:30:00,4,51.065,-113.97,G12_12,staged
2025-02-14 21:30:00,5,51.119,-114.194,G15_04,staged
2025-02-14 21:30:00,6,50.903,-113.998,G03_11,staged
2025-02-14 21:30:00,7,51.02833,-113.94858,G10_13,returning
2025-02-14 21:30:00,8,51.011,-114.138,G09_06,staged
2025-02-14 21:30:00,9,50.921,-114.11,G04_07,staged
2025-02-14 21:30:00,10,51.047,-114.082,G11_08,staged
2025-02-14 21:35:00,1,51.101,-114.054,G14_09,staged
2025-02-14 21:35:00,2,50.993,-114.054,G08_09,staged
2025-02-14 21:35:00,3,51.155,-114.11,G17_07,staged
2025-02-14 21:35:00,4,51.065,-113.97,G12_12,staged
2025-02-14 21:35:00,5,51.119,-114.194,G15_04,staged
2025-02-14 21:35:00,6,50.903,-113.998,G03_11,staged
2025-02-14 21:35:00,7,51.00543,-113.94431,G08_13,returning
2025-02-14 21:35:00,8,51.011,-114.138,G09_06,staged
2025-02-14 21:35:00,9,50.921,-114.11,G04_07,staged
2025-02-14 21:35:00,10,51.047,-114.082,G11_08,staged
2025-02-14 21:40:00,1,51.101,-114.054,G14_09,staged
2025-02-14 21:40:00,2,50.993,-114.054,G08_09,staged
2025-02-14 21:40:00,3,51.155,-114.11,G17_07,staged
2025-02-14 21:40:00,4,51.065,-113.97,G12_12,staged
2025-02-14 21:40:00,5,51.119,-114.194,G15_04,staged
2025-02-14 21:40:00,6,50.903,-113.998,G03_11,staged
2025-02-14 21:40:00,7,50.993,-113.942,G08_13,staged
2025-02-14 21:40:00,8,51.011,-114.138,G09_06,staged
2025-02-14 21:40:00,9,50.921,-114.11,G04_07,staged
2025-02-14 21:40:00,10,51.047,-114.082,G11_08,staged
2025-02-14 21:45:00,1,51.101,-114.054,G14_09,staged
2025-02-14 21:45:00,2,50.993,-114.054,G08_09,staged
2025-02-14 21:45:00,3,51.155,-114.11,G17_07,staged
2025-02-14 21:45:00,4,51.065,-113.97,G12_12,staged
2025-02-14 21:45:00,5,51.119,-114.194,G15_04,staged
2025-02-14 21:45:00,6,50.903,-113.998,G03_11,staged
2025-02-14 21:45:00,7,50.993,-113.942,G08_13,staged
2025-02-14 21:45:00,8,51.011,-114.138,G09_06,staged
2025-02-14 21:45:00,9,50.921,-114.11,G04_07,staged
2025-02-14 21:45:00,10,51.047,-114.082,G11_08,staged
2025-02-14 21:50:00,1,51.101,-114.054,G14_09,staged
2025-02-14 21:50:00,2,50.993,-114.054,G08_09,staged
2025-02-14 21:50:00,3,51.155,-114.11,G17_07,staged
2025-02-14 21:50:00,4,51.065,-113.97,G12_12,staged
2025-02-14 21:50:00,5,51.119,-114.194,G15_04,staged
2025-02-14 21:50:00,6,50.903,-113.998,G03_11,staged
2025-02-14 21:50:00,7,50.993,-113.942,G08_13,staged
2025-02-14 21:50:00,8,51.011,-114.138,G09_06,staged
2025-02-14 21:50:00,9,50.921,-114.11,G04_07,staged
2025-02-14 21:50:00,10,51.047,-114.082,G11_08,staged
2025-02-14 21:55:00,1,51.101,-114.054,G14_09,staged
2025-02-14 21:55:00,2,50.993,-114.054,G08_09,staged
2025-02-14 21:55:00,3,51.155,-114.11,G17_07,staged
2025-02-14 21:55:00,4,51.065,-113.97,G12_12,staged
2025-02-14 21:55:00,5,51.119,-114.194,G15_04,staged
2025-02-14 21:55:00,6,50.903,-113.998,G03_11,staged
2025-02-14 21:55:00,7,50.993,-113.942,G08_13,staged
2025-02-14 21:55:00,8,51.011,-114.138,G09_06,staged
2025-02-14 21:55:00,9,50.921,-114.11,G04_07,staged
2025-02-14 21:55:00,10,51.047,-114.082,G11_08,staged
2025-02-14 22:00:00,1,51.101,-114.054,G14_09,staged
2025-02-14 22:00:00,2,50.993,-114.054,G08_09,staged
2025-02-14 22:00:00,3,51.155,-114.11,G17_07,staged
2025-02-14 22:00:00,4,51.065,-113.97,G12_12,staged
2025-02-14 22:00:00,5,51.119,-114.194,G15_04,staged
2025-02-14 22:00:00,6,50.903,-113.998,G03_11,staged
2025-02-14 22:00:00,7,50.993,-113.942,G08_13,staged
2025-02-14 22:00:00,8,51.011,-114.138,G09_06,staged
2025-02-14 22:00:00,9,50.921,-114.11,G04_07,staged
2025-02-14 22:00:00,10,51.047,-114.082,G11_08,staged
2025-02-14 22:05:00,1,51.101,-114.054,G14_09,staged
2025-02-14 22:05:00,2,50.993,-114.054,G08_09,staged
2025-02-14 22:05:00,3,51.155,-114.11,G17_07,staged
2025-02-14 22:05:00,4,51.065,-113.97,G12_12,staged
2025-02-14 22:05:00,5,51.119,-114.194,G15_04,staged
2025-02-14 22:05:00,6,50.903,-113.998,G03_11,staged
2025-02-14 22:05:00,7,50.993,-113.942,G08_13,staged
2025-02-14 22:05:00,8,51.011,-114.138,G09_06,staged
2025-02-14 22:05:00,9,50.921,-114.11,G04_07,staged
2025-02-14 22:05:00,10,51.047,-114.082,G11_08,staged
2025-02-14 22:10:00,1,51.101,-114.054,G14_09,staged
2025-02-14 22:10:00,2,50.993,-114.054,G08_09,staged
2025-02-14 22:10:00,3,51.155,-114.11,G17_07,staged
2025-02-14 22:10:00,4,51.065,-113.97,G12_12,staged
2025-02-14 22:10:00,5,51.119,-114.194,G15_04,staged
2025-02-14 22:10:00,6,50.903,-113.998,G03_11,staged
2025-02-14 22:10:00,7,50.993,-113.942,G08_13,staged
2025-02-14 22:10:00,8,51.011,-114.138,G09_06,staged
2025-02-14 22:10:00,9,50.921,-114.11,G04_07,staged
2025-02-14 22:10:00,10,51.047,-114.082,G11_08,staged
2025-02-14 22:15:00,1,51.101,-114.054,G14_09,staged
2025-02-14 22:15:00,2,50.993,-114.054,G08_09,staged
2025-02-14 22:15:00,3,51.155,-114.11,G17_07,staged
2025-02-14 22:15:00,4,51.065,-113.97,G12_12,staged
2025-02-14 22:15:00,5,51.119,-114.194,G15_04,staged
2025-02-14 22:15:00,6,50.903,-113.998,G03_11,staged
2025-02-14 22:15:00,7,50.993,-113.942,G08_13,staged
2025-02-14 22:15:00,8,51.011,-114.138,G09_06,staged
2025-02-14 22:15:00,9,50.921,-114.11,G04_07,staged
2025-02-14 22:15:00,10,51.047,-114.082,G11_08,staged
2025-02-14 22:20:00,1,51.101,-114.054,G14_09,staged
2025-02-14 22:20:00,2,50.993,-114.054,G08_09,staged
2025-02-14 22:20:00,3,51.155,-114.11,G17_07,staged
2025-02-14 22:20:00,4,51.065,-113.97,G12_12,staged
2025-02-14 22:20:00,5,51.119,-114.194,G15_04,staged
2025-02-14 22:20:00,6,50.903,-113.998,G03_11,staged
2025-02-14 22:20:00,7,50.993,-113.942,G08_13,staged
2025-02-14 22:20:00,8,51.011,-114.138,G09_06,staged
2025-02-14 22:20:00,9,50.921,-114.11,G04_07,staged
2025-02-14 22:20:00,10,51.047,-114.082,G11_08,staged
2025-02-14 22:25:00,1,51.101,-114.054,G14_09,staged
2025-02-14 22:25:00,2,50.993,-114.054,G08_09,staged
2025-02-14 22:25:00,3,51.155,-114.11,G17_07,staged
2025-02-14 22:25:00,4,51.065,-113.97,G12_12,staged
2025-02-14 22:25:00,5,51.119,-114.194,G15_04,staged
2025-02-14 22:25:00,6,50.903,-113.998,G03_11,staged
2025-02-14 22:25:00,7,50.993,-113.942,G08_13,staged
2025-02-14 22:25:00,8,51.011,-114.138,G09_06,staged
2025-02-14 22:25:00,9,50.921,-114.11,G04_07,staged
2025-02-14 22:25:00,10,51.047,-114.082,G11_08,staged
2025-02-14 22:30:00,1,51.101,-114.054,G14_09,staged
2025-02-14 22:30:00,2,50.993,-114.054,G08_09,staged
2025-02-14 22:30:00,3,51.155,-114.11,G17_07,staged
2025-02-14 22:30:00,4,51.065,-113.97,G12_12,staged
2025-02-14 22:30:00,5,51.119,-114.194,G15_04,staged
2025-02-14 22:30:00,6,50.903,-113.998,G03_11,staged
2025-02-14 22:30:00,7,50.993,-113.942,G08_13,staged
2025-02-14 22:30:00,8,51.011,-114.138,G09_06,staged
2025-02-14 22:30:00,9,50.921,-114.11,G04_07,staged
2025-02-14 22:30:00,10,51.047,-114.082,G11_08,staged
2025-02-14 22:35:00,1,51.101,-114.054,G14_09,staged
2025-02-14 22:35:00,2,50.993,-114.054,G08_09,staged
2025-02-14 22:35:00,3,51.155,-114.11,G17_07,staged
2025-02-14 22:35:00,4,51.06955,-113.96881,G12_12,responding
2025-02-14 22:35:00,5,51.119,-114.194,G15_04,staged
2025-02-14 22:35:00,6,50.903,-113.998,G03_11,staged
2025-02-14 22:35:00,7,50.993,-113.942,G08_13,staged
2025-02-14 22:35:00,8,51.011,-114.138,G09_06,staged
2025-02-14 22:35:00,9,50.921,-114.11,G04_07,staged
2025-02-14 22:35:00,10,51.047,-114.082,G11_08,staged
2025-02-14 22:40:00,1,51.101,-114.054,G14_09,staged
2025-02-14 22:40:00,2,50.993,-114.054,G08_09,staged
2025-02-14 22:40:00,3,51.17081,-114.09484,G18_08,responding
2025-02-14 22:40:00,4,51.0923,-113.96285,G14_12,responding
2025-02-14 22:40:00,5,51.119,-114.194,G15_04,staged
2025-02-14 22:40:00,6,50.903,-113.998,G03_11,staged
2025-02-14 22:40:00,7,50.993,-113.942,G08_13,staged
2025-02-14 22:40:00,8,51.011,-114.138,G09_06,staged
2025-02-14 22:40:00,9,50.921,-114.11,G04_07,staged
2025-02-14 22:40:00,10,51.047,-114.082,G11_08,staged
2025-02-14 22:45:00,1,51.101,-114.054,G14_09,staged
2025-02-14 22:45:00,2,50.993,-114.054,G08_09,staged
2025-02-14 22:45:00,3,51.17354,-114.09221,G18_08,on_scene
2025-02-14 22:45:00,4,51.11506,-113.95688,G15_12,responding
2025-02-14 22:45:00,5,51.119,-114.194,G15_04,staged
2025-02-14 22:45:00,6,50.903,-113.998,G03_11,staged
2025-02-14 22:45:00,7,50.993,-113.942,G08_13,staged
2025-02-14 22:45:00,8,51.011,-114.138,G09_06,staged
2025-02-14 22:45:00,9,50.921,-114.11,G04_07,staged
2025-02-14 22:45:00,10,51.047,-114.082,G11_08,staged
2025-02-14 22:50:00,1,51.101,-114.054,G14_09,staged
2025-02-14 22:50:00,2,50.993,-114.054,G08_09,staged
2025-02-14 22:50:00,3,51.17354,-114.09221,G18_08,on_scene
2025-02-14 22:50:00,4,51.13222,-113.95239,G16_13,on_scene
2025-02-14 22:50:00,5,51.119,-114.194,G15_04,staged
2025-02-14 22:50:00,6,50.903,-113.998,G03_11,staged
2025-02-14 22:50:00,7,50.993,-113.942,G08_13,staged
2025-02-14 22:50:00,8,51.011,-114.138,G09_06,staged
2025-02-14 22:50:00,9,50.921,-114.11,G04_07,staged
2025-02-14 22:50:00,10,51.04733,-114.07468,G11_08,responding
2025-02-14 22:55:00,1,51.101,-114.054,G14_09,staged
2025-02-14 22:55:00,2,50.993,-114.054,G08_09,staged
2025-02-14 22:55:00,3,51.17354,-114.09221,G18_08,on_scene
2025-02-14 22:55:00,4,51.13222,-113.95239,G16_13,on_scene
2025-02-14 22:55:00,5,51.119,-114.194,G15_04,staged
2025-02-14 22:55:00,6,50.903,-113.998,G03_11,staged
2025-02-14 22:55:00,7,50.993,-113.942,G08_13,staged
2025-02-14 22:55:00,8,51.011,-114.138,G09_06,staged
2025-02-14 22:55:00,9,50.921,-114.11,G04_07,staged
2025-02-14 22:55:00,10,51.049,-114.0381,G11_10,responding
2025-02-14 23:00:00,1,51.101,-114.054,G14_09,staged
2025-02-14 23:00:00,2,51.00833,-114.03768,G09_10,responding
2025-02-14 23:00:00,3,51.17354,-114.09221,G18_08,on_scene
2025-02-14 23:00:00,4,51.13222,-113.95239,G16_13,on_scene
2025-02-14 23:00:00,5,51.119,-114.194,G15_04,staged
2025-02-14 23:00:00,6,50.903,-113.998,G03_11,staged
2025-02-14 23:00:00,7,50.993,-113.942,G08_13,staged
2025-02-14 23:00:00,8,51.011,-114.138,G09_06,staged
2025-02-14 23:00:00,9,50.921,-114.11,G04_07,staged
2025-02-14 23:00:00,10,51.04987,-114.01901,G11_10,on_scene
2025-02-14 23:05:00,1,51.101,-114.054,G14_09,staged
2025-02-14 23:05:00,2,51.02749,-114.01728,G10_10,responding
2025-02-14 23:05:00,3,51.17354,-114.09221,G18_08,on_scene
2025-02-14 23:05:00,4,51.13222,-113.95239,G16_13,on_scene
2025-02-14 23:05:00,5,51.119,-114.194,G15_04,staged
2025-02-14 23:05:00,6,50.903,-113.998,G03_11,staged
2025-02-14 23:05:00,7,50.993,-113.942,G08_13,staged
2025-02-14 23:05:00,8,51.011,-114.138,G09_06,staged
2025-02-14 23:05:00,9,50.921,-114.11,G04_07,staged
2025-02-14 23:05:00,10,51.04987,-114.01901,G11_10,on_scene
2025-02-14 23:10:00,1,51.101,-114.054,G14_09,staged
2025-02-14 23:10:00,2,51.03794,-114.00615,G10_11,on_scene
2025-02-14 23:10:00,3,51.17354,-114.09221,G18_08,on_scene
2025-02-14 23:10:00,4,51.13222,-113.95239,G16_13,on_scene
2025-02-14 23:10:00,5,51.119,-114.194,G15_04,staged
2025-02-14 23:10:00,6,50.903,-113.998,G03_11,staged
2025-02-14 23:10:00,7,50.993,-113.942,G08_13,staged
2025-02-14 23:10:00,8,51.011,-114.138,G09_06,staged
2025-02-14 23:10:00,9,50.921,-114.11,G04_07,staged
2025-02-14 23:10:00,10,51.04987,-114.01901,G11_10,on_scene
2025-02-14 23:15:00,1,51.101,-114.054,G14_09,staged
2025-02-14 23:15:00,2,51.03794,-114.00615,G10_11,on_scene
2025-02-14 23:15:00,3,51.15652,-114.10854,G17_07,returning
2025-02-14 23:15:00,4,51.13222,-113.95239,G16_13,on_scene
2025-02-14 23:15:00,5,51.119,-114.194,G15_04,staged
2025-02-14 23:15:00,6,50.903,-113.998,G03_11,staged
2025-02-14 23:15:00,7,50.993,-113.942,G08_13,staged
2025-02-14 23:15:00,8,51.011,-114.138,G09_06,staged
2025-02-14 23:15:00,9,50.921,-114.11,G04_07,staged
2025-02-14 23:15:00,10,51.04987,-114.01901,G11_10,on_scene
2025-02-14 23:20:00,1,51.101,-114.054,G14_09,staged
2025-02-14 23:20:00,2,51.03794,-114.00615,G10_11,on_scene
2025-02-14 23:20:00,3,51.155,-114.11,G17_07,staged
2025-02-14 23:20:00,4,51.12662,-113.95385,G15_13,returning
2025-02-14 23:20:00,5,51.119,-114.194,G15_04,staged
2025-02-14 23:20:00,6,50.903,-113.998,G03_11,staged
2025-02-14 23:20:00,7,50.993,-113.942,G08_13,staged
2025-02-14 23:20:00,8,51.011,-114.138,G09_06,staged
2025-02-14 23:20:00,9,50.921,-114.11,G04_07,staged
2025-02-14 23:20:00,10,51.04987,-114.01901,G11_10,on_scene
2025-02-14 23:25:00,1,51.101,-114.054,G14_09,staged
2025-02-14 23:25:00,2,51.03794,-114.00615,G10_11,on_scene
2025-02-14 23:25:00,3,51.155,-114.11,G17_07,staged
2025-02-14 23:25:00,4,51.10387,-113.95982,G14_12,returning
2025-02-14 23:25:00,5,51.119,-114.194,G15_04,staged
2025-02-14 23:25:00,6,50.903,-113.998,G03_11,staged
2025-02-14 23:25:00,7,50.993,-113.942,G08_13,staged
2025-02-14 23:25:00,8,51.011,-114.138,G09_06,staged
2025-02-14 23:25:00,9,50.921,-114.11,G04_07,staged
2025-02-14 23:25:00,10,51.04987,-114.01901,G11_10,on_scene
2025-02-14 23:30:00,1,51.101,-114.054,G14_09,staged
2025-02-14 23:30:00,2,51.03794,-114.00615,G10_11,on_scene
2025-02-14 23:30:00,3,51.155,-114.11,G17_07,staged
2025-02-14 23:30:00,4,51.08111,-113.96578,G13_12,returning
2025-02-14 23:30:00,5,51.119,-114.194,G15_04,staged
2025-02-14 23:30:00,6,50.903,-113.998,G03_11,staged
2025-02-14 23:30:00,7,50.993,-113.942,G08_13,staged
2025-02-14 23:30:00,8,51.011,-114.138,G09_06,staged
2025-02-14 23:30:00,9,50.921,-114.11,G04_07,staged
2025-02-14 23:30:00,10,51.04907,-114.0365,G11_10,returning
2025-02-14 23:35:00,1,51.101,-114.054,G14_09,staged
2025-02-14 23:35:00,2,51.03794,-114.00615,G10_11,on_scene
2025-02-14 23:35:00,3,51.155,-114.11,G17_07,staged
2025-02-14 23:35:00,4,51.065,-113.97,G12_12,staged
2025-02-14 23:35:00,5,51.119,-114.194,G15_04,staged
2025-02-14 23:35:00,6,50.903,-113.998,G03_11,staged
2025-02-14 23:35:00,7,50.993,-113.942,G08_13,staged
2025-02-14 23:35:00,8,51.011,-114.138,G09_06,staged
2025-02-14 23:35:00,9,50.921,-114.11,G04_07,staged
2025-02-14 23:35:00,10,51.04741,-114.07308,G11_08,returning
2025-02-14 23:40:00,1,51.101,-114.054,G14_09,staged
2025-02-14 23:40:00,2,51.02925,-114.01541,G10_10,returning
2025-02-14 23:40:00,3,51.155,-114.11,G17_07,staged
2025-02-14 23:40:00,4,51.065,-113.97,G12_12,staged
2025-02-14 23:40:00,5,51.119,-114.194,G15_04,staged
2025-02-14 23:40:00,6,50.903,-113.998,G03_11,staged
2025-02-14 23:40:00,7,50.993,-113.942,G08_13,staged
2025-02-14 23:40:00,8,51.011,-114.138,G09_06,staged
2025-02-14 23:40:00,9,50.921,-114.11,G04_07,staged
2025-02-14 23:40:00,10,51.047,-114.082,G11_08,staged
2025-02-14 23:45:00,1,51.101,-114.054,G14_09,staged
2025-02-14 23:45:00,2,51.01009,-114.03581,G09_10,returning
2025-02-14 23:45:00,3,51.155,-114.11,G17_07,staged
2025-02-14 23:45:00,4,51.065,-113.97,G12_12,staged
2025-02-14 23:45:00,5,51.119,-114.194,G15_04,staged
2025-02-14 23:45:00,6,50.903,-113.998,G03_11,staged
2025-02-14 23:45:00,7,50.993,-113.942,G08_13,staged
2025-02-14 23:45:00,8,51.011,-114.138,G09_06,staged
2025-02-14 23:45:00,9,50.921,-114.11,G04_07,staged
2025-02-14 23:45:00,10,51.047,-114.082,G11_08,staged
2025-02-14 23:50:00,1,51.101,-114.054,G14_09,staged
2025-02-14 23:50:00,2,50.993,-114.054,G08_09,staged
2025-02-14 23:50:00,3,51.155,-114.11,G17_07,staged
2025-02-14 23:50:00,4,51.065,-113.97,G12_12,staged
2025-02-14 23:50:00,5,51.119,-114.194,G15_04,staged
2025-02-14 23:50:00,6,50.903,-113.998,G03_11,staged
2025-02-14 23:50:00,7,50.993,-113.942,G08_13,staged
2025-02-14 23:50:00,8,51.011,-114.138,G09_06,staged
2025-02-14 23:50:00,9,50.921,-114.11,G04_07,staged
2025-02-14 23:50:00,10,51.047,-114.082,G11_08,staged
2025-02-14 23:55:00,1,51.101,-114.054,G14_09,staged
2025-02-14 23:55:00,2,50.993,-114.054,G08_09,staged
2025-02-14 23:55:00,3,51.155,-114.11,G17_07,staged
2025-02-14 23:55:00,4,51.06474,-113.96267,G12_12,responding
2025-02-14 23:55:00,5,51.119,-114.194,G15_04,staged
2025-02-14 23:55:00,6,50.903,-113.998,G03_11,staged
2025-02-14 23:55:00,7,50.993,-113.942,G08_13,staged
2025-02-14 23:55:00,8,51.011,-114.138,G09_06,staged
2025-02-14 23:55:00,9,50.921,-114.11,G04_07,staged
2025-02-14 23:55:00,10,51.047,-114.082,G11_08,staged
